entradaOrigemId,arquivoId,aulaPropostaId,habilidadeId,tipoRelacao,decisaoProvisoria,justificativa,nivelInspecao,evidenciaId,pendenciaId
aula-mod-1-1,arq-1190,AULA_A_CURAR_EXPANSAO,hab-pendente-inspecao,fonte_candidata,revisao_apoio,"Recurso mapeado no acervo para curadoria nos lotes subsequentes à calibração",legenda_indexada,evid-aula-mod-1-1,"nenhuma"
aula-mod-1-2,arq-1206,aula-prop-004,hab-rit-001,conteudo_principal,fundir,"Unificação de conceitos de ritmo elementar e contagem quaternária em uma única aula prática.",legenda_indexada,evid-aula-mod-1-2,"nenhuma"
aula-mod-1-3,arq-1230,AULA_A_CURAR_EXPANSAO,hab-pendente-inspecao,fonte_candidata,manter_aula_individual,"Recurso mapeado no acervo para curadoria nos lotes subsequentes à calibração",legenda_indexada,evid-aula-mod-1-3,"nenhuma"
aula-mod-1-4,arq-1241,aula-prop-001,hab-tec-001,conteudo_principal,manter_aula_individual,"Fundamento ergonômico indispensável antes do contato instrumental com carga.",legenda_indexada,evid-aula-mod-1-4,"nenhuma"
aula-mod-1-5,arq-1252,aula-prop-003,hab-tec-002,conteudo_principal,manter_aula_individual,"Mecânica inicial de ataque nas cordas sem tensão nos dedos.",legenda_indexada,evid-aula-mod-1-5,"nenhuma"
aula-mod-1-6,arq-1262,AULA_A_CURAR_EXPANSAO,hab-pendente-inspecao,fonte_candidata,manter_aula_individual,"Recurso mapeado no acervo para curadoria nos lotes subsequentes à calibração",legenda_indexada,evid-aula-mod-1-6,"nenhuma"
aula-mod-1-7,arq-1271,aula-prop-002,hab-lei-001,conteudo_principal,manter_aula_individual,"Procedimento operacional essencial para qualquer estudo musical.",metadados_catalogo,evid-aula-mod-1-7,"nenhuma"
aula-mod-1-8,arq-1287,aula-prop-004,hab-rit-001,recurso_complementar,fundir,"Unificação de conceitos de ritmo elementar e contagem quaternária em uma única aula prática.",legenda_indexada,evid-aula-mod-1-8,"nenhuma"
aula-mod-1-9,arq-1307,AULA_A_CURAR_EXPANSAO,hab-pendente-inspecao,fonte_candidata,manter_aula_individual,"Recurso mapeado no acervo para curadoria nos lotes subsequentes à calibração",legenda_indexada,evid-aula-mod-1-9,"nenhuma"
aula-mod-1-10,arq-1324,aula-prop-005,hab-tec-003,conteudo_principal,fundir,"Integração do formato de A e D com o trabalho mecânico de fluência de transição.",metadados_catalogo,evid-aula-mod-1-10,"nenhuma"
aula-kaiser-64-1-como-estudar-no-kaiserplay,arq-0194,AULA_A_CURAR_EXPANSAO,hab-pendente-inspecao,fonte_candidata,revisao_apoio,"Recurso mapeado no acervo para curadoria nos lotes subsequentes à calibração",metadados_catalogo,evid-aula-kaiser-64-1-como-estudar-no-kaiserplay,"apenas_documentacao_sem_midia; sem_link_remoto"
aula-kaiser-65-2-como-cancelar-a-sua-assinatura-e-pedir,arq-0195,DESCARTE_ADMINISTRATIVO,NENHUMA,fora_do_curriculo,avaliar_descarte_administrativo,"Item administrativo ou quiz nativo sem conteúdo instrumental",metadados_catalogo,evid-aula-kaiser-65-2-como-cancelar-a-sua-assinatura-e-pedir,"apenas_documentacao_sem_midia; item_administrativo; sem_link_remoto"
aula-kaiser-316-1-1-vamos-sair-do-zero,arq-1145,AULA_A_CURAR_EXPANSAO,hab-pendente-inspecao,fonte_candidata,manter_aula_individual,"Recurso mapeado no acervo para curadoria nos lotes subsequentes à calibração",metadados_catalogo,evid-aula-kaiser-316-1-1-vamos-sair-do-zero,"nenhuma"
aula-kaiser-317-10-10-o-que-e-um-acorde-aprenda-a-primei,arq-1147,AULA_A_CURAR_EXPANSAO,hab-pendente-inspecao,fonte_candidata,manter_aula_individual,"Recurso mapeado no acervo para curadoria nos lotes subsequentes à calibração",metadados_catalogo,evid-aula-kaiser-317-10-10-o-que-e-um-acorde-aprenda-a-primei,"nenhuma"
aula-kaiser-318-11-11-como-ler-cifras-e-diagramas-aprend,arq-1152,AULA_A_CURAR_EXPANSAO,hab-pendente-inspecao,fonte_candidata,manter_aula_individual,"Recurso mapeado no acervo para curadoria nos lotes subsequentes à calibração",metadados_catalogo,evid-aula-kaiser-318-11-11-como-ler-cifras-e-diagramas-aprend,"nenhuma"
aula-kaiser-319-12-12-dicas-para-fazer-acorde-de-pestana,arq-1154,AULA_A_CURAR_EXPANSAO,hab-pendente-inspecao,fonte_candidata,manter_aula_individual,"Recurso mapeado no acervo para curadoria nos lotes subsequentes à calibração",metadados_catalogo,evid-aula-kaiser-319-12-12-dicas-para-fazer-acorde-de-pestana,"nenhuma"
aula-kaiser-320-13-13-como-fazer-batidas-com-a-mao-direi,arq-1156,AULA_A_CURAR_EXPANSAO,hab-pendente-inspecao,fonte_candidata,manter_aula_individual,"Recurso mapeado no acervo para curadoria nos lotes subsequentes à calibração",metadados_catalogo,evid-aula-kaiser-320-13-13-como-fazer-batidas-com-a-mao-direi,"nenhuma"
aula-kaiser-321-14-14-como-combinar-batidas-com-acordes,arq-1158,AULA_A_CURAR_EXPANSAO,hab-pendente-inspecao,fonte_candidata,manter_aula_individual,"Recurso mapeado no acervo para curadoria nos lotes subsequentes à calibração",metadados_catalogo,evid-aula-kaiser-321-14-14-como-combinar-batidas-com-acordes,"nenhuma"
aula-kaiser-322-15-15-como-fazer-dedilhados,arq-1162,AULA_A_CURAR_EXPANSAO,hab-pendente-inspecao,fonte_candidata,manter_aula_individual,"Recurso mapeado no acervo para curadoria nos lotes subsequentes à calibração",legenda_indexada,evid-aula-kaiser-322-15-15-como-fazer-dedilhados,"nenhuma"
aula-kaiser-323-16-16-qual-caminho-seguir-agora,arq-1164,AULA_A_CURAR_EXPANSAO,hab-pendente-inspecao,fonte_candidata,revisao_apoio,"Recurso mapeado no acervo para curadoria nos lotes subsequentes à calibração",metadados_catalogo,evid-aula-kaiser-323-16-16-qual-caminho-seguir-agora,"nenhuma"
aula-kaiser-324-2-2-o-violao-conhecendo-o-instrumento,arq-1166,AULA_A_CURAR_EXPANSAO,hab-pendente-inspecao,fonte_candidata,manter_aula_individual,"Recurso mapeado no acervo para curadoria nos lotes subsequentes à calibração",metadados_catalogo,evid-aula-kaiser-324-2-2-o-violao-conhecendo-o-instrumento,"nenhuma"
aula-kaiser-325-3-3-postura-como-segurar-o-violao-adequa,arq-1169,AULA_A_CURAR_EXPANSAO,hab-pendente-inspecao,fonte_candidata,manter_aula_individual,"Recurso mapeado no acervo para curadoria nos lotes subsequentes à calibração",legenda_indexada,evid-aula-kaiser-325-3-3-postura-como-segurar-o-violao-adequa,"nenhuma"
aula-kaiser-326-4-4-exercicios-fundamentais,arq-1171,AULA_A_CURAR_EXPANSAO,hab-pendente-inspecao,fonte_candidata,manter_aula_individual,"Recurso mapeado no acervo para curadoria nos lotes subsequentes à calibração",metadados_catalogo,evid-aula-kaiser-326-4-4-exercicios-fundamentais,"nenhuma"
aula-kaiser-327-5-5-teoria-musical-basica,arq-1173,AULA_A_CURAR_EXPANSAO,hab-pendente-inspecao,fonte_candidata,manter_aula_individual,"Recurso mapeado no acervo para curadoria nos lotes subsequentes à calibração",metadados_catalogo,evid-aula-kaiser-327-5-5-teoria-musical-basica,"nenhuma"
aula-kaiser-328-6-6-como-ler-tablatura,arq-1175,AULA_A_CURAR_EXPANSAO,hab-pendente-inspecao,fonte_candidata,manter_aula_individual,"Recurso mapeado no acervo para curadoria nos lotes subsequentes à calibração",metadados_catalogo,evid-aula-kaiser-328-6-6-como-ler-tablatura,"nenhuma"
aula-kaiser-329-7-7-aprenda-a-primeira-musica-brilha-bri,arq-1178,AULA_A_CURAR_EXPANSAO,hab-pendente-inspecao,fonte_candidata,manter_aula_individual,"Recurso mapeado no acervo para curadoria nos lotes subsequentes à calibração",metadados_catalogo,evid-aula-kaiser-329-7-7-aprenda-a-primeira-musica-brilha-bri,"nenhuma"
aula-kaiser-330-8-8-escravos-de-jo,arq-1181,AULA_A_CURAR_EXPANSAO,hab-pendente-inspecao,fonte_candidata,manter_aula_individual,"Recurso mapeado no acervo para curadoria nos lotes subsequentes à calibração",metadados_catalogo,evid-aula-kaiser-330-8-8-escravos-de-jo,"nenhuma"
aula-kaiser-331-9-9-parabens-pra-voce,arq-1184,AULA_A_CURAR_EXPANSAO,hab-pendente-inspecao,fonte_candidata,manter_aula_individual,"Recurso mapeado no acervo para curadoria nos lotes subsequentes à calibração",metadados_catalogo,evid-aula-kaiser-331-9-9-parabens-pra-voce,"nenhuma"
aula-mod-1-11,arq-1331,aula-prop-005,hab-tec-003,recurso_complementar,fundir,"Integração do formato de A e D com o trabalho mecânico de fluência de transição.",metadados_catalogo,evid-aula-mod-1-11,"nenhuma"
aula-mod-1-12,arq-1341,AULA_A_CURAR_EXPANSAO,hab-pendente-inspecao,fonte_candidata,manter_aula_individual,"Recurso mapeado no acervo para curadoria nos lotes subsequentes à calibração",metadados_catalogo,evid-aula-mod-1-12,"nenhuma"
aula-mod-1-13,arq-1346,aula-prop-006,hab-tec-003,conteudo_principal,fundir,"Correção postural para toque limpo próximo ao traste acoplada aos formatos E e Em.",metadados_catalogo,evid-aula-mod-1-13,"nenhuma"
aula-mod-1-14,arq-1350,aula-prop-006,hab-tec-003,recurso_complementar,fundir,"Correção postural para toque limpo próximo ao traste acoplada aos formatos E e Em.",metadados_catalogo,evid-aula-mod-1-14,"nenhuma"
aula-mod-1-15,arq-1359,aula-prop-009,hab-ouv-002,conteudo_principal,fundir,"Aula de calibração auditiva com explicação conceitual e prática de ditado.",legenda_indexada,evid-aula-mod-1-15,"nenhuma"
aula-mod-1-16,arq-1374,aula-prop-009,hab-ouv-002,recurso_complementar,fundir,"Aula de calibração auditiva com explicação conceitual e prática de ditado.",metadados_catalogo,evid-aula-mod-1-16,"nenhuma"
aula-mod-1-17,arq-1380,aula-prop-007,hab-rit-003,conteudo_principal,manter_aula_individual,"Aula de calibração didática do domínio rítmico fundamental.",legenda_indexada,evid-aula-mod-1-17,"nenhuma"
aula-mod-1-18,arq-1393,AULA_A_CURAR_EXPANSAO,hab-pendente-inspecao,fonte_candidata,manter_aula_individual,"Recurso mapeado no acervo para curadoria nos lotes subsequentes à calibração",legenda_indexada,evid-aula-mod-1-18,"nenhuma"
aula-mod-1-19,arq-1400,aula-prop-008,hab-aco-001,conteudo_principal,fundir,"Aplicação direta da balada básica na progressão harmônica clássica.",legenda_indexada,evid-aula-mod-1-19,"nenhuma"
aula-mod-2-38,arq-1692,DESCARTE_ADMINISTRATIVO,NENHUMA,fora_do_curriculo,avaliar_descarte_administrativo,"Item administrativo ou quiz nativo sem conteúdo instrumental",metadados_catalogo,evid-aula-mod-2-38,"quiz_plataforma"
aula-mod-2-1,,AGUARDANDO_MATERIAL,NENHUMA,fonte_pendente,aguardar_material,"Entrada sem arquivos no backup local",nao_inspecionado,evid-aula-mod-2-1,"sem_arquivos_locais"
aula-mod-2-2,arq-1565,AULA_A_CURAR_EXPANSAO,hab-pendente-inspecao,fonte_candidata,manter_aula_individual,"Recurso mapeado no acervo para curadoria nos lotes subsequentes à calibração",legenda_indexada,evid-aula-mod-2-2,"nenhuma"
aula-mod-2-3,arq-1571,AULA_A_CURAR_EXPANSAO,hab-pendente-inspecao,fonte_candidata,manter_aula_individual,"Recurso mapeado no acervo para curadoria nos lotes subsequentes à calibração",legenda_indexada,evid-aula-mod-2-3,"nenhuma"
aula-mod-2-4,arq-1579,AULA_A_CURAR_EXPANSAO,hab-pendente-inspecao,fonte_candidata,integrar_aula,"Recurso mapeado no acervo para curadoria nos lotes subsequentes à calibração",legenda_indexada,evid-aula-mod-2-4,"nenhuma"
aula-mod-2-5,arq-1582,AULA_A_CURAR_EXPANSAO,hab-pendente-inspecao,fonte_candidata,integrar_aula,"Recurso mapeado no acervo para curadoria nos lotes subsequentes à calibração",legenda_indexada,evid-aula-mod-2-5,"nenhuma"
aula-mod-2-6,arq-1585,AULA_A_CURAR_EXPANSAO,hab-pendente-inspecao,fonte_candidata,integrar_aula,"Recurso mapeado no acervo para curadoria nos lotes subsequentes à calibração",legenda_indexada,evid-aula-mod-2-6,"nenhuma"
aula-mod-2-7,arq-1589,AULA_A_CURAR_EXPANSAO,hab-pendente-inspecao,fonte_candidata,integrar_aula,"Recurso mapeado no acervo para curadoria nos lotes subsequentes à calibração",legenda_indexada,evid-aula-mod-2-7,"nenhuma"
aula-mod-2-8,arq-1594,AULA_A_CURAR_EXPANSAO,hab-pendente-inspecao,fonte_candidata,manter_aula_individual,"Recurso mapeado no acervo para curadoria nos lotes subsequentes à calibração",legenda_indexada,evid-aula-mod-2-8,"nenhuma"
aula-mod-2-9,arq-1596,AULA_A_CURAR_EXPANSAO,hab-pendente-inspecao,fonte_candidata,manter_aula_individual,"Recurso mapeado no acervo para curadoria nos lotes subsequentes à calibração",legenda_indexada,evid-aula-mod-2-9,"nenhuma"
aula-mod-2-10,arq-1600,AULA_A_CURAR_EXPANSAO,hab-pendente-inspecao,fonte_candidata,manter_aula_individual,"Recurso mapeado no acervo para curadoria nos lotes subsequentes à calibração",legenda_indexada,evid-aula-mod-2-10,"nenhuma"
aula-mod-2-11,arq-1603,AULA_A_CURAR_EXPANSAO,hab-pendente-inspecao,fonte_candidata,manter_aula_individual,"Recurso mapeado no acervo para curadoria nos lotes subsequentes à calibração",metadados_catalogo,evid-aula-mod-2-11,"nenhuma"
aula-mod-2-12,arq-1605,AULA_A_CURAR_EXPANSAO,hab-pendente-inspecao,fonte_candidata,manter_aula_individual,"Recurso mapeado no acervo para curadoria nos lotes subsequentes à calibração",legenda_indexada,evid-aula-mod-2-12,"nenhuma"
aula-mod-3-4,arq-1698,AULA_A_CURAR_EXPANSAO,hab-pendente-inspecao,fonte_candidata,manter_aula_individual,"Recurso mapeado no acervo para curadoria nos lotes subsequentes à calibração",legenda_indexada,evid-aula-mod-3-4,"nenhuma"
aula-kaiser-117-1-principios-fundamentais-pra-evoluir,arq-0377,AULA_A_CURAR_EXPANSAO,hab-pendente-inspecao,fonte_candidata,manter_aula_individual,"Recurso mapeado no acervo para curadoria nos lotes subsequentes à calibração",legenda_indexada,evid-aula-kaiser-117-1-principios-fundamentais-pra-evoluir,"nenhuma"
aula-kaiser-118-2-exercicios-de-mao-esquerda,arq-0381,AULA_A_CURAR_EXPANSAO,hab-pendente-inspecao,fonte_candidata,manter_aula_individual,"Recurso mapeado no acervo para curadoria nos lotes subsequentes à calibração",legenda_indexada,evid-aula-kaiser-118-2-exercicios-de-mao-esquerda,"nenhuma"
aula-kaiser-119-3-exercicios-de-mao-direita,arq-0386,AULA_A_CURAR_EXPANSAO,hab-pendente-inspecao,fonte_candidata,manter_aula_individual,"Recurso mapeado no acervo para curadoria nos lotes subsequentes à calibração",legenda_indexada,evid-aula-kaiser-119-3-exercicios-de-mao-direita,"nenhuma"
aula-kaiser-120-4-exercicios-de-ligados,arq-0389,AULA_A_CURAR_EXPANSAO,hab-pendente-inspecao,fonte_candidata,manter_aula_individual,"Recurso mapeado no acervo para curadoria nos lotes subsequentes à calibração",legenda_indexada,evid-aula-kaiser-120-4-exercicios-de-ligados,"nenhuma"
aula-kaiser-121-5-como-estudar-melhor-o-video-definitivo,arq-0393,AULA_A_CURAR_EXPANSAO,hab-pendente-inspecao,fonte_candidata,revisao_apoio,"Recurso mapeado no acervo para curadoria nos lotes subsequentes à calibração",legenda_indexada,evid-aula-kaiser-121-5-como-estudar-melhor-o-video-definitivo,"nenhuma"
aula-mod-1-43,arq-1550,AULA_A_CURAR_EXPANSAO,hab-pendente-inspecao,fonte_candidata,integrar_aula,"Recurso mapeado no acervo para curadoria nos lotes subsequentes à calibração",legenda_indexada,evid-aula-mod-1-43,"nenhuma"
aula-mod-2-18,arq-1627,AULA_A_CURAR_EXPANSAO,hab-pendente-inspecao,fonte_candidata,integrar_aula,"Recurso mapeado no acervo para curadoria nos lotes subsequentes à calibração",legenda_indexada,evid-aula-mod-2-18,"nenhuma"
aula-mod-2-32,arq-1673,AULA_A_CURAR_EXPANSAO,hab-pendente-inspecao,fonte_candidata,integrar_aula,"Recurso mapeado no acervo para curadoria nos lotes subsequentes à calibração",legenda_indexada,evid-aula-mod-2-32,"nenhuma"
aula-mod-2-33,arq-1675,AULA_A_CURAR_EXPANSAO,hab-pendente-inspecao,fonte_candidata,integrar_aula,"Recurso mapeado no acervo para curadoria nos lotes subsequentes à calibração",legenda_indexada,evid-aula-mod-2-33,"nenhuma"
aula-mod-2-34,arq-1680,AULA_A_CURAR_EXPANSAO,hab-pendente-inspecao,fonte_candidata,integrar_aula,"Recurso mapeado no acervo para curadoria nos lotes subsequentes à calibração",legenda_indexada,evid-aula-mod-2-34,"nenhuma"
aula-mod-2-36,arq-1687,AULA_A_CURAR_EXPANSAO,hab-pendente-inspecao,fonte_candidata,integrar_aula,"Recurso mapeado no acervo para curadoria nos lotes subsequentes à calibração",legenda_indexada,evid-aula-mod-2-36,"nenhuma"
aula-mod-4-14,,AGUARDANDO_MATERIAL,NENHUMA,fonte_pendente,aguardar_material,"Entrada sem arquivos no backup local",nao_inspecionado,evid-aula-mod-4-14,"sem_arquivos_locais; sem_link_remoto"
aula-mod-4-23,arq-1857,AULA_A_CURAR_EXPANSAO,hab-pendente-inspecao,fonte_candidata,manter_aula_individual,"Recurso mapeado no acervo para curadoria nos lotes subsequentes à calibração",legenda_indexada,evid-aula-mod-4-23,"nenhuma"
aula-mod-4-35,,AGUARDANDO_MATERIAL,NENHUMA,fonte_pendente,aguardar_material,"Entrada sem arquivos no backup local",nao_inspecionado,evid-aula-mod-4-35,"sem_arquivos_locais; sem_link_remoto"
aula-mod-4-36,,AGUARDANDO_MATERIAL,NENHUMA,fonte_pendente,aguardar_material,"Entrada sem arquivos no backup local",nao_inspecionado,evid-aula-mod-4-36,"sem_arquivos_locais; sem_link_remoto"
aula-mod-4-37,,AGUARDANDO_MATERIAL,NENHUMA,fonte_pendente,aguardar_material,"Entrada sem arquivos no backup local",nao_inspecionado,evid-aula-mod-4-37,"sem_arquivos_locais; sem_link_remoto"
aula-mod-5-14,arq-1874,AULA_A_CURAR_EXPANSAO,hab-pendente-inspecao,fonte_candidata,manter_aula_individual,"Recurso mapeado no acervo para curadoria nos lotes subsequentes à calibração",metadados_catalogo,evid-aula-mod-5-14,"nenhuma"
aula-mod-5-20,arq-1887,AULA_A_CURAR_EXPANSAO,hab-pendente-inspecao,fonte_candidata,manter_aula_individual,"Recurso mapeado no acervo para curadoria nos lotes subsequentes à calibração",legenda_indexada,evid-aula-mod-5-20,"nenhuma"
aula-mod-5-21,,AGUARDANDO_MATERIAL,NENHUMA,fonte_pendente,aguardar_material,"Entrada sem arquivos no backup local",nao_inspecionado,evid-aula-mod-5-21,"sem_arquivos_locais; sem_link_remoto"
aula-mod-5-25,arq-1892,AULA_A_CURAR_EXPANSAO,hab-pendente-inspecao,fonte_candidata,manter_aula_individual,"Recurso mapeado no acervo para curadoria nos lotes subsequentes à calibração",legenda_indexada,evid-aula-mod-5-25,"nenhuma"
aula-mod-5-29,,AGUARDANDO_MATERIAL,NENHUMA,fonte_pendente,aguardar_material,"Entrada sem arquivos no backup local",nao_inspecionado,evid-aula-mod-5-29,"sem_arquivos_locais; sem_link_remoto"
aula-mod-6-5,,AGUARDANDO_MATERIAL,NENHUMA,fonte_pendente,aguardar_material,"Entrada sem arquivos no backup local",nao_inspecionado,evid-aula-mod-6-5,"sem_arquivos_locais; sem_link_remoto"
aula-mod-6-14,,AGUARDANDO_MATERIAL,NENHUMA,fonte_pendente,aguardar_material,"Entrada sem arquivos no backup local",nao_inspecionado,evid-aula-mod-6-14,"sem_arquivos_locais; sem_link_remoto"
aula-mod-6-19,,AGUARDANDO_MATERIAL,NENHUMA,fonte_pendente,aguardar_material,"Entrada sem arquivos no backup local",nao_inspecionado,evid-aula-mod-6-19,"sem_arquivos_locais; sem_link_remoto"
aula-mod-6-24,,AGUARDANDO_MATERIAL,NENHUMA,fonte_pendente,aguardar_material,"Entrada sem arquivos no backup local",nao_inspecionado,evid-aula-mod-6-24,"sem_arquivos_locais; sem_link_remoto"
aula-mod-7-7,arq-1921,AULA_A_CURAR_EXPANSAO,hab-pendente-inspecao,fonte_candidata,manter_aula_individual,"Recurso mapeado no acervo para curadoria nos lotes subsequentes à calibração",legenda_indexada,evid-aula-mod-7-7,"nenhuma"
aula-mod-7-9,arq-1926,AULA_A_CURAR_EXPANSAO,hab-pendente-inspecao,fonte_candidata,manter_aula_individual,"Recurso mapeado no acervo para curadoria nos lotes subsequentes à calibração",legenda_indexada,evid-aula-mod-7-9,"nenhuma"
aula-mod-7-12,,AGUARDANDO_MATERIAL,NENHUMA,fonte_pendente,aguardar_material,"Entrada sem arquivos no backup local",nao_inspecionado,evid-aula-mod-7-12,"sem_arquivos_locais; sem_link_remoto"
aula-mod-7-17,,AGUARDANDO_MATERIAL,NENHUMA,fonte_pendente,aguardar_material,"Entrada sem arquivos no backup local",nao_inspecionado,evid-aula-mod-7-17,"sem_arquivos_locais; sem_link_remoto"
aula-mod-8-1,arq-1980,AULA_A_CURAR_EXPANSAO,hab-pendente-inspecao,fonte_candidata,integrar_aula,"Recurso mapeado no acervo para curadoria nos lotes subsequentes à calibração",legenda_indexada,evid-aula-mod-8-1,"nenhuma"
aula-mod-8-13,arq-1996,AULA_A_CURAR_EXPANSAO,hab-pendente-inspecao,fonte_candidata,revisao_apoio,"Recurso mapeado no acervo para curadoria nos lotes subsequentes à calibração",legenda_indexada,evid-aula-mod-8-13,"nenhuma"
aula-mod-8-16,arq-2002,AULA_A_CURAR_EXPANSAO,hab-pendente-inspecao,fonte_candidata,manter_aula_individual,"Recurso mapeado no acervo para curadoria nos lotes subsequentes à calibração",legenda_indexada,evid-aula-mod-8-16,"nenhuma"
aula-mod-8-18,arq-2007,AULA_A_CURAR_EXPANSAO,hab-pendente-inspecao,fonte_candidata,manter_aula_individual,"Recurso mapeado no acervo para curadoria nos lotes subsequentes à calibração",legenda_indexada,evid-aula-mod-8-18,"nenhuma"
aula-mod-9-14,,AGUARDANDO_MATERIAL,NENHUMA,fonte_pendente,aguardar_material,"Entrada sem arquivos no backup local",nao_inspecionado,evid-aula-mod-9-14,"sem_arquivos_locais; sem_link_remoto"
aula-mod-9-16,arq-2060,AULA_A_CURAR_EXPANSAO,hab-pendente-inspecao,fonte_candidata,manter_aula_individual,"Recurso mapeado no acervo para curadoria nos lotes subsequentes à calibração",legenda_indexada,evid-aula-mod-9-16,"nenhuma"
aula-mod-9-17,arq-2062,AULA_A_CURAR_EXPANSAO,hab-pendente-inspecao,fonte_candidata,manter_aula_individual,"Recurso mapeado no acervo para curadoria nos lotes subsequentes à calibração",legenda_indexada,evid-aula-mod-9-17,"nenhuma"
aula-mod-9-18,,AGUARDANDO_MATERIAL,NENHUMA,fonte_pendente,aguardar_material,"Entrada sem arquivos no backup local",nao_inspecionado,evid-aula-mod-9-18,"sem_arquivos_locais; sem_link_remoto"
aula-kaiser-66-1-introducao-tirar-musicas-de-ouvido,arq-0197,AULA_A_CURAR_EXPANSAO,hab-pendente-inspecao,fonte_candidata,revisao_apoio,"Recurso mapeado no acervo para curadoria nos lotes subsequentes à calibração",metadados_catalogo,evid-aula-kaiser-66-1-introducao-tirar-musicas-de-ouvido,"nenhuma"
aula-kaiser-67-2-exercicios-de-percepcao-de-uma-nota,arq-0199,AULA_A_CURAR_EXPANSAO,hab-pendente-inspecao,fonte_candidata,manter_aula_individual,"Recurso mapeado no acervo para curadoria nos lotes subsequentes à calibração",metadados_catalogo,evid-aula-kaiser-67-2-exercicios-de-percepcao-de-uma-nota,"nenhuma"
aula-kaiser-68-3-exercicios-de-percepcao-de-duas-notas,arq-0201,AULA_A_CURAR_EXPANSAO,hab-pendente-inspecao,fonte_candidata,manter_aula_individual,"Recurso mapeado no acervo para curadoria nos lotes subsequentes à calibração",metadados_catalogo,evid-aula-kaiser-68-3-exercicios-de-percepcao-de-duas-notas,"nenhuma"
aula-kaiser-69-4-exercicios-de-percepcao-de-acordes,arq-0203,AULA_A_CURAR_EXPANSAO,hab-pendente-inspecao,fonte_candidata,manter_aula_individual,"Recurso mapeado no acervo para curadoria nos lotes subsequentes à calibração",metadados_catalogo,evid-aula-kaiser-69-4-exercicios-de-percepcao-de-acordes,"nenhuma"
aula-kaiser-70-5-exemplo-aprendendo-de-ouvido-uma-canca,arq-0207,AULA_A_CURAR_EXPANSAO,hab-pendente-inspecao,fonte_candidata,manter_aula_individual,"Recurso mapeado no acervo para curadoria nos lotes subsequentes à calibração",legenda_indexada,evid-aula-kaiser-70-5-exemplo-aprendendo-de-ouvido-uma-canca,"nenhuma"
aula-kaiser-71-6-exemplo-2-aprendendo-de-ouvido-uma-pec,arq-0210,AULA_A_CURAR_EXPANSAO,hab-pendente-inspecao,fonte_candidata,manter_aula_individual,"Recurso mapeado no acervo para curadoria nos lotes subsequentes à calibração",metadados_catalogo,evid-aula-kaiser-71-6-exemplo-2-aprendendo-de-ouvido-uma-pec,"nenhuma"
aula-kaiser-72-7-programas-que-podem-ajudar,arq-0212,AULA_A_CURAR_EXPANSAO,hab-pendente-inspecao,fonte_candidata,manter_aula_individual,"Recurso mapeado no acervo para curadoria nos lotes subsequentes à calibração",metadados_catalogo,evid-aula-kaiser-72-7-programas-que-podem-ajudar,"nenhuma"
aula-mod-1-20,arq-1407,aula-prop-008,hab-aco-001,recurso_complementar,fundir,"Aplicação direta da balada básica na progressão harmônica clássica.",legenda_indexada,evid-aula-mod-1-20,"nenhuma"
aula-mod-1-21,arq-1419,AULA_A_CURAR_EXPANSAO,hab-pendente-inspecao,fonte_candidata,integrar_aula,"Recurso mapeado no acervo para curadoria nos lotes subsequentes à calibração",legenda_indexada,evid-aula-mod-1-21,"nenhuma"
aula-mod-1-22,arq-1434,AULA_A_CURAR_EXPANSAO,hab-pendente-inspecao,fonte_candidata,manter_aula_individual,"Recurso mapeado no acervo para curadoria nos lotes subsequentes à calibração",legenda_indexada,evid-aula-mod-1-22,"nenhuma"
aula-mod-1-23,arq-1441,AULA_A_CURAR_EXPANSAO,hab-pendente-inspecao,fonte_candidata,manter_aula_individual,"Recurso mapeado no acervo para curadoria nos lotes subsequentes à calibração",legenda_indexada,evid-aula-mod-1-23,"nenhuma"
aula-mod-1-24,arq-1449,AULA_A_CURAR_EXPANSAO,hab-pendente-inspecao,fonte_candidata,manter_aula_individual,"Recurso mapeado no acervo para curadoria nos lotes subsequentes à calibração",metadados_catalogo,evid-aula-mod-1-24,"nenhuma"
aula-mod-1-25,arq-1457,AULA_A_CURAR_EXPANSAO,hab-pendente-inspecao,fonte_candidata,manter_aula_individual,"Recurso mapeado no acervo para curadoria nos lotes subsequentes à calibração",legenda_indexada,evid-aula-mod-1-25,"nenhuma"
aula-mod-1-26,arq-1465,aula-prop-010,hab-lei-002,recurso_complementar,manter_aula_individual,"Aula de calibração de leitura utilizando as 7 partituras PDF validadas.",legenda_indexada,evid-aula-mod-1-26,"nenhuma"
aula-mod-1-27,arq-1484,AULA_A_CURAR_EXPANSAO,hab-pendente-inspecao,fonte_candidata,manter_aula_individual,"Recurso mapeado no acervo para curadoria nos lotes subsequentes à calibração",legenda_indexada,evid-aula-mod-1-27,"nenhuma"
aula-mod-1-28,arq-1496,AULA_A_CURAR_EXPANSAO,hab-pendente-inspecao,fonte_candidata,manter_aula_individual,"Recurso mapeado no acervo para curadoria nos lotes subsequentes à calibração",legenda_indexada,evid-aula-mod-1-28,"nenhuma"
aula-mod-1-29,arq-1498,AULA_A_CURAR_EXPANSAO,hab-pendente-inspecao,fonte_candidata,integrar_aula,"Recurso mapeado no acervo para curadoria nos lotes subsequentes à calibração",legenda_indexada,evid-aula-mod-1-29,"nenhuma"
aula-mod-1-30,arq-1502,AULA_A_CURAR_EXPANSAO,hab-pendente-inspecao,fonte_candidata,integrar_aula,"Recurso mapeado no acervo para curadoria nos lotes subsequentes à calibração",legenda_indexada,evid-aula-mod-1-30,"nenhuma"
aula-mod-1-31,arq-1504,AULA_A_CURAR_EXPANSAO,hab-pendente-inspecao,fonte_candidata,manter_aula_individual,"Recurso mapeado no acervo para curadoria nos lotes subsequentes à calibração",legenda_indexada,evid-aula-mod-1-31,"nenhuma"
aula-mod-2-13,arq-1607,AULA_A_CURAR_EXPANSAO,hab-pendente-inspecao,fonte_candidata,manter_aula_individual,"Recurso mapeado no acervo para curadoria nos lotes subsequentes à calibração",legenda_indexada,evid-aula-mod-2-13,"nenhuma"
aula-mod-2-14,arq-1609,AULA_A_CURAR_EXPANSAO,hab-pendente-inspecao,fonte_candidata,manter_aula_individual,"Recurso mapeado no acervo para curadoria nos lotes subsequentes à calibração",legenda_indexada,evid-aula-mod-2-14,"nenhuma"
aula-mod-2-15,arq-1616,AULA_A_CURAR_EXPANSAO,hab-pendente-inspecao,fonte_candidata,manter_aula_individual,"Recurso mapeado no acervo para curadoria nos lotes subsequentes à calibração",legenda_indexada,evid-aula-mod-2-15,"nenhuma"
aula-mod-2-16,arq-1618,AULA_A_CURAR_EXPANSAO,hab-pendente-inspecao,fonte_candidata,manter_aula_individual,"Recurso mapeado no acervo para curadoria nos lotes subsequentes à calibração",legenda_indexada,evid-aula-mod-2-16,"nenhuma"
aula-mod-2-17,arq-1623,AULA_A_CURAR_EXPANSAO,hab-pendente-inspecao,fonte_candidata,integrar_aula,"Recurso mapeado no acervo para curadoria nos lotes subsequentes à calibração",legenda_indexada,evid-aula-mod-2-17,"nenhuma"
aula-mod-2-19,arq-1629,AULA_A_CURAR_EXPANSAO,hab-pendente-inspecao,fonte_candidata,manter_aula_individual,"Recurso mapeado no acervo para curadoria nos lotes subsequentes à calibração",legenda_indexada,evid-aula-mod-2-19,"nenhuma"
aula-mod-2-20,arq-1633,AULA_A_CURAR_EXPANSAO,hab-pendente-inspecao,fonte_candidata,manter_aula_individual,"Recurso mapeado no acervo para curadoria nos lotes subsequentes à calibração",legenda_indexada,evid-aula-mod-2-20,"nenhuma"
aula-mod-2-21,arq-1638,AULA_A_CURAR_EXPANSAO,hab-pendente-inspecao,fonte_candidata,manter_aula_individual,"Recurso mapeado no acervo para curadoria nos lotes subsequentes à calibração",metadados_catalogo,evid-aula-mod-2-21,"nenhuma"
aula-mod-2-22,arq-1640,AULA_A_CURAR_EXPANSAO,hab-pendente-inspecao,fonte_candidata,integrar_aula,"Recurso mapeado no acervo para curadoria nos lotes subsequentes à calibração",legenda_indexada,evid-aula-mod-2-22,"nenhuma"
aula-mod-2-23,arq-1643,AULA_A_CURAR_EXPANSAO,hab-pendente-inspecao,fonte_candidata,manter_aula_individual,"Recurso mapeado no acervo para curadoria nos lotes subsequentes à calibração",legenda_indexada,evid-aula-mod-2-23,"nenhuma"
aula-mod-2-24,arq-1648,AULA_A_CURAR_EXPANSAO,hab-pendente-inspecao,fonte_candidata,manter_aula_individual,"Recurso mapeado no acervo para curadoria nos lotes subsequentes à calibração",legenda_indexada,evid-aula-mod-2-24,"nenhuma"
aula-mod-2-25,arq-1650,AULA_A_CURAR_EXPANSAO,hab-pendente-inspecao,fonte_candidata,integrar_aula,"Recurso mapeado no acervo para curadoria nos lotes subsequentes à calibração",legenda_indexada,evid-aula-mod-2-25,"nenhuma"
aula-mod-3-10,arq-1718,AULA_A_CURAR_EXPANSAO,hab-pendente-inspecao,fonte_candidata,manter_aula_individual,"Recurso mapeado no acervo para curadoria nos lotes subsequentes à calibração",legenda_indexada,evid-aula-mod-3-10,"nenhuma"
aula-mod-3-11,arq-1724,AULA_A_CURAR_EXPANSAO,hab-pendente-inspecao,fonte_candidata,manter_aula_individual,"Recurso mapeado no acervo para curadoria nos lotes subsequentes à calibração",metadados_catalogo,evid-aula-mod-3-11,"nenhuma"
aula-mod-3-12,arq-1727,AULA_A_CURAR_EXPANSAO,hab-pendente-inspecao,fonte_candidata,manter_aula_individual,"Recurso mapeado no acervo para curadoria nos lotes subsequentes à calibração",metadados_catalogo,evid-aula-mod-3-12,"nenhuma"
aula-mod-3-13,arq-1730,AULA_A_CURAR_EXPANSAO,hab-pendente-inspecao,fonte_candidata,manter_aula_individual,"Recurso mapeado no acervo para curadoria nos lotes subsequentes à calibração",legenda_indexada,evid-aula-mod-3-13,"nenhuma"
aula-mod-3-14,arq-1732,AULA_A_CURAR_EXPANSAO,hab-pendente-inspecao,fonte_candidata,manter_aula_individual,"Recurso mapeado no acervo para curadoria nos lotes subsequentes à calibração",legenda_indexada,evid-aula-mod-3-14,"nenhuma"
aula-mod-3-15,arq-1734,AULA_A_CURAR_EXPANSAO,hab-pendente-inspecao,fonte_candidata,manter_aula_individual,"Recurso mapeado no acervo para curadoria nos lotes subsequentes à calibração",legenda_indexada,evid-aula-mod-3-15,"nenhuma"
aula-mod-3-16,arq-1736,AULA_A_CURAR_EXPANSAO,hab-pendente-inspecao,fonte_candidata,manter_aula_individual,"Recurso mapeado no acervo para curadoria nos lotes subsequentes à calibração",legenda_indexada,evid-aula-mod-3-16,"nenhuma"
aula-mod-3-17,arq-1737,AULA_A_CURAR_EXPANSAO,hab-pendente-inspecao,fonte_candidata,manter_aula_individual,"Recurso mapeado no acervo para curadoria nos lotes subsequentes à calibração",metadados_catalogo,evid-aula-mod-3-17,"nenhuma"
aula-mod-3-18,arq-1739,AULA_A_CURAR_EXPANSAO,hab-pendente-inspecao,fonte_candidata,manter_aula_individual,"Recurso mapeado no acervo para curadoria nos lotes subsequentes à calibração",legenda_indexada,evid-aula-mod-3-18,"nenhuma"
aula-mod-3-19,arq-1744,AULA_A_CURAR_EXPANSAO,hab-pendente-inspecao,fonte_candidata,manter_aula_individual,"Recurso mapeado no acervo para curadoria nos lotes subsequentes à calibração",legenda_indexada,evid-aula-mod-3-19,"nenhuma"
aula-mod-3-20,arq-1750,AULA_A_CURAR_EXPANSAO,hab-pendente-inspecao,fonte_candidata,manter_aula_individual,"Recurso mapeado no acervo para curadoria nos lotes subsequentes à calibração",metadados_catalogo,evid-aula-mod-3-20,"nenhuma"
aula-mod-3-21,arq-1752,AULA_A_CURAR_EXPANSAO,hab-pendente-inspecao,fonte_candidata,manter_aula_individual,"Recurso mapeado no acervo para curadoria nos lotes subsequentes à calibração",legenda_indexada,evid-aula-mod-3-21,"nenhuma"
aula-mod-3-22,arq-1760,AULA_A_CURAR_EXPANSAO,hab-pendente-inspecao,fonte_candidata,manter_aula_individual,"Recurso mapeado no acervo para curadoria nos lotes subsequentes à calibração",legenda_indexada,evid-aula-mod-3-22,"nenhuma"
aula-mod-4-13,,DESCARTE_ADMINISTRATIVO,NENHUMA,fora_do_curriculo,avaliar_descarte_administrativo,"Item administrativo ou quiz nativo sem conteúdo instrumental",nao_inspecionado,evid-aula-mod-4-13,"sem_arquivos_locais; quiz_plataforma; sem_link_remoto"
aula-mod-4-15,,DESCARTE_ADMINISTRATIVO,NENHUMA,fora_do_curriculo,avaliar_descarte_administrativo,"Item administrativo ou quiz nativo sem conteúdo instrumental",nao_inspecionado,evid-aula-mod-4-15,"sem_arquivos_locais; item_administrativo; sem_link_remoto"
aula-mod-4-1,,AGUARDANDO_MATERIAL,NENHUMA,fonte_pendente,aguardar_material,"Entrada sem arquivos no backup local",nao_inspecionado,evid-aula-mod-4-1,"sem_arquivos_locais"
aula-mod-4-16,,AGUARDANDO_MATERIAL,NENHUMA,fonte_pendente,aguardar_material,"Entrada sem arquivos no backup local",nao_inspecionado,evid-aula-mod-4-16,"sem_arquivos_locais; sem_link_remoto"
aula-mod-4-17,,AGUARDANDO_MATERIAL,NENHUMA,fonte_pendente,aguardar_material,"Entrada sem arquivos no backup local",nao_inspecionado,evid-aula-mod-4-17,"sem_arquivos_locais; sem_link_remoto"
aula-mod-4-18,,AGUARDANDO_MATERIAL,NENHUMA,fonte_pendente,aguardar_material,"Entrada sem arquivos no backup local",nao_inspecionado,evid-aula-mod-4-18,"sem_arquivos_locais; sem_link_remoto"
aula-mod-4-19,,AGUARDANDO_MATERIAL,NENHUMA,fonte_pendente,aguardar_material,"Entrada sem arquivos no backup local",nao_inspecionado,evid-aula-mod-4-19,"sem_arquivos_locais; sem_link_remoto"
aula-mod-4-2,,AGUARDANDO_MATERIAL,NENHUMA,fonte_pendente,aguardar_material,"Entrada sem arquivos no backup local",nao_inspecionado,evid-aula-mod-4-2,"sem_arquivos_locais"
aula-mod-4-3,,AGUARDANDO_MATERIAL,NENHUMA,fonte_pendente,aguardar_material,"Entrada sem arquivos no backup local",nao_inspecionado,evid-aula-mod-4-3,"sem_arquivos_locais"
aula-mod-4-20,arq-1848,AULA_A_CURAR_EXPANSAO,hab-pendente-inspecao,fonte_candidata,manter_aula_individual,"Recurso mapeado no acervo para curadoria nos lotes subsequentes à calibração",legenda_indexada,evid-aula-mod-4-20,"nenhuma"
aula-mod-4-21,arq-1850,AULA_A_CURAR_EXPANSAO,hab-pendente-inspecao,fonte_candidata,manter_aula_individual,"Recurso mapeado no acervo para curadoria nos lotes subsequentes à calibração",legenda_indexada,evid-aula-mod-4-21,"nenhuma"
aula-mod-4-22,arq-1854,AULA_A_CURAR_EXPANSAO,hab-pendente-inspecao,fonte_candidata,integrar_aula,"Recurso mapeado no acervo para curadoria nos lotes subsequentes à calibração",legenda_indexada,evid-aula-mod-4-22,"nenhuma"
aula-mod-4-24,arq-1860,AULA_A_CURAR_EXPANSAO,hab-pendente-inspecao,fonte_candidata,integrar_aula,"Recurso mapeado no acervo para curadoria nos lotes subsequentes à calibração",legenda_indexada,evid-aula-mod-4-24,"nenhuma"
aula-mod-4-25,arq-1862,AULA_A_CURAR_EXPANSAO,hab-pendente-inspecao,fonte_candidata,integrar_aula,"Recurso mapeado no acervo para curadoria nos lotes subsequentes à calibração",legenda_indexada,evid-aula-mod-4-25,"nenhuma"
aula-kaiser-122-1-partitura-leitura-melodica,arq-0400,AULA_A_CURAR_EXPANSAO,hab-pendente-inspecao,fonte_candidata,manter_aula_individual,"Recurso mapeado no acervo para curadoria nos lotes subsequentes à calibração",metadados_catalogo,evid-aula-kaiser-122-1-partitura-leitura-melodica,"nenhuma"
aula-kaiser-123-2-partitura-leitura-ritmica,arq-0407,AULA_A_CURAR_EXPANSAO,hab-pendente-inspecao,fonte_candidata,manter_aula_individual,"Recurso mapeado no acervo para curadoria nos lotes subsequentes à calibração",metadados_catalogo,evid-aula-kaiser-123-2-partitura-leitura-ritmica,"nenhuma"
aula-kaiser-124-3-partituras-faceis-para-iniciantes,arq-0415,aula-prop-010,hab-lei-002,conteudo_principal,manter_aula_individual,"Aula de calibração de leitura utilizando as 7 partituras PDF validadas.",metadados_catalogo,evid-aula-kaiser-124-3-partituras-faceis-para-iniciantes,"nenhuma"
aula-kaiser-125-4-andante-h-pinto-partituras-de-nivel-me,arq-0418,AULA_A_CURAR_EXPANSAO,hab-pendente-inspecao,fonte_candidata,manter_aula_individual,"Recurso mapeado no acervo para curadoria nos lotes subsequentes à calibração",metadados_catalogo,evid-aula-kaiser-125-4-andante-h-pinto-partituras-de-nivel-me,"nenhuma"
aula-kaiser-126-5-allegretto-h-pinto-partituras-de-nivel,arq-0421,AULA_A_CURAR_EXPANSAO,hab-pendente-inspecao,fonte_candidata,manter_aula_individual,"Recurso mapeado no acervo para curadoria nos lotes subsequentes à calibração",metadados_catalogo,evid-aula-kaiser-126-5-allegretto-h-pinto-partituras-de-nivel,"nenhuma"
aula-kaiser-127-6-andante-religioso-partitura-de-nivel-m,arq-0424,AULA_A_CURAR_EXPANSAO,hab-pendente-inspecao,fonte_candidata,manter_aula_individual,"Recurso mapeado no acervo para curadoria nos lotes subsequentes à calibração",metadados_catalogo,evid-aula-kaiser-127-6-andante-religioso-partitura-de-nivel-m,"nenhuma"
aula-kaiser-136-1-importante-saiba-como-assistir-as-aula,arq-0459,AULA_A_CURAR_EXPANSAO,hab-pendente-inspecao,fonte_candidata,manter_aula_individual,"Recurso mapeado no acervo para curadoria nos lotes subsequentes à calibração",legenda_indexada,evid-aula-kaiser-136-1-importante-saiba-como-assistir-as-aula,"nenhuma"
aula-kaiser-137-10-pequena-valsa-ferdinando-carulli-viol,arq-0462,aula-prop-013,hab-sol-001,conteudo_principal,manter_aula_individual,"Aula de calibração de violão solo a duas vozes em nível básico/intermediário.",metadados_catalogo,evid-aula-kaiser-137-10-pequena-valsa-ferdinando-carulli-viol,"nenhuma"
aula-kaiser-138-11-baixo-cantante-pedro-cameron-violao-c,arq-0464,AULA_A_CURAR_EXPANSAO,hab-pendente-inspecao,fonte_candidata,manter_aula_individual,"Recurso mapeado no acervo para curadoria nos lotes subsequentes à calibração",metadados_catalogo,evid-aula-kaiser-138-11-baixo-cantante-pedro-cameron-violao-c,"nenhuma"
aula-kaiser-139-12-andantino-antonio-cano-violao-classic,arq-0468,AULA_A_CURAR_EXPANSAO,hab-pendente-inspecao,fonte_candidata,manter_aula_individual,"Recurso mapeado no acervo para curadoria nos lotes subsequentes à calibração",legenda_indexada,evid-aula-kaiser-139-12-andantino-antonio-cano-violao-classic,"nenhuma"
aula-kaiser-140-13-madrugada-marcos-kaiser-violao-classi,arq-0470,AULA_A_CURAR_EXPANSAO,hab-pendente-inspecao,fonte_candidata,manter_aula_individual,"Recurso mapeado no acervo para curadoria nos lotes subsequentes à calibração",metadados_catalogo,evid-aula-kaiser-140-13-madrugada-marcos-kaiser-violao-classi,"nenhuma"
aula-kaiser-141-14-atirei-o-pau-no-gato,arq-0472,AULA_A_CURAR_EXPANSAO,hab-pendente-inspecao,fonte_candidata,manter_aula_individual,"Recurso mapeado no acervo para curadoria nos lotes subsequentes à calibração",metadados_catalogo,evid-aula-kaiser-141-14-atirei-o-pau-no-gato,"nenhuma"
aula-kaiser-142-15-gloria-gloria-aleluia-versao-simplifi,arq-0474,AULA_A_CURAR_EXPANSAO,hab-pendente-inspecao,fonte_candidata,manter_aula_individual,"Recurso mapeado no acervo para curadoria nos lotes subsequentes à calibração",metadados_catalogo,evid-aula-kaiser-142-15-gloria-gloria-aleluia-versao-simplifi,"nenhuma"
aula-kaiser-143-16-se-essa-rua-fosse-minha-mpb,arq-0477,AULA_A_CURAR_EXPANSAO,hab-pendente-inspecao,fonte_candidata,manter_aula_individual,"Recurso mapeado no acervo para curadoria nos lotes subsequentes à calibração",legenda_indexada,evid-aula-kaiser-143-16-se-essa-rua-fosse-minha-mpb,"nenhuma"
aula-kaiser-144-17-estudo-de-pestanas-marcos-kaiser,arq-0480,AULA_A_CURAR_EXPANSAO,hab-pendente-inspecao,fonte_candidata,manter_aula_individual,"Recurso mapeado no acervo para curadoria nos lotes subsequentes à calibração",legenda_indexada,evid-aula-kaiser-144-17-estudo-de-pestanas-marcos-kaiser,"nenhuma"
aula-kaiser-145-18-estudo-em-do-tarrega-violao-classico,arq-0482,AULA_A_CURAR_EXPANSAO,hab-pendente-inspecao,fonte_candidata,manter_aula_individual,"Recurso mapeado no acervo para curadoria nos lotes subsequentes à calibração",metadados_catalogo,evid-aula-kaiser-145-18-estudo-em-do-tarrega-violao-classico,"nenhuma"
aula-kaiser-146-19-greensleeves-violao-classico,arq-0485,AULA_A_CURAR_EXPANSAO,hab-pendente-inspecao,fonte_candidata,manter_aula_individual,"Recurso mapeado no acervo para curadoria nos lotes subsequentes à calibração",legenda_indexada,evid-aula-kaiser-146-19-greensleeves-violao-classico,"nenhuma"
aula-kaiser-147-2-o-melhor-exercicio-do-mundo,arq-0490,AULA_A_CURAR_EXPANSAO,hab-pendente-inspecao,fonte_candidata,manter_aula_individual,"Recurso mapeado no acervo para curadoria nos lotes subsequentes à calibração",legenda_indexada,evid-aula-kaiser-147-2-o-melhor-exercicio-do-mundo,"nenhuma"
aula-kaiser-148-20-toureiro-marcos-kaiser-musica-espanho,arq-0492,AULA_A_CURAR_EXPANSAO,hab-pendente-inspecao,fonte_candidata,manter_aula_individual,"Recurso mapeado no acervo para curadoria nos lotes subsequentes à calibração",metadados_catalogo,evid-aula-kaiser-148-20-toureiro-marcos-kaiser-musica-espanho,"nenhuma"
aula-kaiser-149-21-estudo-de-dedilhados-no-campo-harmoni,arq-0494,AULA_A_CURAR_EXPANSAO,hab-pendente-inspecao,fonte_candidata,manter_aula_individual,"Recurso mapeado no acervo para curadoria nos lotes subsequentes à calibração",metadados_catalogo,evid-aula-kaiser-149-21-estudo-de-dedilhados-no-campo-harmoni,"nenhuma"
aula-kaiser-150-22-samba-lele-aprenda-seu-primeiro-samba,arq-0496,AULA_A_CURAR_EXPANSAO,hab-pendente-inspecao,fonte_candidata,manter_aula_individual,"Recurso mapeado no acervo para curadoria nos lotes subsequentes à calibração",metadados_catalogo,evid-aula-kaiser-150-22-samba-lele-aprenda-seu-primeiro-samba,"nenhuma"
aula-kaiser-151-23-o-menos-e-mais-choro,arq-0501,AULA_A_CURAR_EXPANSAO,hab-pendente-inspecao,fonte_candidata,manter_aula_individual,"Recurso mapeado no acervo para curadoria nos lotes subsequentes à calibração",legenda_indexada,evid-aula-kaiser-151-23-o-menos-e-mais-choro,"nenhuma"
aula-kaiser-152-24-romance-de-amor-violao-classico,arq-0508,AULA_A_CURAR_EXPANSAO,hab-pendente-inspecao,fonte_candidata,manter_aula_individual,"Recurso mapeado no acervo para curadoria nos lotes subsequentes à calibração",legenda_indexada,evid-aula-kaiser-152-24-romance-de-amor-violao-classico,"contem_arquivos_part"
aula-kaiser-153-25-lagrima-tarrega-violao-classico,arq-0511,AULA_A_CURAR_EXPANSAO,hab-pendente-inspecao,fonte_candidata,manter_aula_individual,"Recurso mapeado no acervo para curadoria nos lotes subsequentes à calibração",legenda_indexada,evid-aula-kaiser-153-25-lagrima-tarrega-violao-classico,"nenhuma"
aula-kaiser-154-26-tema-do-harry-potter-violao-classico,arq-0517,AULA_A_CURAR_EXPANSAO,hab-pendente-inspecao,fonte_candidata,manter_aula_individual,"Recurso mapeado no acervo para curadoria nos lotes subsequentes à calibração",legenda_indexada,evid-aula-kaiser-154-26-tema-do-harry-potter-violao-classico,"nenhuma"
aula-kaiser-155-27-fur-elise-beethoven-violao-classico,arq-0520,AULA_A_CURAR_EXPANSAO,hab-pendente-inspecao,fonte_candidata,manter_aula_individual,"Recurso mapeado no acervo para curadoria nos lotes subsequentes à calibração",legenda_indexada,evid-aula-kaiser-155-27-fur-elise-beethoven-violao-classico,"nenhuma"
aula-kaiser-156-28-saudades-de-marcia-baden-powell,arq-0523,AULA_A_CURAR_EXPANSAO,hab-pendente-inspecao,fonte_candidata,manter_aula_individual,"Recurso mapeado no acervo para curadoria nos lotes subsequentes à calibração",metadados_catalogo,evid-aula-kaiser-156-28-saudades-de-marcia-baden-powell,"nenhuma"
aula-kaiser-157-29-eu-nao-existo-sem-voce-tom-jobim-mpb,arq-0528,AULA_A_CURAR_EXPANSAO,hab-pendente-inspecao,fonte_candidata,manter_aula_individual,"Recurso mapeado no acervo para curadoria nos lotes subsequentes à calibração",legenda_indexada,evid-aula-kaiser-157-29-eu-nao-existo-sem-voce-tom-jobim-mpb,"nenhuma"
aula-kaiser-158-3-como-avancar-nas-aulas-de-repertorio,arq-0530,AULA_A_CURAR_EXPANSAO,hab-pendente-inspecao,fonte_candidata,manter_aula_individual,"Recurso mapeado no acervo para curadoria nos lotes subsequentes à calibração",metadados_catalogo,evid-aula-kaiser-158-3-como-avancar-nas-aulas-de-repertorio,"nenhuma"
aula-kaiser-159-30-estudo-n-5-em-si-menor-fernando-sor-v,arq-0533,AULA_A_CURAR_EXPANSAO,hab-pendente-inspecao,fonte_candidata,manter_aula_individual,"Recurso mapeado no acervo para curadoria nos lotes subsequentes à calibração",legenda_indexada,evid-aula-kaiser-159-30-estudo-n-5-em-si-menor-fernando-sor-v,"nenhuma"
aula-kaiser-160-31-adelita-tarrega-violao-classico,arq-0536,AULA_A_CURAR_EXPANSAO,hab-pendente-inspecao,fonte_candidata,manter_aula_individual,"Recurso mapeado no acervo para curadoria nos lotes subsequentes à calibração",legenda_indexada,evid-aula-kaiser-160-31-adelita-tarrega-violao-classico,"nenhuma"
aula-kaiser-161-4-antes-de-tudo-faca-as-posturas-correta,arq-0541,AULA_A_CURAR_EXPANSAO,hab-pendente-inspecao,fonte_candidata,manter_aula_individual,"Recurso mapeado no acervo para curadoria nos lotes subsequentes à calibração",legenda_indexada,evid-aula-kaiser-161-4-antes-de-tudo-faca-as-posturas-correta,"nenhuma"
aula-kaiser-162-5-qual-dedo-usar-regras-de-digitacao,arq-0543,AULA_A_CURAR_EXPANSAO,hab-pendente-inspecao,fonte_candidata,manter_aula_individual,"Recurso mapeado no acervo para curadoria nos lotes subsequentes à calibração",metadados_catalogo,evid-aula-kaiser-162-5-qual-dedo-usar-regras-de-digitacao,"nenhuma"
aula-kaiser-163-6-um-erro-muito-comum-da-mao-direita,arq-0545,AULA_A_CURAR_EXPANSAO,hab-pendente-inspecao,fonte_candidata,manter_aula_individual,"Recurso mapeado no acervo para curadoria nos lotes subsequentes à calibração",metadados_catalogo,evid-aula-kaiser-163-6-um-erro-muito-comum-da-mao-direita,"nenhuma"
aula-kaiser-164-7-cai-cai-balao,arq-0548,AULA_A_CURAR_EXPANSAO,hab-pendente-inspecao,fonte_candidata,manter_aula_individual,"Recurso mapeado no acervo para curadoria nos lotes subsequentes à calibração",metadados_catalogo,evid-aula-kaiser-164-7-cai-cai-balao,"nenhuma"
aula-kaiser-165-8-9-sinfonia-ode-a-alegria-beethoven-vio,arq-0552,AULA_A_CURAR_EXPANSAO,hab-pendente-inspecao,fonte_candidata,manter_aula_individual,"Recurso mapeado no acervo para curadoria nos lotes subsequentes à calibração",legenda_indexada,evid-aula-kaiser-165-8-9-sinfonia-ode-a-alegria-beethoven-vio,"nenhuma"
aula-kaiser-166-9-valsa-em-do-maior-pequeno-estudo-marco,arq-0555,AULA_A_CURAR_EXPANSAO,hab-pendente-inspecao,fonte_candidata,manter_aula_individual,"Recurso mapeado no acervo para curadoria nos lotes subsequentes à calibração",metadados_catalogo,evid-aula-kaiser-166-9-valsa-em-do-maior-pequeno-estudo-marco,"nenhuma"
aula-mod-3-23,arq-1762,aula-prop-011,hab-tec-005,conteudo_principal,manter_aula_individual,"Fundamento essencial de transição para o nível intermediário.",legenda_indexada,evid-aula-mod-3-23,"nenhuma"
aula-mod-3-24,arq-1767,AULA_A_CURAR_EXPANSAO,hab-pendente-inspecao,fonte_candidata,integrar_aula,"Recurso mapeado no acervo para curadoria nos lotes subsequentes à calibração",legenda_indexada,evid-aula-mod-3-24,"nenhuma"
aula-mod-3-25,arq-1773,AULA_A_CURAR_EXPANSAO,hab-pendente-inspecao,fonte_candidata,integrar_aula,"Recurso mapeado no acervo para curadoria nos lotes subsequentes à calibração",legenda_indexada,evid-aula-mod-3-25,"nenhuma"
aula-mod-3-26,arq-1775,AULA_A_CURAR_EXPANSAO,hab-pendente-inspecao,fonte_candidata,manter_aula_individual,"Recurso mapeado no acervo para curadoria nos lotes subsequentes à calibração",legenda_indexada,evid-aula-mod-3-26,"nenhuma"
aula-mod-3-27,arq-1780,AULA_A_CURAR_EXPANSAO,hab-pendente-inspecao,fonte_candidata,manter_aula_individual,"Recurso mapeado no acervo para curadoria nos lotes subsequentes à calibração",legenda_indexada,evid-aula-mod-3-27,"nenhuma"
aula-mod-3-28,arq-1782,AULA_A_CURAR_EXPANSAO,hab-pendente-inspecao,fonte_candidata,manter_aula_individual,"Recurso mapeado no acervo para curadoria nos lotes subsequentes à calibração",legenda_indexada,evid-aula-mod-3-28,"nenhuma"
aula-mod-3-29,arq-1785,AULA_A_CURAR_EXPANSAO,hab-pendente-inspecao,fonte_candidata,integrar_aula,"Recurso mapeado no acervo para curadoria nos lotes subsequentes à calibração",legenda_indexada,evid-aula-mod-3-29,"nenhuma"
aula-mod-3-30,arq-1789,AULA_A_CURAR_EXPANSAO,hab-pendente-inspecao,fonte_candidata,integrar_aula,"Recurso mapeado no acervo para curadoria nos lotes subsequentes à calibração",legenda_indexada,evid-aula-mod-3-30,"nenhuma"
aula-mod-3-31,arq-1792,AULA_A_CURAR_EXPANSAO,hab-pendente-inspecao,fonte_candidata,integrar_aula,"Recurso mapeado no acervo para curadoria nos lotes subsequentes à calibração",legenda_indexada,evid-aula-mod-3-31,"nenhuma"
aula-mod-3-32,arq-1793,AULA_A_CURAR_EXPANSAO,hab-pendente-inspecao,fonte_candidata,revisao_apoio,"Recurso mapeado no acervo para curadoria nos lotes subsequentes à calibração",metadados_catalogo,evid-aula-mod-3-32,"nenhuma"
aula-mod-3-33,arq-1795,AULA_A_CURAR_EXPANSAO,hab-pendente-inspecao,fonte_candidata,integrar_aula,"Recurso mapeado no acervo para curadoria nos lotes subsequentes à calibração",legenda_indexada,evid-aula-mod-3-33,"nenhuma"
aula-mod-3-34,arq-1798,AULA_A_CURAR_EXPANSAO,hab-pendente-inspecao,fonte_candidata,integrar_aula,"Recurso mapeado no acervo para curadoria nos lotes subsequentes à calibração",legenda_indexada,evid-aula-mod-3-34,"nenhuma"
aula-mod-3-35,arq-1802,AULA_A_CURAR_EXPANSAO,hab-pendente-inspecao,fonte_candidata,integrar_aula,"Recurso mapeado no acervo para curadoria nos lotes subsequentes à calibração",legenda_indexada,evid-aula-mod-3-35,"nenhuma"
aula-mod-3-36,arq-1804,AULA_A_CURAR_EXPANSAO,hab-pendente-inspecao,fonte_candidata,integrar_aula,"Recurso mapeado no acervo para curadoria nos lotes subsequentes à calibração",legenda_indexada,evid-aula-mod-3-36,"nenhuma"
aula-mod-3-37,arq-1805,AULA_A_CURAR_EXPANSAO,hab-pendente-inspecao,fonte_candidata,integrar_aula,"Recurso mapeado no acervo para curadoria nos lotes subsequentes à calibração",metadados_catalogo,evid-aula-mod-3-37,"nenhuma"
aula-mod-3-38,arq-1807,AULA_A_CURAR_EXPANSAO,hab-pendente-inspecao,fonte_candidata,integrar_aula,"Recurso mapeado no acervo para curadoria nos lotes subsequentes à calibração",legenda_indexada,evid-aula-mod-3-38,"nenhuma"
aula-mod-3-39,arq-1809,AULA_A_CURAR_EXPANSAO,hab-pendente-inspecao,fonte_candidata,integrar_aula,"Recurso mapeado no acervo para curadoria nos lotes subsequentes à calibração",legenda_indexada,evid-aula-mod-3-39,"nenhuma"
aula-mod-3-40,arq-1817,AULA_A_CURAR_EXPANSAO,hab-pendente-inspecao,fonte_candidata,integrar_aula,"Recurso mapeado no acervo para curadoria nos lotes subsequentes à calibração",legenda_indexada,evid-aula-mod-3-40,"nenhuma"
aula-mod-3-41,arq-1822,AULA_A_CURAR_EXPANSAO,hab-pendente-inspecao,fonte_candidata,integrar_aula,"Recurso mapeado no acervo para curadoria nos lotes subsequentes à calibração",legenda_indexada,evid-aula-mod-3-41,"nenhuma"
aula-mod-3-42,arq-1827,AULA_A_CURAR_EXPANSAO,hab-pendente-inspecao,fonte_candidata,integrar_aula,"Recurso mapeado no acervo para curadoria nos lotes subsequentes à calibração",legenda_indexada,evid-aula-mod-3-42,"nenhuma"
aula-mod-3-44,,AGUARDANDO_MATERIAL,NENHUMA,fonte_pendente,aguardar_material,"Entrada sem arquivos no backup local",nao_inspecionado,evid-aula-mod-3-44,"sem_arquivos_locais; sem_link_remoto"
aula-mod-4-26,arq-1864,AULA_A_CURAR_EXPANSAO,hab-pendente-inspecao,fonte_candidata,integrar_aula,"Recurso mapeado no acervo para curadoria nos lotes subsequentes à calibração",legenda_indexada,evid-aula-mod-4-26,"nenhuma"
aula-mod-4-27,,AGUARDANDO_MATERIAL,NENHUMA,fonte_pendente,aguardar_material,"Entrada sem arquivos no backup local",nao_inspecionado,evid-aula-mod-4-27,"sem_arquivos_locais; sem_link_remoto"
aula-mod-4-28,,AGUARDANDO_MATERIAL,NENHUMA,fonte_pendente,aguardar_material,"Entrada sem arquivos no backup local",nao_inspecionado,evid-aula-mod-4-28,"sem_arquivos_locais; sem_link_remoto"
aula-mod-4-4,arq-1835,AULA_A_CURAR_EXPANSAO,hab-pendente-inspecao,fonte_candidata,integrar_aula,"Recurso mapeado no acervo para curadoria nos lotes subsequentes à calibração",legenda_indexada,evid-aula-mod-4-4,"nenhuma"
aula-mod-4-5,,AGUARDANDO_MATERIAL,NENHUMA,fonte_pendente,aguardar_material,"Entrada sem arquivos no backup local",nao_inspecionado,evid-aula-mod-4-5,"sem_arquivos_locais"
aula-mod-4-6,,AGUARDANDO_MATERIAL,NENHUMA,fonte_pendente,aguardar_material,"Entrada sem arquivos no backup local",nao_inspecionado,evid-aula-mod-4-6,"sem_arquivos_locais"
aula-mod-4-7,,AGUARDANDO_MATERIAL,NENHUMA,fonte_pendente,aguardar_material,"Entrada sem arquivos no backup local",nao_inspecionado,evid-aula-mod-4-7,"sem_arquivos_locais"
aula-mod-4-8,,AGUARDANDO_MATERIAL,NENHUMA,fonte_pendente,aguardar_material,"Entrada sem arquivos no backup local",nao_inspecionado,evid-aula-mod-4-8,"sem_arquivos_locais"
aula-mod-4-9,arq-1839,AULA_A_CURAR_EXPANSAO,hab-pendente-inspecao,fonte_candidata,integrar_aula,"Recurso mapeado no acervo para curadoria nos lotes subsequentes à calibração",legenda_indexada,evid-aula-mod-4-9,"nenhuma"
aula-mod-4-10,arq-1846,AULA_A_CURAR_EXPANSAO,hab-pendente-inspecao,fonte_candidata,integrar_aula,"Recurso mapeado no acervo para curadoria nos lotes subsequentes à calibração",legenda_indexada,evid-aula-mod-4-10,"nenhuma"
aula-mod-4-29,arq-1867,AULA_A_CURAR_EXPANSAO,hab-pendente-inspecao,fonte_candidata,manter_aula_individual,"Recurso mapeado no acervo para curadoria nos lotes subsequentes à calibração",metadados_catalogo,evid-aula-mod-4-29,"nenhuma"
aula-mod-4-30,,AGUARDANDO_MATERIAL,NENHUMA,fonte_pendente,aguardar_material,"Entrada sem arquivos no backup local",nao_inspecionado,evid-aula-mod-4-30,"sem_arquivos_locais; sem_link_remoto"
aula-mod-4-11,,AGUARDANDO_MATERIAL,NENHUMA,fonte_pendente,aguardar_material,"Entrada sem arquivos no backup local",nao_inspecionado,evid-aula-mod-4-11,"sem_arquivos_locais"
aula-mod-4-31,,AGUARDANDO_MATERIAL,NENHUMA,fonte_pendente,aguardar_material,"Entrada sem arquivos no backup local",nao_inspecionado,evid-aula-mod-4-31,"sem_arquivos_locais; sem_link_remoto"
aula-mod-4-32,,AGUARDANDO_MATERIAL,NENHUMA,fonte_pendente,aguardar_material,"Entrada sem arquivos no backup local",nao_inspecionado,evid-aula-mod-4-32,"sem_arquivos_locais; sem_link_remoto"
aula-mod-4-33,,AGUARDANDO_MATERIAL,NENHUMA,fonte_pendente,aguardar_material,"Entrada sem arquivos no backup local",nao_inspecionado,evid-aula-mod-4-33,"sem_arquivos_locais; sem_link_remoto"
aula-mod-4-34,arq-1868,AULA_A_CURAR_EXPANSAO,hab-pendente-inspecao,fonte_candidata,manter_aula_individual,"Recurso mapeado no acervo para curadoria nos lotes subsequentes à calibração",metadados_catalogo,evid-aula-mod-4-34,"apenas_documentacao_sem_midia; sem_link_remoto"
aula-mod-4-12,,DESCARTE_ADMINISTRATIVO,NENHUMA,fora_do_curriculo,avaliar_descarte_administrativo,"Item administrativo ou quiz nativo sem conteúdo instrumental",nao_inspecionado,evid-aula-mod-4-12,"sem_arquivos_locais; item_administrativo; sem_link_remoto"
aula-mod-5-24,arq-1889,AULA_A_CURAR_EXPANSAO,hab-pendente-inspecao,fonte_candidata,manter_aula_individual,"Recurso mapeado no acervo para curadoria nos lotes subsequentes à calibração",metadados_catalogo,evid-aula-mod-5-24,"nenhuma"
aula-mod-5-26,,AGUARDANDO_MATERIAL,NENHUMA,fonte_pendente,aguardar_material,"Entrada sem arquivos no backup local",nao_inspecionado,evid-aula-mod-5-26,"sem_arquivos_locais; sem_link_remoto"
aula-mod-5-33,arq-1896,AULA_A_CURAR_EXPANSAO,hab-pendente-inspecao,fonte_candidata,integrar_aula,"Recurso mapeado no acervo para curadoria nos lotes subsequentes à calibração",legenda_indexada,evid-aula-mod-5-33,"nenhuma"
aula-mod-6-1,,AGUARDANDO_MATERIAL,NENHUMA,fonte_pendente,aguardar_material,"Entrada sem arquivos no backup local",nao_inspecionado,evid-aula-mod-6-1,"sem_arquivos_locais"
aula-mod-8-9,,AGUARDANDO_MATERIAL,NENHUMA,fonte_pendente,aguardar_material,"Entrada sem arquivos no backup local",nao_inspecionado,evid-aula-mod-8-9,"sem_arquivos_locais"
aula-mod-9-11,arq-2046,AULA_A_CURAR_EXPANSAO,hab-pendente-inspecao,fonte_candidata,manter_aula_individual,"Recurso mapeado no acervo para curadoria nos lotes subsequentes à calibração",legenda_indexada,evid-aula-mod-9-11,"nenhuma"
aula-mod-9-12,arq-2050,AULA_A_CURAR_EXPANSAO,hab-pendente-inspecao,fonte_candidata,manter_aula_individual,"Recurso mapeado no acervo para curadoria nos lotes subsequentes à calibração",legenda_indexada,evid-aula-mod-9-12,"nenhuma"
aula-mod-9-13,arq-2052,AULA_A_CURAR_EXPANSAO,hab-pendente-inspecao,fonte_candidata,manter_aula_individual,"Recurso mapeado no acervo para curadoria nos lotes subsequentes à calibração",legenda_indexada,evid-aula-mod-9-13,"nenhuma"
aula-mod-9-19,,AGUARDANDO_MATERIAL,NENHUMA,fonte_pendente,aguardar_material,"Entrada sem arquivos no backup local",nao_inspecionado,evid-aula-mod-9-19,"sem_arquivos_locais; sem_link_remoto"
aula-kaiser-95-1-como-estudar-para-evoluir-no-violao-ro,arq-0299,AULA_A_CURAR_EXPANSAO,hab-pendente-inspecao,fonte_candidata,revisao_apoio,"Recurso mapeado no acervo para curadoria nos lotes subsequentes à calibração",legenda_indexada,evid-aula-kaiser-95-1-como-estudar-para-evoluir-no-violao-ro,"nenhuma"
aula-kaiser-96-10-exercicios-para-o-polegar-esse-e-meu-,arq-0301,AULA_A_CURAR_EXPANSAO,hab-pendente-inspecao,fonte_candidata,manter_aula_individual,"Recurso mapeado no acervo para curadoria nos lotes subsequentes à calibração",metadados_catalogo,evid-aula-kaiser-96-10-exercicios-para-o-polegar-esse-e-meu-,"nenhuma"
aula-kaiser-97-11-picado-a-tecnica-da-velocidade,arq-0303,AULA_A_CURAR_EXPANSAO,hab-pendente-inspecao,fonte_candidata,manter_aula_individual,"Recurso mapeado no acervo para curadoria nos lotes subsequentes à calibração",metadados_catalogo,evid-aula-kaiser-97-11-picado-a-tecnica-da-velocidade,"nenhuma"
aula-kaiser-98-12-violao-de-6-ou-7-cordas-qual-diferenc,arq-0305,AULA_A_CURAR_EXPANSAO,hab-pendente-inspecao,fonte_candidata,manter_aula_individual,"Recurso mapeado no acervo para curadoria nos lotes subsequentes à calibração",metadados_catalogo,evid-aula-kaiser-98-12-violao-de-6-ou-7-cordas-qual-diferenc,"nenhuma"
aula-kaiser-99-13-como-iniciar-no-violao-de-7-cordas,arq-0311,AULA_A_CURAR_EXPANSAO,hab-pendente-inspecao,fonte_candidata,manter_aula_individual,"Recurso mapeado no acervo para curadoria nos lotes subsequentes à calibração",legenda_indexada,evid-aula-kaiser-99-13-como-iniciar-no-violao-de-7-cordas,"nenhuma"
aula-kaiser-100-14-como-tocar-harmonicos-naturais-e-arti,arq-0317,AULA_A_CURAR_EXPANSAO,hab-pendente-inspecao,fonte_candidata,manter_aula_individual,"Recurso mapeado no acervo para curadoria nos lotes subsequentes à calibração",legenda_indexada,evid-aula-kaiser-100-14-como-tocar-harmonicos-naturais-e-arti,"nenhuma"
aula-kaiser-101-15-metodo-correto-de-aquecimento,arq-0321,AULA_A_CURAR_EXPANSAO,hab-pendente-inspecao,fonte_candidata,manter_aula_individual,"Recurso mapeado no acervo para curadoria nos lotes subsequentes à calibração",legenda_indexada,evid-aula-kaiser-101-15-metodo-correto-de-aquecimento,"nenhuma"
aula-kaiser-102-16-como-fazer-um-violao-soar-como-um-vio,arq-0323,AULA_A_CURAR_EXPANSAO,hab-pendente-inspecao,fonte_candidata,manter_aula_individual,"Recurso mapeado no acervo para curadoria nos lotes subsequentes à calibração",metadados_catalogo,evid-aula-kaiser-102-16-como-fazer-um-violao-soar-como-um-vio,"nenhuma"
aula-kaiser-103-17-exercicio-pra-arrebentar-a-sua-mao-fl,arq-0327,AULA_A_CURAR_EXPANSAO,hab-pendente-inspecao,fonte_candidata,manter_aula_individual,"Recurso mapeado no acervo para curadoria nos lotes subsequentes à calibração",legenda_indexada,evid-aula-kaiser-103-17-exercicio-pra-arrebentar-a-sua-mao-fl,"nenhuma"
aula-kaiser-104-18-posturas-do-corpo-e-das-maos,arq-0331,AULA_A_CURAR_EXPANSAO,hab-pendente-inspecao,fonte_candidata,manter_aula_individual,"Recurso mapeado no acervo para curadoria nos lotes subsequentes à calibração",legenda_indexada,evid-aula-kaiser-104-18-posturas-do-corpo-e-das-maos,"nenhuma"
aula-kaiser-105-19-estralar-os-dedos-faz-mal,arq-0333,AULA_A_CURAR_EXPANSAO,hab-pendente-inspecao,fonte_candidata,manter_aula_individual,"Recurso mapeado no acervo para curadoria nos lotes subsequentes à calibração",metadados_catalogo,evid-aula-kaiser-105-19-estralar-os-dedos-faz-mal,"nenhuma"
aula-kaiser-106-2-como-continuar-evoluindo-no-violao-pra,arq-0339,AULA_A_CURAR_EXPANSAO,hab-pendente-inspecao,fonte_candidata,manter_aula_individual,"Recurso mapeado no acervo para curadoria nos lotes subsequentes à calibração",legenda_indexada,evid-aula-kaiser-106-2-como-continuar-evoluindo-no-violao-pra,"nenhuma"
aula-kaiser-107-20-como-virar-um-virtuoso,arq-0343,AULA_A_CURAR_EXPANSAO,hab-pendente-inspecao,fonte_candidata,manter_aula_individual,"Recurso mapeado no acervo para curadoria nos lotes subsequentes à calibração",legenda_indexada,evid-aula-kaiser-107-20-como-virar-um-virtuoso,"nenhuma"
aula-kaiser-108-3-o-maior-erro-de-um-estudante-de-musica,arq-0349,AULA_A_CURAR_EXPANSAO,hab-pendente-inspecao,fonte_candidata,manter_aula_individual,"Recurso mapeado no acervo para curadoria nos lotes subsequentes à calibração",legenda_indexada,evid-aula-kaiser-108-3-o-maior-erro-de-um-estudante-de-musica,"nenhuma"
aula-kaiser-109-4-diferencas-entre-estilos-erudito-finge,arq-0358,AULA_A_CURAR_EXPANSAO,hab-pendente-inspecao,fonte_candidata,manter_aula_individual,"Recurso mapeado no acervo para curadoria nos lotes subsequentes à calibração",legenda_indexada,evid-aula-kaiser-109-4-diferencas-entre-estilos-erudito-finge,"nenhuma"
aula-kaiser-110-5-como-estudar-com-metronomo,arq-0360,AULA_A_CURAR_EXPANSAO,hab-pendente-inspecao,fonte_candidata,revisao_apoio,"Recurso mapeado no acervo para curadoria nos lotes subsequentes à calibração",metadados_catalogo,evid-aula-kaiser-110-5-como-estudar-com-metronomo,"nenhuma"
aula-kaiser-111-6-como-tocar-com-o-som-limpo,arq-0366,AULA_A_CURAR_EXPANSAO,hab-pendente-inspecao,fonte_candidata,manter_aula_individual,"Recurso mapeado no acervo para curadoria nos lotes subsequentes à calibração",legenda_indexada,evid-aula-kaiser-111-6-como-tocar-com-o-som-limpo,"nenhuma"
aula-kaiser-112-7-como-trocar-as-cordas-corretamente,arq-0368,AULA_A_CURAR_EXPANSAO,hab-pendente-inspecao,fonte_candidata,manter_aula_individual,"Recurso mapeado no acervo para curadoria nos lotes subsequentes à calibração",metadados_catalogo,evid-aula-kaiser-112-7-como-trocar-as-cordas-corretamente,"nenhuma"
aula-kaiser-113-8-unhas-como-dar-formato-adequado,arq-0370,AULA_A_CURAR_EXPANSAO,hab-pendente-inspecao,fonte_candidata,manter_aula_individual,"Recurso mapeado no acervo para curadoria nos lotes subsequentes à calibração",metadados_catalogo,evid-aula-kaiser-113-8-unhas-como-dar-formato-adequado,"nenhuma"
aula-kaiser-114-9-aprenda-a-tocar-com-emocao,arq-0372,AULA_A_CURAR_EXPANSAO,hab-pendente-inspecao,fonte_candidata,manter_aula_individual,"Recurso mapeado no acervo para curadoria nos lotes subsequentes à calibração",metadados_catalogo,evid-aula-kaiser-114-9-aprenda-a-tocar-com-emocao,"nenhuma"
aula-mod-5-30,,AGUARDANDO_MATERIAL,NENHUMA,fonte_pendente,aguardar_material,"Entrada sem arquivos no backup local",nao_inspecionado,evid-aula-mod-5-30,"sem_arquivos_locais; sem_link_remoto"
aula-mod-9-10,arq-2044,AULA_A_CURAR_EXPANSAO,hab-pendente-inspecao,fonte_candidata,integrar_aula,"Recurso mapeado no acervo para curadoria nos lotes subsequentes à calibração",legenda_indexada,evid-aula-mod-9-10,"nenhuma"
aula-kaiser-1-1-batida-de-samba-e-bossa-nova,arq-0006,AULA_A_CURAR_EXPANSAO,hab-pendente-inspecao,fonte_candidata,manter_aula_individual,"Recurso mapeado no acervo para curadoria nos lotes subsequentes à calibração",legenda_indexada,evid-aula-kaiser-1-1-batida-de-samba-e-bossa-nova,"nenhuma"
aula-kaiser-9-17-o-barquinho-bossa-nova,arq-0033,AULA_A_CURAR_EXPANSAO,hab-pendente-inspecao,fonte_candidata,manter_aula_individual,"Recurso mapeado no acervo para curadoria nos lotes subsequentes à calibração",legenda_indexada,evid-aula-kaiser-9-17-o-barquinho-bossa-nova,"nenhuma"
aula-kaiser-11-19-wave-bossa-nova,arq-0041,AULA_A_CURAR_EXPANSAO,hab-pendente-inspecao,fonte_candidata,manter_aula_individual,"Recurso mapeado no acervo para curadoria nos lotes subsequentes à calibração",legenda_indexada,evid-aula-kaiser-11-19-wave-bossa-nova,"nenhuma"
aula-kaiser-13-20-chega-de-saudade-bossa-nova,arq-0050,AULA_A_CURAR_EXPANSAO,hab-pendente-inspecao,fonte_candidata,manter_aula_individual,"Recurso mapeado no acervo para curadoria nos lotes subsequentes à calibração",metadados_catalogo,evid-aula-kaiser-13-20-chega-de-saudade-bossa-nova,"nenhuma"
aula-mod-6-6,,AGUARDANDO_MATERIAL,NENHUMA,fonte_pendente,aguardar_material,"Entrada sem arquivos no backup local",nao_inspecionado,evid-aula-mod-6-6,"sem_arquivos_locais; sem_link_remoto"
aula-mod-6-7,,AGUARDANDO_MATERIAL,NENHUMA,fonte_pendente,aguardar_material,"Entrada sem arquivos no backup local",nao_inspecionado,evid-aula-mod-6-7,"sem_arquivos_locais; sem_link_remoto"
aula-mod-6-8,,AGUARDANDO_MATERIAL,NENHUMA,fonte_pendente,aguardar_material,"Entrada sem arquivos no backup local",nao_inspecionado,evid-aula-mod-6-8,"sem_arquivos_locais; sem_link_remoto"
aula-mod-6-9,,AGUARDANDO_MATERIAL,NENHUMA,fonte_pendente,aguardar_material,"Entrada sem arquivos no backup local",nao_inspecionado,evid-aula-mod-6-9,"sem_arquivos_locais; sem_link_remoto"
aula-mod-6-10,,AGUARDANDO_MATERIAL,NENHUMA,fonte_pendente,aguardar_material,"Entrada sem arquivos no backup local",nao_inspecionado,evid-aula-mod-6-10,"sem_arquivos_locais; sem_link_remoto"
aula-mod-6-11,,AGUARDANDO_MATERIAL,NENHUMA,fonte_pendente,aguardar_material,"Entrada sem arquivos no backup local",nao_inspecionado,evid-aula-mod-6-11,"sem_arquivos_locais; sem_link_remoto"
aula-mod-6-12,arq-1906,AULA_A_CURAR_EXPANSAO,hab-pendente-inspecao,fonte_candidata,manter_aula_individual,"Recurso mapeado no acervo para curadoria nos lotes subsequentes à calibração",legenda_indexada,evid-aula-mod-6-12,"nenhuma"
aula-mod-6-13,,AGUARDANDO_MATERIAL,NENHUMA,fonte_pendente,aguardar_material,"Entrada sem arquivos no backup local",nao_inspecionado,evid-aula-mod-6-13,"sem_arquivos_locais; sem_link_remoto"
aula-mod-6-15,,AGUARDANDO_MATERIAL,NENHUMA,fonte_pendente,aguardar_material,"Entrada sem arquivos no backup local",nao_inspecionado,evid-aula-mod-6-15,"sem_arquivos_locais; sem_link_remoto"
aula-mod-6-16,arq-1909,AULA_A_CURAR_EXPANSAO,hab-pendente-inspecao,fonte_candidata,manter_aula_individual,"Recurso mapeado no acervo para curadoria nos lotes subsequentes à calibração",legenda_indexada,evid-aula-mod-6-16,"nenhuma"
aula-mod-6-17,arq-1911,AULA_A_CURAR_EXPANSAO,hab-pendente-inspecao,fonte_candidata,manter_aula_individual,"Recurso mapeado no acervo para curadoria nos lotes subsequentes à calibração",legenda_indexada,evid-aula-mod-6-17,"nenhuma"
aula-mod-6-18,,AGUARDANDO_MATERIAL,NENHUMA,fonte_pendente,aguardar_material,"Entrada sem arquivos no backup local",nao_inspecionado,evid-aula-mod-6-18,"sem_arquivos_locais; sem_link_remoto"
aula-mod-6-2,,AGUARDANDO_MATERIAL,NENHUMA,fonte_pendente,aguardar_material,"Entrada sem arquivos no backup local",nao_inspecionado,evid-aula-mod-6-2,"sem_arquivos_locais"
aula-mod-8-19,arq-2018,AULA_A_CURAR_EXPANSAO,hab-pendente-inspecao,fonte_candidata,manter_aula_individual,"Recurso mapeado no acervo para curadoria nos lotes subsequentes à calibração",legenda_indexada,evid-aula-mod-8-19,"nenhuma"
aula-kaiser-2-10-faixa-amarela-samba,arq-0010,AULA_A_CURAR_EXPANSAO,hab-pendente-inspecao,fonte_candidata,manter_aula_individual,"Recurso mapeado no acervo para curadoria nos lotes subsequentes à calibração",legenda_indexada,evid-aula-kaiser-2-10-faixa-amarela-samba,"nenhuma"
aula-kaiser-3-11-timoneiro-samba,arq-0013,AULA_A_CURAR_EXPANSAO,hab-pendente-inspecao,fonte_candidata,manter_aula_individual,"Recurso mapeado no acervo para curadoria nos lotes subsequentes à calibração",metadados_catalogo,evid-aula-kaiser-3-11-timoneiro-samba,"nenhuma"
aula-kaiser-4-12-trem-das-onze-samba,arq-0015,AULA_A_CURAR_EXPANSAO,hab-pendente-inspecao,fonte_candidata,manter_aula_individual,"Recurso mapeado no acervo para curadoria nos lotes subsequentes à calibração",metadados_catalogo,evid-aula-kaiser-4-12-trem-das-onze-samba,"nenhuma"
aula-kaiser-5-13-asa-branca-baiao,arq-0018,AULA_A_CURAR_EXPANSAO,hab-pendente-inspecao,fonte_candidata,manter_aula_individual,"Recurso mapeado no acervo para curadoria nos lotes subsequentes à calibração",metadados_catalogo,evid-aula-kaiser-5-13-asa-branca-baiao,"nenhuma"
aula-kaiser-6-14-kid-cavaquinho-samba,arq-0021,AULA_A_CURAR_EXPANSAO,hab-pendente-inspecao,fonte_candidata,manter_aula_individual,"Recurso mapeado no acervo para curadoria nos lotes subsequentes à calibração",metadados_catalogo,evid-aula-kaiser-6-14-kid-cavaquinho-samba,"nenhuma"
aula-kaiser-7-15-as-pastorinhas-marcha,arq-0025,AULA_A_CURAR_EXPANSAO,hab-pendente-inspecao,fonte_candidata,manter_aula_individual,"Recurso mapeado no acervo para curadoria nos lotes subsequentes à calibração",metadados_catalogo,evid-aula-kaiser-7-15-as-pastorinhas-marcha,"contem_arquivos_part"
aula-kaiser-8-16-regra-tres-samba,arq-0028,AULA_A_CURAR_EXPANSAO,hab-pendente-inspecao,fonte_candidata,manter_aula_individual,"Recurso mapeado no acervo para curadoria nos lotes subsequentes à calibração",metadados_catalogo,evid-aula-kaiser-8-16-regra-tres-samba,"nenhuma"
aula-kaiser-10-18-como-dizia-o-poeta-samba,arq-0035,AULA_A_CURAR_EXPANSAO,hab-pendente-inspecao,fonte_candidata,manter_aula_individual,"Recurso mapeado no acervo para curadoria nos lotes subsequentes à calibração",metadados_catalogo,evid-aula-kaiser-10-18-como-dizia-o-poeta-samba,"nenhuma"
aula-kaiser-12-2-batida-de-choro,arq-0047,AULA_A_CURAR_EXPANSAO,hab-pendente-inspecao,fonte_candidata,manter_aula_individual,"Recurso mapeado no acervo para curadoria nos lotes subsequentes à calibração",legenda_indexada,evid-aula-kaiser-12-2-batida-de-choro,"nenhuma"
aula-kaiser-14-21-noites-cariocas-samba-choro,arq-0052,AULA_A_CURAR_EXPANSAO,hab-pendente-inspecao,fonte_candidata,manter_aula_individual,"Recurso mapeado no acervo para curadoria nos lotes subsequentes à calibração",metadados_catalogo,evid-aula-kaiser-14-21-noites-cariocas-samba-choro,"nenhuma"
aula-kaiser-15-22-contracanto-paulinho-nogueira-samba,arq-0055,AULA_A_CURAR_EXPANSAO,hab-pendente-inspecao,fonte_candidata,manter_aula_individual,"Recurso mapeado no acervo para curadoria nos lotes subsequentes à calibração",metadados_catalogo,evid-aula-kaiser-15-22-contracanto-paulinho-nogueira-samba,"nenhuma"
aula-kaiser-16-3-batida-de-frevo-e-marcha,arq-0061,AULA_A_CURAR_EXPANSAO,hab-pendente-inspecao,fonte_candidata,manter_aula_individual,"Recurso mapeado no acervo para curadoria nos lotes subsequentes à calibração",legenda_indexada,evid-aula-kaiser-16-3-batida-de-frevo-e-marcha,"nenhuma"
aula-kaiser-17-4-batida-de-baiao,arq-0067,AULA_A_CURAR_EXPANSAO,hab-pendente-inspecao,fonte_candidata,manter_aula_individual,"Recurso mapeado no acervo para curadoria nos lotes subsequentes à calibração",legenda_indexada,evid-aula-kaiser-17-4-batida-de-baiao,"nenhuma"
aula-kaiser-18-5-thumb-slap-batida-fingerstyle,arq-0073,aula-prop-012,hab-rit-004,conteudo_principal,manter_aula_individual,"Aula de calibração de acompanhamento com elemento percussivo.",legenda_indexada,evid-aula-kaiser-18-5-thumb-slap-batida-fingerstyle,"nenhuma"
aula-kaiser-19-6-4-truques-para-melhorar-a-sua-batida-d,arq-0079,AULA_A_CURAR_EXPANSAO,hab-pendente-inspecao,fonte_candidata,manter_aula_individual,"Recurso mapeado no acervo para curadoria nos lotes subsequentes à calibração",legenda_indexada,evid-aula-kaiser-19-6-4-truques-para-melhorar-a-sua-batida-d,"nenhuma"
aula-kaiser-20-7-como-assistir-as-proximas-aulas-de-aco,arq-0082,AULA_A_CURAR_EXPANSAO,hab-pendente-inspecao,fonte_candidata,manter_aula_individual,"Recurso mapeado no acervo para curadoria nos lotes subsequentes à calibração",legenda_indexada,evid-aula-kaiser-20-7-como-assistir-as-proximas-aulas-de-aco,"nenhuma"
aula-kaiser-21-8-casa-de-bamba-samba,arq-0086,AULA_A_CURAR_EXPANSAO,hab-pendente-inspecao,fonte_candidata,manter_aula_individual,"Recurso mapeado no acervo para curadoria nos lotes subsequentes à calibração",legenda_indexada,evid-aula-kaiser-21-8-casa-de-bamba-samba,"nenhuma"
aula-kaiser-22-9-devagar-devagarinho-samba,arq-0090,AULA_A_CURAR_EXPANSAO,hab-pendente-inspecao,fonte_candidata,manter_aula_individual,"Recurso mapeado no acervo para curadoria nos lotes subsequentes à calibração",legenda_indexada,evid-aula-kaiser-22-9-devagar-devagarinho-samba,"nenhuma"
aula-mod-7-1,,AGUARDANDO_MATERIAL,NENHUMA,fonte_pendente,aguardar_material,"Entrada sem arquivos no backup local",nao_inspecionado,evid-aula-mod-7-1,"sem_arquivos_locais"
aula-mod-7-6,,AGUARDANDO_MATERIAL,NENHUMA,fonte_pendente,aguardar_material,"Entrada sem arquivos no backup local",nao_inspecionado,evid-aula-mod-7-6,"sem_arquivos_locais"
aula-kaiser-33-1-como-sera-o-curso,arq-0124,AULA_A_CURAR_EXPANSAO,hab-pendente-inspecao,fonte_candidata,manter_aula_individual,"Recurso mapeado no acervo para curadoria nos lotes subsequentes à calibração",metadados_catalogo,evid-aula-kaiser-33-1-como-sera-o-curso,"nenhuma"
aula-kaiser-34-2-conheca-a-levada-1,arq-0126,AULA_A_CURAR_EXPANSAO,hab-pendente-inspecao,fonte_candidata,manter_aula_individual,"Recurso mapeado no acervo para curadoria nos lotes subsequentes à calibração",metadados_catalogo,evid-aula-kaiser-34-2-conheca-a-levada-1,"nenhuma"
aula-kaiser-35-3-aula-da-levada-1-exercicio-1,arq-0128,AULA_A_CURAR_EXPANSAO,hab-pendente-inspecao,fonte_candidata,manter_aula_individual,"Recurso mapeado no acervo para curadoria nos lotes subsequentes à calibração",metadados_catalogo,evid-aula-kaiser-35-3-aula-da-levada-1-exercicio-1,"nenhuma"
aula-kaiser-36-4-aula-da-levada-1-exercicio-2-batida-co,arq-0131,AULA_A_CURAR_EXPANSAO,hab-pendente-inspecao,fonte_candidata,manter_aula_individual,"Recurso mapeado no acervo para curadoria nos lotes subsequentes à calibração",metadados_catalogo,evid-aula-kaiser-36-4-aula-da-levada-1-exercicio-2-batida-co,"nenhuma"
aula-kaiser-37-5-antes-de-continuar-a-estudar,arq-0133,AULA_A_CURAR_EXPANSAO,hab-pendente-inspecao,fonte_candidata,manter_aula_individual,"Recurso mapeado no acervo para curadoria nos lotes subsequentes à calibração",metadados_catalogo,evid-aula-kaiser-37-5-antes-de-continuar-a-estudar,"nenhuma"
aula-kaiser-38-1-conheca-a-levada-2,arq-0135,AULA_A_CURAR_EXPANSAO,hab-pendente-inspecao,fonte_candidata,manter_aula_individual,"Recurso mapeado no acervo para curadoria nos lotes subsequentes à calibração",metadados_catalogo,evid-aula-kaiser-38-1-conheca-a-levada-2,"nenhuma"
aula-kaiser-39-2-aula-da-levada-2-com-partitura,arq-0138,AULA_A_CURAR_EXPANSAO,hab-pendente-inspecao,fonte_candidata,manter_aula_individual,"Recurso mapeado no acervo para curadoria nos lotes subsequentes à calibração",metadados_catalogo,evid-aula-kaiser-39-2-aula-da-levada-2-com-partitura,"nenhuma"
aula-kaiser-40-3-variacao-da-levada-2-usando-todos-os-d,arq-0140,AULA_A_CURAR_EXPANSAO,hab-pendente-inspecao,fonte_candidata,manter_aula_individual,"Recurso mapeado no acervo para curadoria nos lotes subsequentes à calibração",metadados_catalogo,evid-aula-kaiser-40-3-variacao-da-levada-2-usando-todos-os-d,"nenhuma"
aula-kaiser-41-1-conheca-a-levada-3,arq-0142,AULA_A_CURAR_EXPANSAO,hab-pendente-inspecao,fonte_candidata,manter_aula_individual,"Recurso mapeado no acervo para curadoria nos lotes subsequentes à calibração",metadados_catalogo,evid-aula-kaiser-41-1-conheca-a-levada-3,"nenhuma"
aula-kaiser-42-2-aula-da-levada-3-com-partitura,arq-0145,AULA_A_CURAR_EXPANSAO,hab-pendente-inspecao,fonte_candidata,manter_aula_individual,"Recurso mapeado no acervo para curadoria nos lotes subsequentes à calibração",metadados_catalogo,evid-aula-kaiser-42-2-aula-da-levada-3-com-partitura,"nenhuma"
aula-kaiser-43-3-combinando-as-levadas-1-e-3,arq-0147,AULA_A_CURAR_EXPANSAO,hab-pendente-inspecao,fonte_candidata,manter_aula_individual,"Recurso mapeado no acervo para curadoria nos lotes subsequentes à calibração",metadados_catalogo,evid-aula-kaiser-43-3-combinando-as-levadas-1-e-3,"nenhuma"
aula-kaiser-44-1-conheca-a-levada-n4,arq-0149,AULA_A_CURAR_EXPANSAO,hab-pendente-inspecao,fonte_candidata,manter_aula_individual,"Recurso mapeado no acervo para curadoria nos lotes subsequentes à calibração",metadados_catalogo,evid-aula-kaiser-44-1-conheca-a-levada-n4,"nenhuma"
aula-kaiser-45-2-aula-da-levada-4-com-partitura,arq-0152,AULA_A_CURAR_EXPANSAO,hab-pendente-inspecao,fonte_candidata,manter_aula_individual,"Recurso mapeado no acervo para curadoria nos lotes subsequentes à calibração",metadados_catalogo,evid-aula-kaiser-45-2-aula-da-levada-4-com-partitura,"nenhuma"
aula-kaiser-46-3-combinando-as-levadas-1-3-e-4,arq-0154,AULA_A_CURAR_EXPANSAO,hab-pendente-inspecao,fonte_candidata,manter_aula_individual,"Recurso mapeado no acervo para curadoria nos lotes subsequentes à calibração",metadados_catalogo,evid-aula-kaiser-46-3-combinando-as-levadas-1-3-e-4,"nenhuma"
aula-kaiser-47-1-conheca-a-levada-5,arq-0156,AULA_A_CURAR_EXPANSAO,hab-pendente-inspecao,fonte_candidata,manter_aula_individual,"Recurso mapeado no acervo para curadoria nos lotes subsequentes à calibração",metadados_catalogo,evid-aula-kaiser-47-1-conheca-a-levada-5,"nenhuma"
aula-kaiser-48-2-aula-da-levada-5-com-partitura,arq-0159,AULA_A_CURAR_EXPANSAO,hab-pendente-inspecao,fonte_candidata,manter_aula_individual,"Recurso mapeado no acervo para curadoria nos lotes subsequentes à calibração",metadados_catalogo,evid-aula-kaiser-48-2-aula-da-levada-5-com-partitura,"nenhuma"
aula-kaiser-49-1-juntanto-todas-as-levadas-deixa,arq-0162,AULA_A_CURAR_EXPANSAO,hab-pendente-inspecao,fonte_candidata,manter_aula_individual,"Recurso mapeado no acervo para curadoria nos lotes subsequentes à calibração",metadados_catalogo,evid-aula-kaiser-49-1-juntanto-todas-as-levadas-deixa,"nenhuma"
aula-kaiser-50-2-garota-de-ipanema,arq-0164,AULA_A_CURAR_EXPANSAO,hab-pendente-inspecao,fonte_candidata,manter_aula_individual,"Recurso mapeado no acervo para curadoria nos lotes subsequentes à calibração",metadados_catalogo,evid-aula-kaiser-50-2-garota-de-ipanema,"nenhuma"
aula-kaiser-51-3-samba-da-bencao,arq-0166,AULA_A_CURAR_EXPANSAO,hab-pendente-inspecao,fonte_candidata,manter_aula_individual,"Recurso mapeado no acervo para curadoria nos lotes subsequentes à calibração",metadados_catalogo,evid-aula-kaiser-51-3-samba-da-bencao,"nenhuma"
aula-kaiser-52-4-fim,arq-0168,AULA_A_CURAR_EXPANSAO,hab-pendente-inspecao,fonte_candidata,manter_aula_individual,"Recurso mapeado no acervo para curadoria nos lotes subsequentes à calibração",metadados_catalogo,evid-aula-kaiser-52-4-fim,"nenhuma"
aula-mod-7-2,,AGUARDANDO_MATERIAL,NENHUMA,fonte_pendente,aguardar_material,"Entrada sem arquivos no backup local",nao_inspecionado,evid-aula-mod-7-2,"sem_arquivos_locais"
aula-mod-7-3,arq-1917,AULA_A_CURAR_EXPANSAO,hab-pendente-inspecao,fonte_candidata,integrar_aula,"Recurso mapeado no acervo para curadoria nos lotes subsequentes à calibração",legenda_indexada,evid-aula-mod-7-3,"nenhuma"
aula-kaiser-53-1-introducao-as-baixarias,arq-0170,AULA_A_CURAR_EXPANSAO,hab-pendente-inspecao,fonte_candidata,revisao_apoio,"Recurso mapeado no acervo para curadoria nos lotes subsequentes à calibração",metadados_catalogo,evid-aula-kaiser-53-1-introducao-as-baixarias,"nenhuma"
aula-kaiser-54-10-misturando-tudo,arq-0175,AULA_A_CURAR_EXPANSAO,hab-pendente-inspecao,fonte_candidata,manter_aula_individual,"Recurso mapeado no acervo para curadoria nos lotes subsequentes à calibração",legenda_indexada,evid-aula-kaiser-54-10-misturando-tudo,"nenhuma"
aula-kaiser-55-11-conselho-baixarias-no-7-cordas,arq-0177,AULA_A_CURAR_EXPANSAO,hab-pendente-inspecao,fonte_candidata,manter_aula_individual,"Recurso mapeado no acervo para curadoria nos lotes subsequentes à calibração",metadados_catalogo,evid-aula-kaiser-55-11-conselho-baixarias-no-7-cordas,"nenhuma"
aula-kaiser-56-2-inversoes-dos-baixos,arq-0179,AULA_A_CURAR_EXPANSAO,hab-pendente-inspecao,fonte_candidata,manter_aula_individual,"Recurso mapeado no acervo para curadoria nos lotes subsequentes à calibração",metadados_catalogo,evid-aula-kaiser-56-2-inversoes-dos-baixos,"nenhuma"
aula-kaiser-57-3-escalas-das-baixarias,arq-0181,AULA_A_CURAR_EXPANSAO,hab-pendente-inspecao,fonte_candidata,manter_aula_individual,"Recurso mapeado no acervo para curadoria nos lotes subsequentes à calibração",metadados_catalogo,evid-aula-kaiser-57-3-escalas-das-baixarias,"nenhuma"
aula-kaiser-58-4-teoria-na-pratica,arq-0183,AULA_A_CURAR_EXPANSAO,hab-pendente-inspecao,fonte_candidata,manter_aula_individual,"Recurso mapeado no acervo para curadoria nos lotes subsequentes à calibração",metadados_catalogo,evid-aula-kaiser-58-4-teoria-na-pratica,"nenhuma"
aula-kaiser-59-5-orientacoes-sobre-as-baixarias,arq-0185,AULA_A_CURAR_EXPANSAO,hab-pendente-inspecao,fonte_candidata,manter_aula_individual,"Recurso mapeado no acervo para curadoria nos lotes subsequentes à calibração",metadados_catalogo,evid-aula-kaiser-59-5-orientacoes-sobre-as-baixarias,"nenhuma"
aula-kaiser-60-6-frases-com-duas-notas,arq-0187,AULA_A_CURAR_EXPANSAO,hab-pendente-inspecao,fonte_candidata,manter_aula_individual,"Recurso mapeado no acervo para curadoria nos lotes subsequentes à calibração",metadados_catalogo,evid-aula-kaiser-60-6-frases-com-duas-notas,"nenhuma"
aula-kaiser-61-7-frases-com-tres-notas,arq-0189,AULA_A_CURAR_EXPANSAO,hab-pendente-inspecao,fonte_candidata,manter_aula_individual,"Recurso mapeado no acervo para curadoria nos lotes subsequentes à calibração",metadados_catalogo,evid-aula-kaiser-61-7-frases-com-tres-notas,"nenhuma"
aula-kaiser-62-8-frases-com-quatro-notas,arq-0191,AULA_A_CURAR_EXPANSAO,hab-pendente-inspecao,fonte_candidata,manter_aula_individual,"Recurso mapeado no acervo para curadoria nos lotes subsequentes à calibração",metadados_catalogo,evid-aula-kaiser-62-8-frases-com-quatro-notas,"nenhuma"
aula-kaiser-63-9-frases-com-seis-notas,arq-0193,AULA_A_CURAR_EXPANSAO,hab-pendente-inspecao,fonte_candidata,manter_aula_individual,"Recurso mapeado no acervo para curadoria nos lotes subsequentes à calibração",metadados_catalogo,evid-aula-kaiser-63-9-frases-com-seis-notas,"nenhuma"
aula-mod-3-9,arq-1715,AULA_A_CURAR_EXPANSAO,hab-pendente-inspecao,fonte_candidata,integrar_aula,"Recurso mapeado no acervo para curadoria nos lotes subsequentes à calibração",legenda_indexada,evid-aula-mod-3-9,"nenhuma"
aula-mod-5-32,,AGUARDANDO_MATERIAL,NENHUMA,fonte_pendente,aguardar_material,"Entrada sem arquivos no backup local",nao_inspecionado,evid-aula-mod-5-32,"sem_arquivos_locais; sem_link_remoto"
aula-mod-6-3,,AGUARDANDO_MATERIAL,NENHUMA,fonte_pendente,aguardar_material,"Entrada sem arquivos no backup local",nao_inspecionado,evid-aula-mod-6-3,"sem_arquivos_locais"
aula-mod-9-8,arq-2038,AULA_A_CURAR_EXPANSAO,hab-pendente-inspecao,fonte_candidata,manter_aula_individual,"Recurso mapeado no acervo para curadoria nos lotes subsequentes à calibração",legenda_indexada,evid-aula-mod-9-8,"nenhuma"
aula-mod-10-1,arq-2064,AULA_A_CURAR_EXPANSAO,hab-pendente-inspecao,fonte_candidata,manter_aula_individual,"Recurso mapeado no acervo para curadoria nos lotes subsequentes à calibração",legenda_indexada,evid-aula-mod-10-1,"nenhuma"
aula-mod-10-2,arq-2066,AULA_A_CURAR_EXPANSAO,hab-pendente-inspecao,fonte_candidata,manter_aula_individual,"Recurso mapeado no acervo para curadoria nos lotes subsequentes à calibração",legenda_indexada,evid-aula-mod-10-2,"nenhuma"
aula-mod-10-3,arq-2068,AULA_A_CURAR_EXPANSAO,hab-pendente-inspecao,fonte_candidata,manter_aula_individual,"Recurso mapeado no acervo para curadoria nos lotes subsequentes à calibração",legenda_indexada,evid-aula-mod-10-3,"nenhuma"
aula-mod-10-4,arq-2070,AULA_A_CURAR_EXPANSAO,hab-pendente-inspecao,fonte_candidata,manter_aula_individual,"Recurso mapeado no acervo para curadoria nos lotes subsequentes à calibração",legenda_indexada,evid-aula-mod-10-4,"nenhuma"
aula-mod-10-5,arq-2072,AULA_A_CURAR_EXPANSAO,hab-pendente-inspecao,fonte_candidata,manter_aula_individual,"Recurso mapeado no acervo para curadoria nos lotes subsequentes à calibração",legenda_indexada,evid-aula-mod-10-5,"nenhuma"
aula-mod-10-6,arq-2074,AULA_A_CURAR_EXPANSAO,hab-pendente-inspecao,fonte_candidata,manter_aula_individual,"Recurso mapeado no acervo para curadoria nos lotes subsequentes à calibração",legenda_indexada,evid-aula-mod-10-6,"nenhuma"
aula-mod-10-7,arq-2076,AULA_A_CURAR_EXPANSAO,hab-pendente-inspecao,fonte_candidata,manter_aula_individual,"Recurso mapeado no acervo para curadoria nos lotes subsequentes à calibração",legenda_indexada,evid-aula-mod-10-7,"nenhuma"
aula-mod-10-8,arq-2078,AULA_A_CURAR_EXPANSAO,hab-pendente-inspecao,fonte_candidata,manter_aula_individual,"Recurso mapeado no acervo para curadoria nos lotes subsequentes à calibração",legenda_indexada,evid-aula-mod-10-8,"nenhuma"
aula-mod-10-9,arq-2080,AULA_A_CURAR_EXPANSAO,hab-pendente-inspecao,fonte_candidata,manter_aula_individual,"Recurso mapeado no acervo para curadoria nos lotes subsequentes à calibração",legenda_indexada,evid-aula-mod-10-9,"nenhuma"
aula-mod-10-10,arq-2082,AULA_A_CURAR_EXPANSAO,hab-pendente-inspecao,fonte_candidata,manter_aula_individual,"Recurso mapeado no acervo para curadoria nos lotes subsequentes à calibração",legenda_indexada,evid-aula-mod-10-10,"nenhuma"
aula-mod-10-11,arq-2084,AULA_A_CURAR_EXPANSAO,hab-pendente-inspecao,fonte_candidata,manter_aula_individual,"Recurso mapeado no acervo para curadoria nos lotes subsequentes à calibração",legenda_indexada,evid-aula-mod-10-11,"nenhuma"
aula-kaiser-267-1-as-notas-musicais,arq-0961,AULA_A_CURAR_EXPANSAO,hab-pendente-inspecao,fonte_candidata,manter_aula_individual,"Recurso mapeado no acervo para curadoria nos lotes subsequentes à calibração",metadados_catalogo,evid-aula-kaiser-267-1-as-notas-musicais,"nenhuma"
aula-kaiser-268-10-shape-3,arq-0963,AULA_A_CURAR_EXPANSAO,hab-pendente-inspecao,fonte_candidata,manter_aula_individual,"Recurso mapeado no acervo para curadoria nos lotes subsequentes à calibração",metadados_catalogo,evid-aula-kaiser-268-10-shape-3,"nenhuma"
aula-kaiser-269-11-shape-4,arq-0967,AULA_A_CURAR_EXPANSAO,hab-pendente-inspecao,fonte_candidata,manter_aula_individual,"Recurso mapeado no acervo para curadoria nos lotes subsequentes à calibração",legenda_indexada,evid-aula-kaiser-269-11-shape-4,"nenhuma"
aula-kaiser-270-12-shape-5,arq-0971,AULA_A_CURAR_EXPANSAO,hab-pendente-inspecao,fonte_candidata,manter_aula_individual,"Recurso mapeado no acervo para curadoria nos lotes subsequentes à calibração",legenda_indexada,evid-aula-kaiser-270-12-shape-5,"nenhuma"
aula-kaiser-271-13-escala-com-cordas-soltas,arq-0977,AULA_A_CURAR_EXPANSAO,hab-pendente-inspecao,fonte_candidata,manter_aula_individual,"Recurso mapeado no acervo para curadoria nos lotes subsequentes à calibração",legenda_indexada,evid-aula-kaiser-271-13-escala-com-cordas-soltas,"nenhuma"
aula-kaiser-272-14-consideracoes-finais-sobre-os-shapes,arq-0981,AULA_A_CURAR_EXPANSAO,hab-pendente-inspecao,fonte_candidata,manter_aula_individual,"Recurso mapeado no acervo para curadoria nos lotes subsequentes à calibração",legenda_indexada,evid-aula-kaiser-272-14-consideracoes-finais-sobre-os-shapes,"nenhuma"
aula-kaiser-273-15-pra-que-servem-as-escalas-e-os-shapes,arq-0983,AULA_A_CURAR_EXPANSAO,hab-pendente-inspecao,fonte_candidata,manter_aula_individual,"Recurso mapeado no acervo para curadoria nos lotes subsequentes à calibração",metadados_catalogo,evid-aula-kaiser-273-15-pra-que-servem-as-escalas-e-os-shapes,"nenhuma"
aula-kaiser-274-16-como-transpor-o-tom-de-uma-musica,arq-0985,AULA_A_CURAR_EXPANSAO,hab-pendente-inspecao,fonte_candidata,manter_aula_individual,"Recurso mapeado no acervo para curadoria nos lotes subsequentes à calibração",metadados_catalogo,evid-aula-kaiser-274-16-como-transpor-o-tom-de-uma-musica,"nenhuma"
aula-kaiser-275-17-truque-de-mestre-pra-contar-intervalo,arq-0988,AULA_A_CURAR_EXPANSAO,hab-pendente-inspecao,fonte_candidata,manter_aula_individual,"Recurso mapeado no acervo para curadoria nos lotes subsequentes à calibração",metadados_catalogo,evid-aula-kaiser-275-17-truque-de-mestre-pra-contar-intervalo,"nenhuma"
aula-kaiser-276-18-o-ciclo-das-quintas-e-das-quartas,arq-0991,AULA_A_CURAR_EXPANSAO,hab-pendente-inspecao,fonte_candidata,manter_aula_individual,"Recurso mapeado no acervo para curadoria nos lotes subsequentes à calibração",metadados_catalogo,evid-aula-kaiser-276-18-o-ciclo-das-quintas-e-das-quartas,"nenhuma"
aula-kaiser-277-19-intervalos-justos-ou-maiores,arq-0994,AULA_A_CURAR_EXPANSAO,hab-pendente-inspecao,fonte_candidata,manter_aula_individual,"Recurso mapeado no acervo para curadoria nos lotes subsequentes à calibração",metadados_catalogo,evid-aula-kaiser-277-19-intervalos-justos-ou-maiores,"nenhuma"
aula-kaiser-278-2-intervalos,arq-0998,AULA_A_CURAR_EXPANSAO,hab-pendente-inspecao,fonte_candidata,manter_aula_individual,"Recurso mapeado no acervo para curadoria nos lotes subsequentes à calibração",metadados_catalogo,evid-aula-kaiser-278-2-intervalos,"nenhuma"
aula-kaiser-279-20-como-construir-qualquer-acorde,arq-1003,AULA_A_CURAR_EXPANSAO,hab-pendente-inspecao,fonte_candidata,manter_aula_individual,"Recurso mapeado no acervo para curadoria nos lotes subsequentes à calibração",legenda_indexada,evid-aula-kaiser-279-20-como-construir-qualquer-acorde,"nenhuma"
aula-kaiser-280-21-escalas-pentatonicas,arq-1010,AULA_A_CURAR_EXPANSAO,hab-pendente-inspecao,fonte_candidata,manter_aula_individual,"Recurso mapeado no acervo para curadoria nos lotes subsequentes à calibração",legenda_indexada,evid-aula-kaiser-280-21-escalas-pentatonicas,"nenhuma"
aula-kaiser-281-22-entenda-as-inversoes-de-acordes,arq-1014,AULA_A_CURAR_EXPANSAO,hab-pendente-inspecao,fonte_candidata,manter_aula_individual,"Recurso mapeado no acervo para curadoria nos lotes subsequentes à calibração",legenda_indexada,evid-aula-kaiser-281-22-entenda-as-inversoes-de-acordes,"nenhuma"
aula-kaiser-282-23-inversoes-7m,arq-1021,AULA_A_CURAR_EXPANSAO,hab-pendente-inspecao,fonte_candidata,manter_aula_individual,"Recurso mapeado no acervo para curadoria nos lotes subsequentes à calibração",legenda_indexada,evid-aula-kaiser-282-23-inversoes-7m,"nenhuma"
aula-kaiser-283-24-inversoes-7,arq-1028,AULA_A_CURAR_EXPANSAO,hab-pendente-inspecao,fonte_candidata,manter_aula_individual,"Recurso mapeado no acervo para curadoria nos lotes subsequentes à calibração",legenda_indexada,evid-aula-kaiser-283-24-inversoes-7,"nenhuma"
aula-kaiser-284-25-inversoes-m7,arq-1034,AULA_A_CURAR_EXPANSAO,hab-pendente-inspecao,fonte_candidata,manter_aula_individual,"Recurso mapeado no acervo para curadoria nos lotes subsequentes à calibração",legenda_indexada,evid-aula-kaiser-284-25-inversoes-m7,"nenhuma"
aula-kaiser-285-26-inversoes-em-diminutos,arq-1038,AULA_A_CURAR_EXPANSAO,hab-pendente-inspecao,fonte_candidata,manter_aula_individual,"Recurso mapeado no acervo para curadoria nos lotes subsequentes à calibração",legenda_indexada,evid-aula-kaiser-285-26-inversoes-em-diminutos,"nenhuma"
aula-kaiser-286-27-arpejos-em-7m-7-e-m7,arq-1042,AULA_A_CURAR_EXPANSAO,hab-pendente-inspecao,fonte_candidata,manter_aula_individual,"Recurso mapeado no acervo para curadoria nos lotes subsequentes à calibração",metadados_catalogo,evid-aula-kaiser-286-27-arpejos-em-7m-7-e-m7,"nenhuma"
aula-kaiser-287-28-arpejos-diminutos,arq-1048,AULA_A_CURAR_EXPANSAO,hab-pendente-inspecao,fonte_candidata,manter_aula_individual,"Recurso mapeado no acervo para curadoria nos lotes subsequentes à calibração",legenda_indexada,evid-aula-kaiser-287-28-arpejos-diminutos,"nenhuma"
aula-kaiser-288-29-informacao-importante-antes-de-seguir,arq-1049,AULA_A_CURAR_EXPANSAO,hab-pendente-inspecao,fonte_candidata,revisao_apoio,"Recurso mapeado no acervo para curadoria nos lotes subsequentes à calibração",metadados_catalogo,evid-aula-kaiser-288-29-informacao-importante-antes-de-seguir,"apenas_documentacao_sem_midia; sem_link_remoto"
aula-kaiser-289-3-a-escala-maior-e-a-menor-natural,arq-1051,AULA_A_CURAR_EXPANSAO,hab-pendente-inspecao,fonte_candidata,manter_aula_individual,"Recurso mapeado no acervo para curadoria nos lotes subsequentes à calibração",metadados_catalogo,evid-aula-kaiser-289-3-a-escala-maior-e-a-menor-natural,"nenhuma"
aula-kaiser-290-30-escala-de-blues,arq-1055,AULA_A_CURAR_EXPANSAO,hab-pendente-inspecao,fonte_candidata,manter_aula_individual,"Recurso mapeado no acervo para curadoria nos lotes subsequentes à calibração",metadados_catalogo,evid-aula-kaiser-290-30-escala-de-blues,"nenhuma"
aula-kaiser-291-31-campo-harmonico-da-escala-menor-harmo,arq-1059,AULA_A_CURAR_EXPANSAO,hab-pendente-inspecao,fonte_candidata,manter_aula_individual,"Recurso mapeado no acervo para curadoria nos lotes subsequentes à calibração",legenda_indexada,evid-aula-kaiser-291-31-campo-harmonico-da-escala-menor-harmo,"nenhuma"
aula-kaiser-292-32-shapes-da-escala-menor-harmonica,arq-1063,AULA_A_CURAR_EXPANSAO,hab-pendente-inspecao,fonte_candidata,manter_aula_individual,"Recurso mapeado no acervo para curadoria nos lotes subsequentes à calibração",metadados_catalogo,evid-aula-kaiser-292-32-shapes-da-escala-menor-harmonica,"nenhuma"
aula-kaiser-293-33-campo-harmonico-da-escala-menor-melod,arq-1065,AULA_A_CURAR_EXPANSAO,hab-pendente-inspecao,fonte_candidata,manter_aula_individual,"Recurso mapeado no acervo para curadoria nos lotes subsequentes à calibração",metadados_catalogo,evid-aula-kaiser-293-33-campo-harmonico-da-escala-menor-melod,"nenhuma"
aula-kaiser-294-34-shapes-da-escala-menor-melodica,arq-1069,AULA_A_CURAR_EXPANSAO,hab-pendente-inspecao,fonte_candidata,manter_aula_individual,"Recurso mapeado no acervo para curadoria nos lotes subsequentes à calibração",metadados_catalogo,evid-aula-kaiser-294-34-shapes-da-escala-menor-melodica,"nenhuma"
aula-kaiser-295-35-escala-diminuta,arq-1076,AULA_A_CURAR_EXPANSAO,hab-pendente-inspecao,fonte_candidata,manter_aula_individual,"Recurso mapeado no acervo para curadoria nos lotes subsequentes à calibração",legenda_indexada,evid-aula-kaiser-295-35-escala-diminuta,"nenhuma"
aula-kaiser-296-4-campo-harmonico-da-escala-maior,arq-1078,AULA_A_CURAR_EXPANSAO,hab-pendente-inspecao,fonte_candidata,manter_aula_individual,"Recurso mapeado no acervo para curadoria nos lotes subsequentes à calibração",metadados_catalogo,evid-aula-kaiser-296-4-campo-harmonico-da-escala-maior,"nenhuma"
aula-kaiser-297-5-como-localizar-as-notas-no-violao,arq-1083,AULA_A_CURAR_EXPANSAO,hab-pendente-inspecao,fonte_candidata,manter_aula_individual,"Recurso mapeado no acervo para curadoria nos lotes subsequentes à calibração",metadados_catalogo,evid-aula-kaiser-297-5-como-localizar-as-notas-no-violao,"nenhuma"
aula-kaiser-298-6-como-aplicar-os-conhecimentos-da-teori,arq-1085,AULA_A_CURAR_EXPANSAO,hab-pendente-inspecao,fonte_candidata,manter_aula_individual,"Recurso mapeado no acervo para curadoria nos lotes subsequentes à calibração",metadados_catalogo,evid-aula-kaiser-298-6-como-aplicar-os-conhecimentos-da-teori,"nenhuma"
aula-kaiser-299-7-a-escala-maior-no-violao,arq-1091,AULA_A_CURAR_EXPANSAO,hab-pendente-inspecao,fonte_candidata,manter_aula_individual,"Recurso mapeado no acervo para curadoria nos lotes subsequentes à calibração",legenda_indexada,evid-aula-kaiser-299-7-a-escala-maior-no-violao,"nenhuma"
aula-kaiser-300-8-shape-1,arq-1093,AULA_A_CURAR_EXPANSAO,hab-pendente-inspecao,fonte_candidata,manter_aula_individual,"Recurso mapeado no acervo para curadoria nos lotes subsequentes à calibração",metadados_catalogo,evid-aula-kaiser-300-8-shape-1,"nenhuma"
aula-kaiser-301-9-shape-2,arq-1099,AULA_A_CURAR_EXPANSAO,hab-pendente-inspecao,fonte_candidata,manter_aula_individual,"Recurso mapeado no acervo para curadoria nos lotes subsequentes à calibração",legenda_indexada,evid-aula-kaiser-301-9-shape-2,"nenhuma"
aula-kaiser-302-1-harmonia-funcional-aula-1,arq-1102,AULA_A_CURAR_EXPANSAO,hab-pendente-inspecao,fonte_candidata,manter_aula_individual,"Recurso mapeado no acervo para curadoria nos lotes subsequentes à calibração",metadados_catalogo,evid-aula-kaiser-302-1-harmonia-funcional-aula-1,"nenhuma"
aula-kaiser-303-2-harmonia-funcional-aula-2-dominantes-e,arq-1104,AULA_A_CURAR_EXPANSAO,hab-pendente-inspecao,fonte_candidata,manter_aula_individual,"Recurso mapeado no acervo para curadoria nos lotes subsequentes à calibração",metadados_catalogo,evid-aula-kaiser-303-2-harmonia-funcional-aula-2-dominantes-e,"nenhuma"
aula-kaiser-304-3-harmonia-funcional-aula-3-diminutos,arq-1107,AULA_A_CURAR_EXPANSAO,hab-pendente-inspecao,fonte_candidata,manter_aula_individual,"Recurso mapeado no acervo para curadoria nos lotes subsequentes à calibração",metadados_catalogo,evid-aula-kaiser-304-3-harmonia-funcional-aula-3-diminutos,"nenhuma"
aula-kaiser-305-4-o-metodo-esquecido-de-harmonia-popular,arq-1112,AULA_A_CURAR_EXPANSAO,hab-pendente-inspecao,fonte_candidata,manter_aula_individual,"Recurso mapeado no acervo para curadoria nos lotes subsequentes à calibração",legenda_indexada,evid-aula-kaiser-305-4-o-metodo-esquecido-de-harmonia-popular,"nenhuma"
aula-kaiser-306-5-exercicio-de-cadencias-harmonicas,arq-1114,AULA_A_CURAR_EXPANSAO,hab-pendente-inspecao,fonte_candidata,manter_aula_individual,"Recurso mapeado no acervo para curadoria nos lotes subsequentes à calibração",metadados_catalogo,evid-aula-kaiser-306-5-exercicio-de-cadencias-harmonicas,"nenhuma"
aula-kaiser-307-6-analise-harmonica-trem-das-onze,arq-1116,AULA_A_CURAR_EXPANSAO,hab-pendente-inspecao,fonte_candidata,manter_aula_individual,"Recurso mapeado no acervo para curadoria nos lotes subsequentes à calibração",metadados_catalogo,evid-aula-kaiser-307-6-analise-harmonica-trem-das-onze,"nenhuma"
aula-kaiser-308-7-analise-harmonica-chega-de-saudade,arq-1122,AULA_A_CURAR_EXPANSAO,hab-pendente-inspecao,fonte_candidata,manter_aula_individual,"Recurso mapeado no acervo para curadoria nos lotes subsequentes à calibração",legenda_indexada,evid-aula-kaiser-308-7-analise-harmonica-chega-de-saudade,"nenhuma"
aula-kaiser-309-1-modos-gregos-teoria,arq-1124,AULA_A_CURAR_EXPANSAO,hab-pendente-inspecao,fonte_candidata,manter_aula_individual,"Recurso mapeado no acervo para curadoria nos lotes subsequentes à calibração",metadados_catalogo,evid-aula-kaiser-309-1-modos-gregos-teoria,"nenhuma"
aula-kaiser-310-2-modos-gregos-aula-pratica-1,arq-1127,AULA_A_CURAR_EXPANSAO,hab-pendente-inspecao,fonte_candidata,manter_aula_individual,"Recurso mapeado no acervo para curadoria nos lotes subsequentes à calibração",metadados_catalogo,evid-aula-kaiser-310-2-modos-gregos-aula-pratica-1,"nenhuma"
aula-kaiser-311-3-modos-gregos-aula-pratica-2,arq-1131,AULA_A_CURAR_EXPANSAO,hab-pendente-inspecao,fonte_candidata,manter_aula_individual,"Recurso mapeado no acervo para curadoria nos lotes subsequentes à calibração",metadados_catalogo,evid-aula-kaiser-311-3-modos-gregos-aula-pratica-2,"nenhuma"
aula-kaiser-312-4-modos-gregos-aula-pratica-3,arq-1135,AULA_A_CURAR_EXPANSAO,hab-pendente-inspecao,fonte_candidata,manter_aula_individual,"Recurso mapeado no acervo para curadoria nos lotes subsequentes à calibração",metadados_catalogo,evid-aula-kaiser-312-4-modos-gregos-aula-pratica-3,"nenhuma"
aula-kaiser-313-1-construcao-avancada-de-acordes,arq-1137,AULA_A_CURAR_EXPANSAO,hab-pendente-inspecao,fonte_candidata,manter_aula_individual,"Recurso mapeado no acervo para curadoria nos lotes subsequentes à calibração",metadados_catalogo,evid-aula-kaiser-313-1-construcao-avancada-de-acordes,"nenhuma"
aula-kaiser-314-2-acordes-de-emprestimo-modal,arq-1141,AULA_A_CURAR_EXPANSAO,hab-pendente-inspecao,fonte_candidata,manter_aula_individual,"Recurso mapeado no acervo para curadoria nos lotes subsequentes à calibração",metadados_catalogo,evid-aula-kaiser-314-2-acordes-de-emprestimo-modal,"nenhuma"
aula-kaiser-315-3-rearmonizacao-e-chord-melody,arq-1143,AULA_A_CURAR_EXPANSAO,hab-pendente-inspecao,fonte_candidata,manter_aula_individual,"Recurso mapeado no acervo para curadoria nos lotes subsequentes à calibração",metadados_catalogo,evid-aula-kaiser-315-3-rearmonizacao-e-chord-melody,"nenhuma"
aula-mod-2-26,arq-1652,AULA_A_CURAR_EXPANSAO,hab-pendente-inspecao,fonte_candidata,integrar_aula,"Recurso mapeado no acervo para curadoria nos lotes subsequentes à calibração",legenda_indexada,evid-aula-mod-2-26,"nenhuma"
aula-mod-7-8,arq-1923,AULA_A_CURAR_EXPANSAO,hab-pendente-inspecao,fonte_candidata,manter_aula_individual,"Recurso mapeado no acervo para curadoria nos lotes subsequentes à calibração",legenda_indexada,evid-aula-mod-7-8,"nenhuma"
aula-mod-7-10,,AGUARDANDO_MATERIAL,NENHUMA,fonte_pendente,aguardar_material,"Entrada sem arquivos no backup local",nao_inspecionado,evid-aula-mod-7-10,"sem_arquivos_locais; sem_link_remoto"
aula-mod-7-11,,AGUARDANDO_MATERIAL,NENHUMA,fonte_pendente,aguardar_material,"Entrada sem arquivos no backup local",nao_inspecionado,evid-aula-mod-7-11,"sem_arquivos_locais; sem_link_remoto"
aula-mod-7-4,,AGUARDANDO_MATERIAL,NENHUMA,fonte_pendente,aguardar_material,"Entrada sem arquivos no backup local",nao_inspecionado,evid-aula-mod-7-4,"sem_arquivos_locais"
aula-mod-7-13,,AGUARDANDO_MATERIAL,NENHUMA,fonte_pendente,aguardar_material,"Entrada sem arquivos no backup local",nao_inspecionado,evid-aula-mod-7-13,"sem_arquivos_locais; sem_link_remoto"
aula-mod-7-14,,AGUARDANDO_MATERIAL,NENHUMA,fonte_pendente,aguardar_material,"Entrada sem arquivos no backup local",nao_inspecionado,evid-aula-mod-7-14,"sem_arquivos_locais; sem_link_remoto"
aula-mod-7-15,,AGUARDANDO_MATERIAL,NENHUMA,fonte_pendente,aguardar_material,"Entrada sem arquivos no backup local",nao_inspecionado,evid-aula-mod-7-15,"sem_arquivos_locais; sem_link_remoto"
aula-mod-7-16,,AGUARDANDO_MATERIAL,NENHUMA,fonte_pendente,aguardar_material,"Entrada sem arquivos no backup local",nao_inspecionado,evid-aula-mod-7-16,"sem_arquivos_locais; sem_link_remoto"
aula-mod-7-18,arq-1930,AULA_A_CURAR_EXPANSAO,hab-pendente-inspecao,fonte_candidata,manter_aula_individual,"Recurso mapeado no acervo para curadoria nos lotes subsequentes à calibração",legenda_indexada,evid-aula-mod-7-18,"nenhuma"
aula-mod-7-19,arq-1978,AULA_A_CURAR_EXPANSAO,hab-pendente-inspecao,fonte_candidata,manter_aula_individual,"Recurso mapeado no acervo para curadoria nos lotes subsequentes à calibração",legenda_indexada,evid-aula-mod-7-19,"nenhuma"
aula-mod-7-5,,AGUARDANDO_MATERIAL,NENHUMA,fonte_pendente,aguardar_material,"Entrada sem arquivos no backup local",nao_inspecionado,evid-aula-mod-7-5,"sem_arquivos_locais"
aula-mod-8-12,,AGUARDANDO_MATERIAL,NENHUMA,fonte_pendente,aguardar_material,"Entrada sem arquivos no backup local",nao_inspecionado,evid-aula-mod-8-12,"sem_arquivos_locais; sem_link_remoto"
aula-mod-8-2,,AGUARDANDO_MATERIAL,NENHUMA,fonte_pendente,aguardar_material,"Entrada sem arquivos no backup local",nao_inspecionado,evid-aula-mod-8-2,"sem_arquivos_locais"
aula-mod-8-3,arq-1987,AULA_A_CURAR_EXPANSAO,hab-pendente-inspecao,fonte_candidata,integrar_aula,"Recurso mapeado no acervo para curadoria nos lotes subsequentes à calibração",legenda_indexada,evid-aula-mod-8-3,"nenhuma"
aula-mod-8-14,arq-1998,AULA_A_CURAR_EXPANSAO,hab-pendente-inspecao,fonte_candidata,manter_aula_individual,"Recurso mapeado no acervo para curadoria nos lotes subsequentes à calibração",legenda_indexada,evid-aula-mod-8-14,"nenhuma"
aula-mod-8-15,arq-2000,AULA_A_CURAR_EXPANSAO,hab-pendente-inspecao,fonte_candidata,manter_aula_individual,"Recurso mapeado no acervo para curadoria nos lotes subsequentes à calibração",legenda_indexada,evid-aula-mod-8-15,"nenhuma"
aula-mod-8-4,arq-1991,AULA_A_CURAR_EXPANSAO,hab-pendente-inspecao,fonte_candidata,manter_aula_individual,"Recurso mapeado no acervo para curadoria nos lotes subsequentes à calibração",legenda_indexada,evid-aula-mod-8-4,"nenhuma"
aula-mod-8-17,arq-2005,AULA_A_CURAR_EXPANSAO,hab-pendente-inspecao,fonte_candidata,manter_aula_individual,"Recurso mapeado no acervo para curadoria nos lotes subsequentes à calibração",legenda_indexada,evid-aula-mod-8-17,"nenhuma"
aula-mod-8-5,,AGUARDANDO_MATERIAL,NENHUMA,fonte_pendente,aguardar_material,"Entrada sem arquivos no backup local",nao_inspecionado,evid-aula-mod-8-5,"sem_arquivos_locais"
aula-mod-8-6,,AGUARDANDO_MATERIAL,NENHUMA,fonte_pendente,aguardar_material,"Entrada sem arquivos no backup local",nao_inspecionado,evid-aula-mod-8-6,"sem_arquivos_locais"
aula-mod-8-7,,AGUARDANDO_MATERIAL,NENHUMA,fonte_pendente,aguardar_material,"Entrada sem arquivos no backup local",nao_inspecionado,evid-aula-mod-8-7,"sem_arquivos_locais"
aula-mod-8-8,arq-1993,AULA_A_CURAR_EXPANSAO,hab-pendente-inspecao,fonte_candidata,manter_aula_individual,"Recurso mapeado no acervo para curadoria nos lotes subsequentes à calibração",legenda_indexada,evid-aula-mod-8-8,"nenhuma"
aula-mod-8-10,,AGUARDANDO_MATERIAL,NENHUMA,fonte_pendente,aguardar_material,"Entrada sem arquivos no backup local",nao_inspecionado,evid-aula-mod-8-10,"sem_arquivos_locais"
aula-mod-8-11,,AGUARDANDO_MATERIAL,NENHUMA,fonte_pendente,aguardar_material,"Entrada sem arquivos no backup local",nao_inspecionado,evid-aula-mod-8-11,"sem_arquivos_locais"
aula-mod-9-4,arq-2025,AULA_A_CURAR_EXPANSAO,hab-pendente-inspecao,fonte_candidata,integrar_aula,"Recurso mapeado no acervo para curadoria nos lotes subsequentes à calibração",legenda_indexada,evid-aula-mod-9-4,"nenhuma"
aula-kaiser-23-1-comece-pelo-simples,arq-0094,AULA_A_CURAR_EXPANSAO,hab-pendente-inspecao,fonte_candidata,manter_aula_individual,"Recurso mapeado no acervo para curadoria nos lotes subsequentes à calibração",metadados_catalogo,evid-aula-kaiser-23-1-comece-pelo-simples,"nenhuma"
aula-kaiser-24-10-exercicio-para-ter-dominio-harmonico,arq-0096,AULA_A_CURAR_EXPANSAO,hab-pendente-inspecao,fonte_candidata,manter_aula_individual,"Recurso mapeado no acervo para curadoria nos lotes subsequentes à calibração",metadados_catalogo,evid-aula-kaiser-24-10-exercicio-para-ter-dominio-harmonico,"nenhuma"
aula-kaiser-25-2-engenharia-reversa-da-musica,arq-0098,AULA_A_CURAR_EXPANSAO,hab-pendente-inspecao,fonte_candidata,manter_aula_individual,"Recurso mapeado no acervo para curadoria nos lotes subsequentes à calibração",metadados_catalogo,evid-aula-kaiser-25-2-engenharia-reversa-da-musica,"nenhuma"
aula-kaiser-26-3-resolvendo-problemas-de-digitacao,arq-0101,AULA_A_CURAR_EXPANSAO,hab-pendente-inspecao,fonte_candidata,manter_aula_individual,"Recurso mapeado no acervo para curadoria nos lotes subsequentes à calibração",metadados_catalogo,evid-aula-kaiser-26-3-resolvendo-problemas-de-digitacao,"nenhuma"
aula-kaiser-27-4-os-principios-basicos-para-se-fazer-ar,arq-0104,AULA_A_CURAR_EXPANSAO,hab-pendente-inspecao,fonte_candidata,manter_aula_individual,"Recurso mapeado no acervo para curadoria nos lotes subsequentes à calibração",metadados_catalogo,evid-aula-kaiser-27-4-os-principios-basicos-para-se-fazer-ar,"nenhuma"
aula-kaiser-28-5-aprenda-a-fazer-arranjos-fingerstyle-e,arq-0108,AULA_A_CURAR_EXPANSAO,hab-pendente-inspecao,fonte_candidata,manter_aula_individual,"Recurso mapeado no acervo para curadoria nos lotes subsequentes à calibração",legenda_indexada,evid-aula-kaiser-28-5-aprenda-a-fazer-arranjos-fingerstyle-e,"nenhuma"
aula-kaiser-29-6-preenchimento-ritmico-nos-arranjos,arq-0114,AULA_A_CURAR_EXPANSAO,hab-pendente-inspecao,fonte_candidata,manter_aula_individual,"Recurso mapeado no acervo para curadoria nos lotes subsequentes à calibração",legenda_indexada,evid-aula-kaiser-29-6-preenchimento-ritmico-nos-arranjos,"contem_arquivos_part"
aula-kaiser-30-7-entortando-uma-musica,arq-0118,AULA_A_CURAR_EXPANSAO,hab-pendente-inspecao,fonte_candidata,manter_aula_individual,"Recurso mapeado no acervo para curadoria nos lotes subsequentes à calibração",metadados_catalogo,evid-aula-kaiser-30-7-entortando-uma-musica,"nenhuma"
aula-kaiser-31-8-como-criar-uma-introducao-de-uma-music,arq-0120,AULA_A_CURAR_EXPANSAO,hab-pendente-inspecao,fonte_candidata,revisao_apoio,"Recurso mapeado no acervo para curadoria nos lotes subsequentes à calibração",metadados_catalogo,evid-aula-kaiser-31-8-como-criar-uma-introducao-de-uma-music,"nenhuma"
aula-kaiser-32-9-inversoes-e-aberturas-de-acordes-avanc,arq-0122,AULA_A_CURAR_EXPANSAO,hab-pendente-inspecao,fonte_candidata,manter_aula_individual,"Recurso mapeado no acervo para curadoria nos lotes subsequentes à calibração",metadados_catalogo,evid-aula-kaiser-32-9-inversoes-e-aberturas-de-acordes-avanc,"nenhuma"
aula-kaiser-167-1-samba-da-bencao-baden-powell,arq-0560,AULA_A_CURAR_EXPANSAO,hab-pendente-inspecao,fonte_candidata,manter_aula_individual,"Recurso mapeado no acervo para curadoria nos lotes subsequentes à calibração",legenda_indexada,evid-aula-kaiser-167-1-samba-da-bencao-baden-powell,"nenhuma"
aula-kaiser-168-10-rocky-um-lutador-tema-do-filme-6a-cor,arq-0568,AULA_A_CURAR_EXPANSAO,hab-pendente-inspecao,fonte_candidata,manter_aula_individual,"Recurso mapeado no acervo para curadoria nos lotes subsequentes à calibração",legenda_indexada,evid-aula-kaiser-168-10-rocky-um-lutador-tema-do-filme-6a-cor,"nenhuma"
aula-kaiser-169-11-swing-slow-blues-robson-miguel,arq-0574,AULA_A_CURAR_EXPANSAO,hab-pendente-inspecao,fonte_candidata,manter_aula_individual,"Recurso mapeado no acervo para curadoria nos lotes subsequentes à calibração",legenda_indexada,evid-aula-kaiser-169-11-swing-slow-blues-robson-miguel,"nenhuma"
aula-kaiser-170-12-noturno-marangoni-choro,arq-0579,AULA_A_CURAR_EXPANSAO,hab-pendente-inspecao,fonte_candidata,manter_aula_individual,"Recurso mapeado no acervo para curadoria nos lotes subsequentes à calibração",legenda_indexada,evid-aula-kaiser-170-12-noturno-marangoni-choro,"nenhuma"
aula-kaiser-171-13-fly-me-to-the-moon-jazz-arranjo-de-ro,arq-0585,AULA_A_CURAR_EXPANSAO,hab-pendente-inspecao,fonte_candidata,manter_aula_individual,"Recurso mapeado no acervo para curadoria nos lotes subsequentes à calibração",legenda_indexada,evid-aula-kaiser-171-13-fly-me-to-the-moon-jazz-arranjo-de-ro,"nenhuma"
aula-kaiser-172-14-berimbau-baden-powell-afro-samba,arq-0589,AULA_A_CURAR_EXPANSAO,hab-pendente-inspecao,fonte_candidata,manter_aula_individual,"Recurso mapeado no acervo para curadoria nos lotes subsequentes à calibração",legenda_indexada,evid-aula-kaiser-172-14-berimbau-baden-powell-afro-samba,"nenhuma"
aula-kaiser-173-15-caixa-de-fosforo-othon-da-rocha-filho,arq-0592,AULA_A_CURAR_EXPANSAO,hab-pendente-inspecao,fonte_candidata,manter_aula_individual,"Recurso mapeado no acervo para curadoria nos lotes subsequentes à calibração",legenda_indexada,evid-aula-kaiser-173-15-caixa-de-fosforo-othon-da-rocha-filho,"nenhuma"
aula-kaiser-174-16-estudo-de-duas-vozes-matteo-carcassi-,arq-0594,AULA_A_CURAR_EXPANSAO,hab-pendente-inspecao,fonte_candidata,manter_aula_individual,"Recurso mapeado no acervo para curadoria nos lotes subsequentes à calibração",metadados_catalogo,evid-aula-kaiser-174-16-estudo-de-duas-vozes-matteo-carcassi-,"nenhuma"
aula-kaiser-175-17-adagio-concerto-de-aranjuez,arq-0598,AULA_A_CURAR_EXPANSAO,hab-pendente-inspecao,fonte_candidata,manter_aula_individual,"Recurso mapeado no acervo para curadoria nos lotes subsequentes à calibração",metadados_catalogo,evid-aula-kaiser-175-17-adagio-concerto-de-aranjuez,"nenhuma"
aula-kaiser-176-18-eu-sei-que-vou-te-amar-tom-jobim,arq-0602,AULA_A_CURAR_EXPANSAO,hab-pendente-inspecao,fonte_candidata,manter_aula_individual,"Recurso mapeado no acervo para curadoria nos lotes subsequentes à calibração",legenda_indexada,evid-aula-kaiser-176-18-eu-sei-que-vou-te-amar-tom-jobim,"nenhuma"
aula-kaiser-177-19-bourree-j-s-bach-violao-classico,arq-0609,AULA_A_CURAR_EXPANSAO,hab-pendente-inspecao,fonte_candidata,manter_aula_individual,"Recurso mapeado no acervo para curadoria nos lotes subsequentes à calibração",legenda_indexada,evid-aula-kaiser-177-19-bourree-j-s-bach-violao-classico,"nenhuma"
aula-kaiser-178-2-estudo-para-mao-direita-leo-brouwer-es,arq-0611,AULA_A_CURAR_EXPANSAO,hab-pendente-inspecao,fonte_candidata,manter_aula_individual,"Recurso mapeado no acervo para curadoria nos lotes subsequentes à calibração",metadados_catalogo,evid-aula-kaiser-178-2-estudo-para-mao-direita-leo-brouwer-es,"nenhuma"
aula-kaiser-179-20-canto-de-ossanha-baden-powell-samba,arq-0616,AULA_A_CURAR_EXPANSAO,hab-pendente-inspecao,fonte_candidata,manter_aula_individual,"Recurso mapeado no acervo para curadoria nos lotes subsequentes à calibração",legenda_indexada,evid-aula-kaiser-179-20-canto-de-ossanha-baden-powell-samba,"nenhuma"
aula-kaiser-180-21-samba-de-uma-nota-so-tom-jobim,arq-0618,AULA_A_CURAR_EXPANSAO,hab-pendente-inspecao,fonte_candidata,manter_aula_individual,"Recurso mapeado no acervo para curadoria nos lotes subsequentes à calibração",metadados_catalogo,evid-aula-kaiser-180-21-samba-de-uma-nota-so-tom-jobim,"nenhuma"
aula-kaiser-181-22-gente-humilde-garoto-mpb,arq-0622,AULA_A_CURAR_EXPANSAO,hab-pendente-inspecao,fonte_candidata,manter_aula_individual,"Recurso mapeado no acervo para curadoria nos lotes subsequentes à calibração",legenda_indexada,evid-aula-kaiser-181-22-gente-humilde-garoto-mpb,"nenhuma"
aula-kaiser-182-23-aquarela-toquinho,arq-0625,AULA_A_CURAR_EXPANSAO,hab-pendente-inspecao,fonte_candidata,manter_aula_individual,"Recurso mapeado no acervo para curadoria nos lotes subsequentes à calibração",metadados_catalogo,evid-aula-kaiser-182-23-aquarela-toquinho,"nenhuma"
aula-kaiser-183-24-exercicio-de-tremolo-dedilhado-avanca,arq-0629,AULA_A_CURAR_EXPANSAO,hab-pendente-inspecao,fonte_candidata,manter_aula_individual,"Recurso mapeado no acervo para curadoria nos lotes subsequentes à calibração",legenda_indexada,evid-aula-kaiser-183-24-exercicio-de-tremolo-dedilhado-avanca,"nenhuma"
aula-kaiser-184-25-romance-de-amor-com-tecnica-tremolo,arq-0631,AULA_A_CURAR_EXPANSAO,hab-pendente-inspecao,fonte_candidata,manter_aula_individual,"Recurso mapeado no acervo para curadoria nos lotes subsequentes à calibração",metadados_catalogo,evid-aula-kaiser-184-25-romance-de-amor-com-tecnica-tremolo,"nenhuma"
aula-kaiser-185-26-uma-valsa-e-dois-amores-dilermando-re,arq-0634,AULA_A_CURAR_EXPANSAO,hab-pendente-inspecao,fonte_candidata,manter_aula_individual,"Recurso mapeado no acervo para curadoria nos lotes subsequentes à calibração",metadados_catalogo,evid-aula-kaiser-185-26-uma-valsa-e-dois-amores-dilermando-re,"nenhuma"
aula-kaiser-186-27-se-ela-perguntar-dilermando-reis,arq-0639,AULA_A_CURAR_EXPANSAO,hab-pendente-inspecao,fonte_candidata,manter_aula_individual,"Recurso mapeado no acervo para curadoria nos lotes subsequentes à calibração",legenda_indexada,evid-aula-kaiser-186-27-se-ela-perguntar-dilermando-reis,"nenhuma"
aula-kaiser-187-28-abismo-de-rosas-americo-jacobino-canh,arq-0643,AULA_A_CURAR_EXPANSAO,hab-pendente-inspecao,fonte_candidata,manter_aula_individual,"Recurso mapeado no acervo para curadoria nos lotes subsequentes à calibração",legenda_indexada,evid-aula-kaiser-187-28-abismo-de-rosas-americo-jacobino-canh,"nenhuma"
aula-kaiser-188-29-joao-e-maria-chico-buarque,arq-0646,AULA_A_CURAR_EXPANSAO,hab-pendente-inspecao,fonte_candidata,manter_aula_individual,"Recurso mapeado no acervo para curadoria nos lotes subsequentes à calibração",metadados_catalogo,evid-aula-kaiser-188-29-joao-e-maria-chico-buarque,"nenhuma"
aula-kaiser-189-3-pantera-cor-de-rosa-fingerstyle,arq-0649,AULA_A_CURAR_EXPANSAO,hab-pendente-inspecao,fonte_candidata,manter_aula_individual,"Recurso mapeado no acervo para curadoria nos lotes subsequentes à calibração",metadados_catalogo,evid-aula-kaiser-189-3-pantera-cor-de-rosa-fingerstyle,"nenhuma"
aula-kaiser-190-30-tristeza-do-jeca-musica-caipira,arq-0652,AULA_A_CURAR_EXPANSAO,hab-pendente-inspecao,fonte_candidata,manter_aula_individual,"Recurso mapeado no acervo para curadoria nos lotes subsequentes à calibração",metadados_catalogo,evid-aula-kaiser-190-30-tristeza-do-jeca-musica-caipira,"nenhuma"
aula-kaiser-191-31-tristeza-samba,arq-0655,AULA_A_CURAR_EXPANSAO,hab-pendente-inspecao,fonte_candidata,manter_aula_individual,"Recurso mapeado no acervo para curadoria nos lotes subsequentes à calibração",metadados_catalogo,evid-aula-kaiser-191-31-tristeza-samba,"nenhuma"
aula-kaiser-192-32-the-doctor-blues-marcos-kaiser-finger,arq-0658,AULA_A_CURAR_EXPANSAO,hab-pendente-inspecao,fonte_candidata,manter_aula_individual,"Recurso mapeado no acervo para curadoria nos lotes subsequentes à calibração",metadados_catalogo,evid-aula-kaiser-192-32-the-doctor-blues-marcos-kaiser-finger,"nenhuma"
aula-kaiser-193-33-rumbita-rumba-flamenca-de-robson-migu,arq-0663,AULA_A_CURAR_EXPANSAO,hab-pendente-inspecao,fonte_candidata,manter_aula_individual,"Recurso mapeado no acervo para curadoria nos lotes subsequentes à calibração",legenda_indexada,evid-aula-kaiser-193-33-rumbita-rumba-flamenca-de-robson-migu,"nenhuma"
aula-kaiser-194-34-dragon-ball-gt-sorriso-resplandecente,arq-0671,AULA_A_CURAR_EXPANSAO,hab-pendente-inspecao,fonte_candidata,manter_aula_individual,"Recurso mapeado no acervo para curadoria nos lotes subsequentes à calibração",legenda_indexada,evid-aula-kaiser-194-34-dragon-ball-gt-sorriso-resplandecente,"nenhuma"
aula-kaiser-195-35-canon-in-d-pachelbel-violao-classico,arq-0677,AULA_A_CURAR_EXPANSAO,hab-pendente-inspecao,fonte_candidata,manter_aula_individual,"Recurso mapeado no acervo para curadoria nos lotes subsequentes à calibração",legenda_indexada,evid-aula-kaiser-195-35-canon-in-d-pachelbel-violao-classico,"nenhuma"
aula-kaiser-196-36-noite-de-lua-dilermando-reis,arq-0680,AULA_A_CURAR_EXPANSAO,hab-pendente-inspecao,fonte_candidata,manter_aula_individual,"Recurso mapeado no acervo para curadoria nos lotes subsequentes à calibração",metadados_catalogo,evid-aula-kaiser-196-36-noite-de-lua-dilermando-reis,"nenhuma"
aula-kaiser-197-37-carinhoso-pixinguinha,arq-0684,AULA_A_CURAR_EXPANSAO,hab-pendente-inspecao,fonte_candidata,manter_aula_individual,"Recurso mapeado no acervo para curadoria nos lotes subsequentes à calibração",legenda_indexada,evid-aula-kaiser-197-37-carinhoso-pixinguinha,"nenhuma"
aula-kaiser-198-38-o-trenzinho-do-caipira-villa-lobos,arq-0688,AULA_A_CURAR_EXPANSAO,hab-pendente-inspecao,fonte_candidata,manter_aula_individual,"Recurso mapeado no acervo para curadoria nos lotes subsequentes à calibração",legenda_indexada,evid-aula-kaiser-198-38-o-trenzinho-do-caipira-villa-lobos,"nenhuma"
aula-kaiser-199-39-samba-do-aviao-tom-jobim,arq-0691,AULA_A_CURAR_EXPANSAO,hab-pendente-inspecao,fonte_candidata,manter_aula_individual,"Recurso mapeado no acervo para curadoria nos lotes subsequentes à calibração",metadados_catalogo,evid-aula-kaiser-199-39-samba-do-aviao-tom-jobim,"nenhuma"
aula-kaiser-200-4-divagando-domingos-semenzato-choro,arq-0694,AULA_A_CURAR_EXPANSAO,hab-pendente-inspecao,fonte_candidata,manter_aula_individual,"Recurso mapeado no acervo para curadoria nos lotes subsequentes à calibração",legenda_indexada,evid-aula-kaiser-200-4-divagando-domingos-semenzato-choro,"nenhuma"
aula-kaiser-201-40-malaguena-flamenco,arq-0697,AULA_A_CURAR_EXPANSAO,hab-pendente-inspecao,fonte_candidata,manter_aula_individual,"Recurso mapeado no acervo para curadoria nos lotes subsequentes à calibração",metadados_catalogo,evid-aula-kaiser-201-40-malaguena-flamenco,"nenhuma"
aula-kaiser-202-41-zorro-flamenco,arq-0701,AULA_A_CURAR_EXPANSAO,hab-pendente-inspecao,fonte_candidata,manter_aula_individual,"Recurso mapeado no acervo para curadoria nos lotes subsequentes à calibração",metadados_catalogo,evid-aula-kaiser-202-41-zorro-flamenco,"nenhuma"
aula-kaiser-203-42-samba-em-preludio-versao-baden-powell,arq-0706,AULA_A_CURAR_EXPANSAO,hab-pendente-inspecao,fonte_candidata,manter_aula_individual,"Recurso mapeado no acervo para curadoria nos lotes subsequentes à calibração",legenda_indexada,evid-aula-kaiser-203-42-samba-em-preludio-versao-baden-powell,"nenhuma"
aula-kaiser-204-43-estudo-para-mao-direita-marcos-kaiser,arq-0709,AULA_A_CURAR_EXPANSAO,hab-pendente-inspecao,fonte_candidata,manter_aula_individual,"Recurso mapeado no acervo para curadoria nos lotes subsequentes à calibração",metadados_catalogo,evid-aula-kaiser-204-43-estudo-para-mao-direita-marcos-kaiser,"nenhuma"
aula-kaiser-205-44-estudo-de-arpejos-marcos-kaiser,arq-0712,AULA_A_CURAR_EXPANSAO,hab-pendente-inspecao,fonte_candidata,manter_aula_individual,"Recurso mapeado no acervo para curadoria nos lotes subsequentes à calibração",metadados_catalogo,evid-aula-kaiser-205-44-estudo-de-arpejos-marcos-kaiser,"nenhuma"
aula-kaiser-206-45-o-bebado-e-a-equilibrista-samba,arq-0715,AULA_A_CURAR_EXPANSAO,hab-pendente-inspecao,fonte_candidata,manter_aula_individual,"Recurso mapeado no acervo para curadoria nos lotes subsequentes à calibração",metadados_catalogo,evid-aula-kaiser-206-45-o-bebado-e-a-equilibrista-samba,"nenhuma"
aula-kaiser-207-46-por-una-cabeza-tango,arq-0716,AULA_A_CURAR_EXPANSAO,hab-pendente-inspecao,fonte_candidata,manter_aula_individual,"Recurso mapeado no acervo para curadoria nos lotes subsequentes à calibração",metadados_catalogo,evid-aula-kaiser-207-46-por-una-cabeza-tango,"apenas_documentacao_sem_midia; sem_link_remoto"
aula-kaiser-208-47-pedacinhos-do-ceu-choro,arq-0719,AULA_A_CURAR_EXPANSAO,hab-pendente-inspecao,fonte_candidata,manter_aula_individual,"Recurso mapeado no acervo para curadoria nos lotes subsequentes à calibração",metadados_catalogo,evid-aula-kaiser-208-47-pedacinhos-do-ceu-choro,"nenhuma"
aula-kaiser-209-48-stairway-to-heaven-led-zepellin-finge,arq-0724,AULA_A_CURAR_EXPANSAO,hab-pendente-inspecao,fonte_candidata,manter_aula_individual,"Recurso mapeado no acervo para curadoria nos lotes subsequentes à calibração",legenda_indexada,evid-aula-kaiser-209-48-stairway-to-heaven-led-zepellin-finge,"nenhuma"
aula-kaiser-210-49-deixa-samba-baden-powell,arq-0731,AULA_A_CURAR_EXPANSAO,hab-pendente-inspecao,fonte_candidata,manter_aula_individual,"Recurso mapeado no acervo para curadoria nos lotes subsequentes à calibração",legenda_indexada,evid-aula-kaiser-210-49-deixa-samba-baden-powell,"nenhuma"
aula-kaiser-211-5-mortal-kombat-fingerstyle,arq-0737,AULA_A_CURAR_EXPANSAO,hab-pendente-inspecao,fonte_candidata,manter_aula_individual,"Recurso mapeado no acervo para curadoria nos lotes subsequentes à calibração",legenda_indexada,evid-aula-kaiser-211-5-mortal-kombat-fingerstyle,"nenhuma"
aula-kaiser-212-6-aleluia-hallelujah-fingerstyle,arq-0740,AULA_A_CURAR_EXPANSAO,hab-pendente-inspecao,fonte_candidata,manter_aula_individual,"Recurso mapeado no acervo para curadoria nos lotes subsequentes à calibração",metadados_catalogo,evid-aula-kaiser-212-6-aleluia-hallelujah-fingerstyle,"nenhuma"
aula-kaiser-213-7-the-sound-of-silence-fingerstyle,arq-0743,AULA_A_CURAR_EXPANSAO,hab-pendente-inspecao,fonte_candidata,manter_aula_individual,"Recurso mapeado no acervo para curadoria nos lotes subsequentes à calibração",metadados_catalogo,evid-aula-kaiser-213-7-the-sound-of-silence-fingerstyle,"nenhuma"
aula-kaiser-214-8-estudo-n-1-carcassi-violao-classico,arq-0747,AULA_A_CURAR_EXPANSAO,hab-pendente-inspecao,fonte_candidata,manter_aula_individual,"Recurso mapeado no acervo para curadoria nos lotes subsequentes à calibração",metadados_catalogo,evid-aula-kaiser-214-8-estudo-n-1-carcassi-violao-classico,"nenhuma"
aula-kaiser-215-9-gloria-gloria-aleluia,arq-0750,AULA_A_CURAR_EXPANSAO,hab-pendente-inspecao,fonte_candidata,manter_aula_individual,"Recurso mapeado no acervo para curadoria nos lotes subsequentes à calibração",metadados_catalogo,evid-aula-kaiser-215-9-gloria-gloria-aleluia,"nenhuma"
aula-kaiser-216-1-preludio-em-do-bach,arq-0756,AULA_A_CURAR_EXPANSAO,hab-pendente-inspecao,fonte_candidata,manter_aula_individual,"Recurso mapeado no acervo para curadoria nos lotes subsequentes à calibração",legenda_indexada,evid-aula-kaiser-216-1-preludio-em-do-bach,"nenhuma"
aula-kaiser-217-10-qui-nem-jilo-luiz-gonzaga,arq-0762,AULA_A_CURAR_EXPANSAO,hab-pendente-inspecao,fonte_candidata,manter_aula_individual,"Recurso mapeado no acervo para curadoria nos lotes subsequentes à calibração",legenda_indexada,evid-aula-kaiser-217-10-qui-nem-jilo-luiz-gonzaga,"nenhuma"
aula-kaiser-218-11-aria-da-quarta-corda-bach-versao-paul,arq-0767,AULA_A_CURAR_EXPANSAO,hab-pendente-inspecao,fonte_candidata,manter_aula_individual,"Recurso mapeado no acervo para curadoria nos lotes subsequentes à calibração",legenda_indexada,evid-aula-kaiser-218-11-aria-da-quarta-corda-bach-versao-paul,"nenhuma"
aula-kaiser-219-12-aquarela-do-brasil-ary-barroso,arq-0770,AULA_A_CURAR_EXPANSAO,hab-pendente-inspecao,fonte_candidata,manter_aula_individual,"Recurso mapeado no acervo para curadoria nos lotes subsequentes à calibração",legenda_indexada,evid-aula-kaiser-219-12-aquarela-do-brasil-ary-barroso,"nenhuma"
aula-kaiser-220-13-as-rosas-nao-falam-choro,arq-0773,AULA_A_CURAR_EXPANSAO,hab-pendente-inspecao,fonte_candidata,manter_aula_individual,"Recurso mapeado no acervo para curadoria nos lotes subsequentes à calibração",metadados_catalogo,evid-aula-kaiser-220-13-as-rosas-nao-falam-choro,"nenhuma"
aula-kaiser-221-14-sampa-caetano-veloso,arq-0776,AULA_A_CURAR_EXPANSAO,hab-pendente-inspecao,fonte_candidata,manter_aula_individual,"Recurso mapeado no acervo para curadoria nos lotes subsequentes à calibração",metadados_catalogo,evid-aula-kaiser-221-14-sampa-caetano-veloso,"nenhuma"
aula-kaiser-222-15-wave-tom-jobim-bossa-nova,arq-0780,AULA_A_CURAR_EXPANSAO,hab-pendente-inspecao,fonte_candidata,manter_aula_individual,"Recurso mapeado no acervo para curadoria nos lotes subsequentes à calibração",legenda_indexada,evid-aula-kaiser-222-15-wave-tom-jobim-bossa-nova,"nenhuma"
aula-kaiser-223-16-sons-de-carrilhoes-joao-pernambuco-ch,arq-0783,AULA_A_CURAR_EXPANSAO,hab-pendente-inspecao,fonte_candidata,manter_aula_individual,"Recurso mapeado no acervo para curadoria nos lotes subsequentes à calibração",legenda_indexada,evid-aula-kaiser-223-16-sons-de-carrilhoes-joao-pernambuco-ch,"nenhuma"
aula-kaiser-224-17-bachianinha-n-2-paulinho-nogueira,arq-0787,AULA_A_CURAR_EXPANSAO,hab-pendente-inspecao,fonte_candidata,manter_aula_individual,"Recurso mapeado no acervo para curadoria nos lotes subsequentes à calibração",legenda_indexada,evid-aula-kaiser-224-17-bachianinha-n-2-paulinho-nogueira,"nenhuma"
aula-kaiser-225-18-piano-som-arranjo-de-robson-miguel,arq-0791,AULA_A_CURAR_EXPANSAO,hab-pendente-inspecao,fonte_candidata,manter_aula_individual,"Recurso mapeado no acervo para curadoria nos lotes subsequentes à calibração",metadados_catalogo,evid-aula-kaiser-225-18-piano-som-arranjo-de-robson-miguel,"nenhuma"
aula-kaiser-226-19-lamentos-pixinguinha,arq-0795,AULA_A_CURAR_EXPANSAO,hab-pendente-inspecao,fonte_candidata,manter_aula_individual,"Recurso mapeado no acervo para curadoria nos lotes subsequentes à calibração",metadados_catalogo,evid-aula-kaiser-226-19-lamentos-pixinguinha,"contem_arquivos_part"
aula-kaiser-227-2-piratas-do-caribe-tema-do-filme-finger,arq-0803,AULA_A_CURAR_EXPANSAO,hab-pendente-inspecao,fonte_candidata,manter_aula_individual,"Recurso mapeado no acervo para curadoria nos lotes subsequentes à calibração",legenda_indexada,evid-aula-kaiser-227-2-piratas-do-caribe-tema-do-filme-finger,"contem_arquivos_part"
aula-kaiser-228-20-trem-das-onze-samba,arq-0808,AULA_A_CURAR_EXPANSAO,hab-pendente-inspecao,fonte_candidata,manter_aula_individual,"Recurso mapeado no acervo para curadoria nos lotes subsequentes à calibração",legenda_indexada,evid-aula-kaiser-228-20-trem-das-onze-samba,"nenhuma"
aula-kaiser-229-21-sonata-ao-luar-beethoven,arq-0812,AULA_A_CURAR_EXPANSAO,hab-pendente-inspecao,fonte_candidata,manter_aula_individual,"Recurso mapeado no acervo para curadoria nos lotes subsequentes à calibração",legenda_indexada,evid-aula-kaiser-229-21-sonata-ao-luar-beethoven,"nenhuma"
aula-kaiser-230-22-evidencias-chitaozinho-xororo,arq-0818,AULA_A_CURAR_EXPANSAO,hab-pendente-inspecao,fonte_candidata,manter_aula_individual,"Recurso mapeado no acervo para curadoria nos lotes subsequentes à calibração",legenda_indexada,evid-aula-kaiser-230-22-evidencias-chitaozinho-xororo,"nenhuma"
aula-kaiser-231-23-baiao-do-meio-dia-marcos-kaiser,arq-0825,AULA_A_CURAR_EXPANSAO,hab-pendente-inspecao,fonte_candidata,manter_aula_individual,"Recurso mapeado no acervo para curadoria nos lotes subsequentes à calibração",legenda_indexada,evid-aula-kaiser-231-23-baiao-do-meio-dia-marcos-kaiser,"nenhuma"
aula-kaiser-232-24-saudosa-maloca-samba,arq-0832,AULA_A_CURAR_EXPANSAO,hab-pendente-inspecao,fonte_candidata,manter_aula_individual,"Recurso mapeado no acervo para curadoria nos lotes subsequentes à calibração",legenda_indexada,evid-aula-kaiser-232-24-saudosa-maloca-samba,"nenhuma"
aula-kaiser-233-25-preciso-me-encontrar-versao-cartola,arq-0839,AULA_A_CURAR_EXPANSAO,hab-pendente-inspecao,fonte_candidata,manter_aula_individual,"Recurso mapeado no acervo para curadoria nos lotes subsequentes à calibração",legenda_indexada,evid-aula-kaiser-233-25-preciso-me-encontrar-versao-cartola,"nenhuma"
aula-kaiser-234-26-naquela-mesa-choro,arq-0842,AULA_A_CURAR_EXPANSAO,hab-pendente-inspecao,fonte_candidata,manter_aula_individual,"Recurso mapeado no acervo para curadoria nos lotes subsequentes à calibração",metadados_catalogo,evid-aula-kaiser-234-26-naquela-mesa-choro,"nenhuma"
aula-kaiser-235-27-o-astronauta-baden-powell,arq-0845,AULA_A_CURAR_EXPANSAO,hab-pendente-inspecao,fonte_candidata,manter_aula_individual,"Recurso mapeado no acervo para curadoria nos lotes subsequentes à calibração",metadados_catalogo,evid-aula-kaiser-235-27-o-astronauta-baden-powell,"nenhuma"
aula-kaiser-236-28-chorrindo-marcos-kaiser,arq-0848,AULA_A_CURAR_EXPANSAO,hab-pendente-inspecao,fonte_candidata,manter_aula_individual,"Recurso mapeado no acervo para curadoria nos lotes subsequentes à calibração",metadados_catalogo,evid-aula-kaiser-236-28-chorrindo-marcos-kaiser,"nenhuma"
aula-kaiser-237-29-brejeiro-e-nazareth-choro,arq-0851,AULA_A_CURAR_EXPANSAO,hab-pendente-inspecao,fonte_candidata,manter_aula_individual,"Recurso mapeado no acervo para curadoria nos lotes subsequentes à calibração",legenda_indexada,evid-aula-kaiser-237-29-brejeiro-e-nazareth-choro,"nenhuma"
aula-kaiser-238-3-fingerpicking-blues-fingerstyle,arq-0853,AULA_A_CURAR_EXPANSAO,hab-pendente-inspecao,fonte_candidata,manter_aula_individual,"Recurso mapeado no acervo para curadoria nos lotes subsequentes à calibração",metadados_catalogo,evid-aula-kaiser-238-3-fingerpicking-blues-fingerstyle,"nenhuma"
aula-kaiser-239-30-on-the-road-blues,arq-0859,AULA_A_CURAR_EXPANSAO,hab-pendente-inspecao,fonte_candidata,manter_aula_individual,"Recurso mapeado no acervo para curadoria nos lotes subsequentes à calibração",legenda_indexada,evid-aula-kaiser-239-30-on-the-road-blues,"nenhuma"
aula-kaiser-240-31-marcha-dos-marinheiros-americo-jacobi,arq-0862,AULA_A_CURAR_EXPANSAO,hab-pendente-inspecao,fonte_candidata,manter_aula_individual,"Recurso mapeado no acervo para curadoria nos lotes subsequentes à calibração",metadados_catalogo,evid-aula-kaiser-240-31-marcha-dos-marinheiros-americo-jacobi,"nenhuma"
aula-kaiser-241-32-regra-tres-toquinho-vinicius,arq-0867,AULA_A_CURAR_EXPANSAO,hab-pendente-inspecao,fonte_candidata,manter_aula_individual,"Recurso mapeado no acervo para curadoria nos lotes subsequentes à calibração",legenda_indexada,evid-aula-kaiser-241-32-regra-tres-toquinho-vinicius,"nenhuma"
aula-kaiser-242-33-odeon-nazareth-choro,arq-0870,AULA_A_CURAR_EXPANSAO,hab-pendente-inspecao,fonte_candidata,manter_aula_individual,"Recurso mapeado no acervo para curadoria nos lotes subsequentes à calibração",legenda_indexada,evid-aula-kaiser-242-33-odeon-nazareth-choro,"nenhuma"
aula-kaiser-243-34-magoado-dilermando-reis-choro,arq-0872,AULA_A_CURAR_EXPANSAO,hab-pendente-inspecao,fonte_candidata,manter_aula_individual,"Recurso mapeado no acervo para curadoria nos lotes subsequentes à calibração",metadados_catalogo,evid-aula-kaiser-243-34-magoado-dilermando-reis-choro,"nenhuma"
aula-kaiser-244-35-samba-triste-baden-powell,arq-0875,AULA_A_CURAR_EXPANSAO,hab-pendente-inspecao,fonte_candidata,manter_aula_individual,"Recurso mapeado no acervo para curadoria nos lotes subsequentes à calibração",metadados_catalogo,evid-aula-kaiser-244-35-samba-triste-baden-powell,"nenhuma"
aula-kaiser-245-36-choro-n-1-villa-lobos,arq-0879,AULA_A_CURAR_EXPANSAO,hab-pendente-inspecao,fonte_candidata,manter_aula_individual,"Recurso mapeado no acervo para curadoria nos lotes subsequentes à calibração",legenda_indexada,evid-aula-kaiser-245-36-choro-n-1-villa-lobos,"nenhuma"
aula-kaiser-246-37-noites-cariocas-jacob-do-bandolim,arq-0882,AULA_A_CURAR_EXPANSAO,hab-pendente-inspecao,fonte_candidata,manter_aula_individual,"Recurso mapeado no acervo para curadoria nos lotes subsequentes à calibração",metadados_catalogo,evid-aula-kaiser-246-37-noites-cariocas-jacob-do-bandolim,"nenhuma"
aula-kaiser-247-38-tempo-de-crianca-dilermando-reis,arq-0885,AULA_A_CURAR_EXPANSAO,hab-pendente-inspecao,fonte_candidata,manter_aula_individual,"Recurso mapeado no acervo para curadoria nos lotes subsequentes à calibração",metadados_catalogo,evid-aula-kaiser-247-38-tempo-de-crianca-dilermando-reis,"nenhuma"
aula-kaiser-248-39-bachianinha-n-1-paulinho-nogueira,arq-0888,AULA_A_CURAR_EXPANSAO,hab-pendente-inspecao,fonte_candidata,manter_aula_individual,"Recurso mapeado no acervo para curadoria nos lotes subsequentes à calibração",legenda_indexada,evid-aula-kaiser-248-39-bachianinha-n-1-paulinho-nogueira,"nenhuma"
aula-kaiser-249-4-o-mundo-e-um-moinho-cartola,arq-0892,AULA_A_CURAR_EXPANSAO,hab-pendente-inspecao,fonte_candidata,manter_aula_individual,"Recurso mapeado no acervo para curadoria nos lotes subsequentes à calibração",metadados_catalogo,evid-aula-kaiser-249-4-o-mundo-e-um-moinho-cartola,"contem_arquivos_part"
aula-kaiser-250-40-segundo-violao-da-bachianinha-n1,arq-0901,AULA_A_CURAR_EXPANSAO,hab-pendente-inspecao,fonte_candidata,manter_aula_individual,"Recurso mapeado no acervo para curadoria nos lotes subsequentes à calibração",legenda_indexada,evid-aula-kaiser-250-40-segundo-violao-da-bachianinha-n1,"nenhuma"
aula-kaiser-251-41-grauna-choro,arq-0904,AULA_A_CURAR_EXPANSAO,hab-pendente-inspecao,fonte_candidata,manter_aula_individual,"Recurso mapeado no acervo para curadoria nos lotes subsequentes à calibração",metadados_catalogo,evid-aula-kaiser-251-41-grauna-choro,"nenhuma"
aula-kaiser-252-42-feira-de-mangaio-forro,arq-0909,AULA_A_CURAR_EXPANSAO,hab-pendente-inspecao,fonte_candidata,manter_aula_individual,"Recurso mapeado no acervo para curadoria nos lotes subsequentes à calibração",legenda_indexada,evid-aula-kaiser-252-42-feira-de-mangaio-forro,"nenhuma"
aula-kaiser-253-43-hino-nacional-brasileiro,arq-0913,AULA_A_CURAR_EXPANSAO,hab-pendente-inspecao,fonte_candidata,manter_aula_individual,"Recurso mapeado no acervo para curadoria nos lotes subsequentes à calibração",legenda_indexada,evid-aula-kaiser-253-43-hino-nacional-brasileiro,"nenhuma"
aula-kaiser-254-5-estudo-n-1-de-villa-lobos-classico,arq-0915,AULA_A_CURAR_EXPANSAO,hab-pendente-inspecao,fonte_candidata,manter_aula_individual,"Recurso mapeado no acervo para curadoria nos lotes subsequentes à calibração",metadados_catalogo,evid-aula-kaiser-254-5-estudo-n-1-de-villa-lobos-classico,"nenhuma"
aula-kaiser-255-6-blues-in-the-woods,arq-0922,AULA_A_CURAR_EXPANSAO,hab-pendente-inspecao,fonte_candidata,manter_aula_individual,"Recurso mapeado no acervo para curadoria nos lotes subsequentes à calibração",legenda_indexada,evid-aula-kaiser-255-6-blues-in-the-woods,"contem_arquivos_part"
aula-kaiser-256-7-na-mosca-marcos-kaiser-choro,arq-0925,AULA_A_CURAR_EXPANSAO,hab-pendente-inspecao,fonte_candidata,manter_aula_individual,"Recurso mapeado no acervo para curadoria nos lotes subsequentes à calibração",metadados_catalogo,evid-aula-kaiser-256-7-na-mosca-marcos-kaiser-choro,"nenhuma"
aula-kaiser-257-8-gotas-de-lagrimas-valsa,arq-0928,AULA_A_CURAR_EXPANSAO,hab-pendente-inspecao,fonte_candidata,manter_aula_individual,"Recurso mapeado no acervo para curadoria nos lotes subsequentes à calibração",metadados_catalogo,evid-aula-kaiser-257-8-gotas-de-lagrimas-valsa,"nenhuma"
aula-kaiser-258-9-jesus-alegria-dos-homens-bach,arq-0930,AULA_A_CURAR_EXPANSAO,hab-pendente-inspecao,fonte_candidata,manter_aula_individual,"Recurso mapeado no acervo para curadoria nos lotes subsequentes à calibração",metadados_catalogo,evid-aula-kaiser-258-9-jesus-alegria-dos-homens-bach,"nenhuma"
aula-mod-5-15,arq-1875,AULA_A_CURAR_EXPANSAO,hab-pendente-inspecao,fonte_candidata,manter_aula_individual,"Recurso mapeado no acervo para curadoria nos lotes subsequentes à calibração",metadados_catalogo,evid-aula-mod-5-15,"nenhuma"
aula-mod-5-16,arq-1877,AULA_A_CURAR_EXPANSAO,hab-pendente-inspecao,fonte_candidata,manter_aula_individual,"Recurso mapeado no acervo para curadoria nos lotes subsequentes à calibração",metadados_catalogo,evid-aula-mod-5-16,"nenhuma"
aula-mod-5-17,arq-1879,AULA_A_CURAR_EXPANSAO,hab-pendente-inspecao,fonte_candidata,manter_aula_individual,"Recurso mapeado no acervo para curadoria nos lotes subsequentes à calibração",metadados_catalogo,evid-aula-mod-5-17,"nenhuma"
aula-mod-5-18,,AGUARDANDO_MATERIAL,NENHUMA,fonte_pendente,aguardar_material,"Entrada sem arquivos no backup local",nao_inspecionado,evid-aula-mod-5-18,"sem_arquivos_locais; sem_link_remoto"
aula-mod-5-19,arq-1881,AULA_A_CURAR_EXPANSAO,hab-pendente-inspecao,fonte_candidata,manter_aula_individual,"Recurso mapeado no acervo para curadoria nos lotes subsequentes à calibração",legenda_indexada,evid-aula-mod-5-19,"nenhuma"
aula-mod-5-1,,aula-prop-011,hab-tec-005,recurso_complementar,manter_aula_individual,"Fundamento essencial de transição para o nível intermediário.",nao_inspecionado,evid-aula-mod-5-1,"sem_arquivos_locais"
aula-mod-5-22,,AGUARDANDO_MATERIAL,NENHUMA,fonte_pendente,aguardar_material,"Entrada sem arquivos no backup local",nao_inspecionado,evid-aula-mod-5-22,"sem_arquivos_locais; sem_link_remoto"
aula-mod-5-23,,AGUARDANDO_MATERIAL,NENHUMA,fonte_pendente,aguardar_material,"Entrada sem arquivos no backup local",nao_inspecionado,evid-aula-mod-5-23,"sem_arquivos_locais; sem_link_remoto"
aula-mod-5-2,,AGUARDANDO_MATERIAL,NENHUMA,fonte_pendente,aguardar_material,"Entrada sem arquivos no backup local",nao_inspecionado,evid-aula-mod-5-2,"sem_arquivos_locais"
aula-mod-5-3,,AGUARDANDO_MATERIAL,NENHUMA,fonte_pendente,aguardar_material,"Entrada sem arquivos no backup local",nao_inspecionado,evid-aula-mod-5-3,"sem_arquivos_locais"
aula-mod-5-4,,AGUARDANDO_MATERIAL,NENHUMA,fonte_pendente,aguardar_material,"Entrada sem arquivos no backup local",nao_inspecionado,evid-aula-mod-5-4,"sem_arquivos_locais"
aula-mod-5-5,,AGUARDANDO_MATERIAL,NENHUMA,fonte_pendente,aguardar_material,"Entrada sem arquivos no backup local",nao_inspecionado,evid-aula-mod-5-5,"sem_arquivos_locais"
aula-mod-5-6,,AGUARDANDO_MATERIAL,NENHUMA,fonte_pendente,aguardar_material,"Entrada sem arquivos no backup local",nao_inspecionado,evid-aula-mod-5-6,"sem_arquivos_locais"
aula-mod-5-7,arq-1869,AULA_A_CURAR_EXPANSAO,hab-pendente-inspecao,fonte_candidata,manter_aula_individual,"Recurso mapeado no acervo para curadoria nos lotes subsequentes à calibração",metadados_catalogo,evid-aula-mod-5-7,"nenhuma"
aula-mod-5-8,,AGUARDANDO_MATERIAL,NENHUMA,fonte_pendente,aguardar_material,"Entrada sem arquivos no backup local",nao_inspecionado,evid-aula-mod-5-8,"sem_arquivos_locais"
aula-mod-5-27,,AGUARDANDO_MATERIAL,NENHUMA,fonte_pendente,aguardar_material,"Entrada sem arquivos no backup local",nao_inspecionado,evid-aula-mod-5-27,"sem_arquivos_locais; sem_link_remoto"
aula-mod-5-28,,AGUARDANDO_MATERIAL,NENHUMA,fonte_pendente,aguardar_material,"Entrada sem arquivos no backup local",nao_inspecionado,evid-aula-mod-5-28,"sem_arquivos_locais; sem_link_remoto"
aula-mod-5-9,,AGUARDANDO_MATERIAL,NENHUMA,fonte_pendente,aguardar_material,"Entrada sem arquivos no backup local",nao_inspecionado,evid-aula-mod-5-9,"sem_arquivos_locais"
aula-mod-5-10,,AGUARDANDO_MATERIAL,NENHUMA,fonte_pendente,aguardar_material,"Entrada sem arquivos no backup local",nao_inspecionado,evid-aula-mod-5-10,"sem_arquivos_locais"
aula-mod-5-31,,AGUARDANDO_MATERIAL,NENHUMA,fonte_pendente,aguardar_material,"Entrada sem arquivos no backup local",nao_inspecionado,evid-aula-mod-5-31,"sem_arquivos_locais; sem_link_remoto"
aula-mod-5-34,arq-1898,AULA_A_CURAR_EXPANSAO,hab-pendente-inspecao,fonte_candidata,integrar_aula,"Recurso mapeado no acervo para curadoria nos lotes subsequentes à calibração",legenda_indexada,evid-aula-mod-5-34,"nenhuma"
aula-mod-5-35,arq-1904,AULA_A_CURAR_EXPANSAO,hab-pendente-inspecao,fonte_candidata,manter_aula_individual,"Recurso mapeado no acervo para curadoria nos lotes subsequentes à calibração",legenda_indexada,evid-aula-mod-5-35,"nenhuma"
aula-mod-5-11,,AGUARDANDO_MATERIAL,NENHUMA,fonte_pendente,aguardar_material,"Entrada sem arquivos no backup local",nao_inspecionado,evid-aula-mod-5-11,"sem_arquivos_locais"
aula-mod-5-12,,AGUARDANDO_MATERIAL,NENHUMA,fonte_pendente,aguardar_material,"Entrada sem arquivos no backup local",nao_inspecionado,evid-aula-mod-5-12,"sem_arquivos_locais"
aula-mod-5-13,arq-1873,AULA_A_CURAR_EXPANSAO,hab-pendente-inspecao,fonte_candidata,integrar_aula,"Recurso mapeado no acervo para curadoria nos lotes subsequentes à calibração",metadados_catalogo,evid-aula-mod-5-13,"nenhuma"
aula-mod-9-1,,AGUARDANDO_MATERIAL,NENHUMA,fonte_pendente,aguardar_material,"Entrada sem arquivos no backup local",nao_inspecionado,evid-aula-mod-9-1,"sem_arquivos_locais"
aula-mod-9-2,arq-2021,AULA_A_CURAR_EXPANSAO,hab-pendente-inspecao,fonte_candidata,manter_aula_individual,"Recurso mapeado no acervo para curadoria nos lotes subsequentes à calibração",legenda_indexada,evid-aula-mod-9-2,"nenhuma"
aula-mod-9-3,arq-2023,AULA_A_CURAR_EXPANSAO,hab-pendente-inspecao,fonte_candidata,integrar_aula,"Recurso mapeado no acervo para curadoria nos lotes subsequentes à calibração",legenda_indexada,evid-aula-mod-9-3,"nenhuma"
aula-mod-9-15,arq-2058,AULA_A_CURAR_EXPANSAO,hab-pendente-inspecao,fonte_candidata,manter_aula_individual,"Recurso mapeado no acervo para curadoria nos lotes subsequentes à calibração",legenda_indexada,evid-aula-mod-9-15,"nenhuma"
aula-mod-9-5,,AGUARDANDO_MATERIAL,NENHUMA,fonte_pendente,aguardar_material,"Entrada sem arquivos no backup local",nao_inspecionado,evid-aula-mod-9-5,"sem_arquivos_locais"
aula-mod-9-6,arq-2033,AULA_A_CURAR_EXPANSAO,hab-pendente-inspecao,fonte_candidata,integrar_aula,"Recurso mapeado no acervo para curadoria nos lotes subsequentes à calibração",legenda_indexada,evid-aula-mod-9-6,"nenhuma"
aula-mod-9-7,,AGUARDANDO_MATERIAL,NENHUMA,fonte_pendente,aguardar_material,"Entrada sem arquivos no backup local",nao_inspecionado,evid-aula-mod-9-7,"sem_arquivos_locais"
aula-mod-9-9,arq-2040,AULA_A_CURAR_EXPANSAO,hab-pendente-inspecao,fonte_candidata,manter_aula_individual,"Recurso mapeado no acervo para curadoria nos lotes subsequentes à calibração",legenda_indexada,evid-aula-mod-9-9,"nenhuma"
aula-mod-11-1,arq-2085,DESCARTE_ADMINISTRATIVO,NENHUMA,fora_do_curriculo,avaliar_descarte_administrativo,"Item administrativo ou quiz nativo sem conteúdo instrumental",metadados_catalogo,evid-aula-mod-11-1,"apenas_documentacao_sem_midia; item_administrativo; sem_link_remoto"
aula-mod-11-2,arq-2087,AULA_A_CURAR_EXPANSAO,hab-pendente-inspecao,fonte_candidata,manter_aula_individual,"Recurso mapeado no acervo para curadoria nos lotes subsequentes à calibração",metadados_catalogo,evid-aula-mod-11-2,"nenhuma"
aula-kaiser-73-1-introducao-composicao-e-improvisacao,arq-0214,AULA_A_CURAR_EXPANSAO,hab-pendente-inspecao,fonte_candidata,revisao_apoio,"Recurso mapeado no acervo para curadoria nos lotes subsequentes à calibração",metadados_catalogo,evid-aula-kaiser-73-1-introducao-composicao-e-improvisacao,"nenhuma"
aula-kaiser-74-10-dica-de-composicao-domine-o-braco-do-,arq-0216,AULA_A_CURAR_EXPANSAO,hab-pendente-inspecao,fonte_candidata,manter_aula_individual,"Recurso mapeado no acervo para curadoria nos lotes subsequentes à calibração",metadados_catalogo,evid-aula-kaiser-74-10-dica-de-composicao-domine-o-braco-do-,"nenhuma"
aula-kaiser-75-11-improviso-em-dominantes-secundarios,arq-0226,AULA_A_CURAR_EXPANSAO,hab-pendente-inspecao,fonte_candidata,manter_aula_individual,"Recurso mapeado no acervo para curadoria nos lotes subsequentes à calibração",metadados_catalogo,evid-aula-kaiser-75-11-improviso-em-dominantes-secundarios,"contem_arquivos_part"
aula-kaiser-76-12-exemplo-de-improviso-em-dominantes-se,arq-0228,AULA_A_CURAR_EXPANSAO,hab-pendente-inspecao,fonte_candidata,manter_aula_individual,"Recurso mapeado no acervo para curadoria nos lotes subsequentes à calibração",metadados_catalogo,evid-aula-kaiser-76-12-exemplo-de-improviso-em-dominantes-se,"nenhuma"
aula-kaiser-77-13-improviso-em-subdominantes-secundario,arq-0230,AULA_A_CURAR_EXPANSAO,hab-pendente-inspecao,fonte_candidata,manter_aula_individual,"Recurso mapeado no acervo para curadoria nos lotes subsequentes à calibração",metadados_catalogo,evid-aula-kaiser-77-13-improviso-em-subdominantes-secundario,"nenhuma"
aula-kaiser-78-14-improviso-em-dominantes-substitutos-s,arq-0235,AULA_A_CURAR_EXPANSAO,hab-pendente-inspecao,fonte_candidata,manter_aula_individual,"Recurso mapeado no acervo para curadoria nos lotes subsequentes à calibração",metadados_catalogo,evid-aula-kaiser-78-14-improviso-em-dominantes-substitutos-s,"nenhuma"
aula-kaiser-79-15-exemplo-de-improviso-em-dominantes-su,arq-0237,AULA_A_CURAR_EXPANSAO,hab-pendente-inspecao,fonte_candidata,manter_aula_individual,"Recurso mapeado no acervo para curadoria nos lotes subsequentes à calibração",metadados_catalogo,evid-aula-kaiser-79-15-exemplo-de-improviso-em-dominantes-su,"nenhuma"
aula-kaiser-80-16-improvisacao-em-diminutos,arq-0243,AULA_A_CURAR_EXPANSAO,hab-pendente-inspecao,fonte_candidata,manter_aula_individual,"Recurso mapeado no acervo para curadoria nos lotes subsequentes à calibração",metadados_catalogo,evid-aula-kaiser-80-16-improvisacao-em-diminutos,"nenhuma"
aula-kaiser-81-17-exemplo-de-improviso-em-diminutos,arq-0245,AULA_A_CURAR_EXPANSAO,hab-pendente-inspecao,fonte_candidata,manter_aula_individual,"Recurso mapeado no acervo para curadoria nos lotes subsequentes à calibração",metadados_catalogo,evid-aula-kaiser-81-17-exemplo-de-improviso-em-diminutos,"nenhuma"
aula-kaiser-82-18-escalas-horizontais,arq-0247,AULA_A_CURAR_EXPANSAO,hab-pendente-inspecao,fonte_candidata,manter_aula_individual,"Recurso mapeado no acervo para curadoria nos lotes subsequentes à calibração",metadados_catalogo,evid-aula-kaiser-82-18-escalas-horizontais,"nenhuma"
aula-kaiser-83-2-desenvolva-sua-musicalidade,arq-0249,AULA_A_CURAR_EXPANSAO,hab-pendente-inspecao,fonte_candidata,manter_aula_individual,"Recurso mapeado no acervo para curadoria nos lotes subsequentes à calibração",metadados_catalogo,evid-aula-kaiser-83-2-desenvolva-sua-musicalidade,"nenhuma"
aula-kaiser-84-3-o-basico-do-basico,arq-0251,AULA_A_CURAR_EXPANSAO,hab-pendente-inspecao,fonte_candidata,manter_aula_individual,"Recurso mapeado no acervo para curadoria nos lotes subsequentes à calibração",metadados_catalogo,evid-aula-kaiser-84-3-o-basico-do-basico,"nenhuma"
aula-kaiser-85-4-aplicacoes-do-modo-mixolidio-resolucao,arq-0255,AULA_A_CURAR_EXPANSAO,hab-pendente-inspecao,fonte_candidata,manter_aula_individual,"Recurso mapeado no acervo para curadoria nos lotes subsequentes à calibração",metadados_catalogo,evid-aula-kaiser-85-4-aplicacoes-do-modo-mixolidio-resolucao,"nenhuma"
aula-kaiser-86-5-flamenco,arq-0257,AULA_A_CURAR_EXPANSAO,hab-pendente-inspecao,fonte_candidata,manter_aula_individual,"Recurso mapeado no acervo para curadoria nos lotes subsequentes à calibração",metadados_catalogo,evid-aula-kaiser-86-5-flamenco,"nenhuma"
aula-kaiser-87-6-funk-blues,arq-0259,AULA_A_CURAR_EXPANSAO,hab-pendente-inspecao,fonte_candidata,manter_aula_individual,"Recurso mapeado no acervo para curadoria nos lotes subsequentes à calibração",metadados_catalogo,evid-aula-kaiser-87-6-funk-blues,"nenhuma"
aula-kaiser-88-7-funk-com-modulacoes,arq-0261,AULA_A_CURAR_EXPANSAO,hab-pendente-inspecao,fonte_candidata,manter_aula_individual,"Recurso mapeado no acervo para curadoria nos lotes subsequentes à calibração",metadados_catalogo,evid-aula-kaiser-88-7-funk-com-modulacoes,"nenhuma"
aula-kaiser-89-8-flamenco-cadencia-andaluza,arq-0268,AULA_A_CURAR_EXPANSAO,hab-pendente-inspecao,fonte_candidata,manter_aula_individual,"Recurso mapeado no acervo para curadoria nos lotes subsequentes à calibração",legenda_indexada,evid-aula-kaiser-89-8-flamenco-cadencia-andaluza,"nenhuma"
aula-kaiser-90-9-samba,arq-0270,AULA_A_CURAR_EXPANSAO,hab-pendente-inspecao,fonte_candidata,manter_aula_individual,"Recurso mapeado no acervo para curadoria nos lotes subsequentes à calibração",metadados_catalogo,evid-aula-kaiser-90-9-samba,"nenhuma"
aula-kaiser-91-1-crie-novos-acordes,arq-0272,AULA_A_CURAR_EXPANSAO,hab-pendente-inspecao,fonte_candidata,manter_aula_individual,"Recurso mapeado no acervo para curadoria nos lotes subsequentes à calibração",metadados_catalogo,evid-aula-kaiser-91-1-crie-novos-acordes,"nenhuma"
aula-kaiser-92-2-padroes-ritmicos,arq-0274,AULA_A_CURAR_EXPANSAO,hab-pendente-inspecao,fonte_candidata,manter_aula_individual,"Recurso mapeado no acervo para curadoria nos lotes subsequentes à calibração",metadados_catalogo,evid-aula-kaiser-92-2-padroes-ritmicos,"nenhuma"
aula-kaiser-93-3-inspiracao-harmonica,arq-0276,AULA_A_CURAR_EXPANSAO,hab-pendente-inspecao,fonte_candidata,manter_aula_individual,"Recurso mapeado no acervo para curadoria nos lotes subsequentes à calibração",metadados_catalogo,evid-aula-kaiser-93-3-inspiracao-harmonica,"nenhuma"
aula-kaiser-94-4-composicao-precisa-de-treino,arq-0278,AULA_A_CURAR_EXPANSAO,hab-pendente-inspecao,fonte_candidata,manter_aula_individual,"Recurso mapeado no acervo para curadoria nos lotes subsequentes à calibração",metadados_catalogo,evid-aula-kaiser-94-4-composicao-precisa-de-treino,"nenhuma"
aula-kaiser-115-1-209-arranjos-pra-violao,arq-0373,AULA_A_CURAR_EXPANSAO,hab-pendente-inspecao,fonte_candidata,manter_aula_individual,"Recurso mapeado no acervo para curadoria nos lotes subsequentes à calibração",metadados_catalogo,evid-aula-kaiser-115-1-209-arranjos-pra-violao,"apenas_documentacao_sem_midia; sem_link_remoto"
aula-kaiser-116-1-ebook-a-arte-auditiva-do-violao,arq-0374,AULA_A_CURAR_EXPANSAO,hab-pendente-inspecao,fonte_candidata,manter_aula_individual,"Recurso mapeado no acervo para curadoria nos lotes subsequentes à calibração",metadados_catalogo,evid-aula-kaiser-116-1-ebook-a-arte-auditiva-do-violao,"apenas_documentacao_sem_midia; sem_link_remoto"
aula-kaiser-128-1-formatos-do-blues,arq-0434,AULA_A_CURAR_EXPANSAO,hab-pendente-inspecao,fonte_candidata,manter_aula_individual,"Recurso mapeado no acervo para curadoria nos lotes subsequentes à calibração",metadados_catalogo,evid-aula-kaiser-128-1-formatos-do-blues,"nenhuma"
aula-kaiser-129-2-escalas-do-blues,arq-0436,AULA_A_CURAR_EXPANSAO,hab-pendente-inspecao,fonte_candidata,manter_aula_individual,"Recurso mapeado no acervo para curadoria nos lotes subsequentes à calibração",metadados_catalogo,evid-aula-kaiser-129-2-escalas-do-blues,"nenhuma"
aula-kaiser-130-3-bases-pra-solar-blues-maior,arq-0438,AULA_A_CURAR_EXPANSAO,hab-pendente-inspecao,fonte_candidata,manter_aula_individual,"Recurso mapeado no acervo para curadoria nos lotes subsequentes à calibração",metadados_catalogo,evid-aula-kaiser-130-3-bases-pra-solar-blues-maior,"nenhuma"
aula-kaiser-131-4-bases-para-solar-blues-menor,arq-0440,AULA_A_CURAR_EXPANSAO,hab-pendente-inspecao,fonte_candidata,manter_aula_individual,"Recurso mapeado no acervo para curadoria nos lotes subsequentes à calibração",metadados_catalogo,evid-aula-kaiser-131-4-bases-para-solar-blues-menor,"nenhuma"
aula-kaiser-132-5-turnarounds,arq-0444,AULA_A_CURAR_EXPANSAO,hab-pendente-inspecao,fonte_candidata,manter_aula_individual,"Recurso mapeado no acervo para curadoria nos lotes subsequentes à calibração",metadados_catalogo,evid-aula-kaiser-132-5-turnarounds,"contem_arquivos_part"
aula-kaiser-133-6-ritmos-do-blues,arq-0446,AULA_A_CURAR_EXPANSAO,hab-pendente-inspecao,fonte_candidata,manter_aula_individual,"Recurso mapeado no acervo para curadoria nos lotes subsequentes à calibração",metadados_catalogo,evid-aula-kaiser-133-6-ritmos-do-blues,"nenhuma"
aula-kaiser-134-7-exercicio-de-blues,arq-0449,AULA_A_CURAR_EXPANSAO,hab-pendente-inspecao,fonte_candidata,manter_aula_individual,"Recurso mapeado no acervo para curadoria nos lotes subsequentes à calibração",metadados_catalogo,evid-aula-kaiser-134-7-exercicio-de-blues,"nenhuma"
aula-kaiser-135-8-aprenda-um-blues-fingerstyle,arq-0451,AULA_A_CURAR_EXPANSAO,hab-pendente-inspecao,fonte_candidata,manter_aula_individual,"Recurso mapeado no acervo para curadoria nos lotes subsequentes à calibração",metadados_catalogo,evid-aula-kaiser-135-8-aprenda-um-blues-fingerstyle,"nenhuma"
aula-kaiser-259-1-choro-chorado-pra-paulinho-nogueira,arq-0933,AULA_A_CURAR_EXPANSAO,hab-pendente-inspecao,fonte_candidata,manter_aula_individual,"Recurso mapeado no acervo para curadoria nos lotes subsequentes à calibração",metadados_catalogo,evid-aula-kaiser-259-1-choro-chorado-pra-paulinho-nogueira,"nenhuma"
aula-kaiser-260-2-jerry-s-breakdown-musica-country,arq-0936,AULA_A_CURAR_EXPANSAO,hab-pendente-inspecao,fonte_candidata,manter_aula_individual,"Recurso mapeado no acervo para curadoria nos lotes subsequentes à calibração",metadados_catalogo,evid-aula-kaiser-260-2-jerry-s-breakdown-musica-country,"nenhuma"
aula-kaiser-261-3-luiza-tom-jobim-arranjo-raphael-rabell,arq-0940,AULA_A_CURAR_EXPANSAO,hab-pendente-inspecao,fonte_candidata,manter_aula_individual,"Recurso mapeado no acervo para curadoria nos lotes subsequentes à calibração",legenda_indexada,evid-aula-kaiser-261-3-luiza-tom-jobim-arranjo-raphael-rabell,"nenhuma"
aula-kaiser-262-4-samba-em-preludio-versao-paulinho-nogu,arq-0946,AULA_A_CURAR_EXPANSAO,hab-pendente-inspecao,fonte_candidata,manter_aula_individual,"Recurso mapeado no acervo para curadoria nos lotes subsequentes à calibração",legenda_indexada,evid-aula-kaiser-262-4-samba-em-preludio-versao-paulinho-nogu,"nenhuma"
aula-kaiser-263-5-lamentos-do-morro-garoto,arq-0949,AULA_A_CURAR_EXPANSAO,hab-pendente-inspecao,fonte_candidata,manter_aula_individual,"Recurso mapeado no acervo para curadoria nos lotes subsequentes à calibração",metadados_catalogo,evid-aula-kaiser-263-5-lamentos-do-morro-garoto,"nenhuma"
aula-kaiser-264-6-cheio-de-dedos-guinga,arq-0952,AULA_A_CURAR_EXPANSAO,hab-pendente-inspecao,fonte_candidata,manter_aula_individual,"Recurso mapeado no acervo para curadoria nos lotes subsequentes à calibração",metadados_catalogo,evid-aula-kaiser-264-6-cheio-de-dedos-guinga,"nenhuma"
aula-kaiser-265-7-tico-tico-no-fuba-zequinha-de-abreu,arq-0956,AULA_A_CURAR_EXPANSAO,hab-pendente-inspecao,fonte_candidata,manter_aula_individual,"Recurso mapeado no acervo para curadoria nos lotes subsequentes à calibração",legenda_indexada,evid-aula-kaiser-265-7-tico-tico-no-fuba-zequinha-de-abreu,"nenhuma"
aula-kaiser-266-8-mediterranean-sundance-al-di-meola,arq-0959,AULA_A_CURAR_EXPANSAO,hab-pendente-inspecao,fonte_candidata,manter_aula_individual,"Recurso mapeado no acervo para curadoria nos lotes subsequentes à calibração",metadados_catalogo,evid-aula-kaiser-266-8-mediterranean-sundance-al-di-meola,"nenhuma"
aula-mod-1-32,arq-1512,AULA_A_CURAR_EXPANSAO,hab-pendente-inspecao,fonte_candidata,manter_aula_individual,"Recurso mapeado no acervo para curadoria nos lotes subsequentes à calibração",legenda_indexada,evid-aula-mod-1-32,"nenhuma"
aula-mod-1-33,arq-1514,AULA_A_CURAR_EXPANSAO,hab-pendente-inspecao,fonte_candidata,manter_aula_individual,"Recurso mapeado no acervo para curadoria nos lotes subsequentes à calibração",legenda_indexada,evid-aula-mod-1-33,"nenhuma"
aula-mod-1-34,arq-1521,AULA_A_CURAR_EXPANSAO,hab-pendente-inspecao,fonte_candidata,integrar_aula,"Recurso mapeado no acervo para curadoria nos lotes subsequentes à calibração",legenda_indexada,evid-aula-mod-1-34,"nenhuma"
aula-mod-1-35,arq-1525,AULA_A_CURAR_EXPANSAO,hab-pendente-inspecao,fonte_candidata,integrar_aula,"Recurso mapeado no acervo para curadoria nos lotes subsequentes à calibração",legenda_indexada,evid-aula-mod-1-35,"nenhuma"
aula-mod-1-36,arq-1528,AULA_A_CURAR_EXPANSAO,hab-pendente-inspecao,fonte_candidata,integrar_aula,"Recurso mapeado no acervo para curadoria nos lotes subsequentes à calibração",legenda_indexada,evid-aula-mod-1-36,"nenhuma"
aula-mod-1-37,arq-1531,AULA_A_CURAR_EXPANSAO,hab-pendente-inspecao,fonte_candidata,integrar_aula,"Recurso mapeado no acervo para curadoria nos lotes subsequentes à calibração",legenda_indexada,evid-aula-mod-1-37,"nenhuma"
aula-mod-1-38,arq-1533,AULA_A_CURAR_EXPANSAO,hab-pendente-inspecao,fonte_candidata,integrar_aula,"Recurso mapeado no acervo para curadoria nos lotes subsequentes à calibração",legenda_indexada,evid-aula-mod-1-38,"nenhuma"
aula-mod-1-39,arq-1535,AULA_A_CURAR_EXPANSAO,hab-pendente-inspecao,fonte_candidata,integrar_aula,"Recurso mapeado no acervo para curadoria nos lotes subsequentes à calibração",legenda_indexada,evid-aula-mod-1-39,"nenhuma"
aula-mod-1-40,arq-1537,AULA_A_CURAR_EXPANSAO,hab-pendente-inspecao,fonte_candidata,integrar_aula,"Recurso mapeado no acervo para curadoria nos lotes subsequentes à calibração",legenda_indexada,evid-aula-mod-1-40,"nenhuma"
aula-mod-1-41,arq-1540,AULA_A_CURAR_EXPANSAO,hab-pendente-inspecao,fonte_candidata,integrar_aula,"Recurso mapeado no acervo para curadoria nos lotes subsequentes à calibração",legenda_indexada,evid-aula-mod-1-41,"nenhuma"
aula-mod-1-42,arq-1545,AULA_A_CURAR_EXPANSAO,hab-pendente-inspecao,fonte_candidata,integrar_aula,"Recurso mapeado no acervo para curadoria nos lotes subsequentes à calibração",legenda_indexada,evid-aula-mod-1-42,"nenhuma"
aula-mod-1-44,arq-1555,AULA_A_CURAR_EXPANSAO,hab-pendente-inspecao,fonte_candidata,integrar_aula,"Recurso mapeado no acervo para curadoria nos lotes subsequentes à calibração",legenda_indexada,evid-aula-mod-1-44,"nenhuma"
aula-mod-1-45,arq-1561,AULA_A_CURAR_EXPANSAO,hab-pendente-inspecao,fonte_candidata,integrar_aula,"Recurso mapeado no acervo para curadoria nos lotes subsequentes à calibração",metadados_catalogo,evid-aula-mod-1-45,"nenhuma"
aula-mod-1-46,arq-1563,AULA_A_CURAR_EXPANSAO,hab-pendente-inspecao,fonte_candidata,manter_aula_individual,"Recurso mapeado no acervo para curadoria nos lotes subsequentes à calibração",legenda_indexada,evid-aula-mod-1-46,"nenhuma"
aula-mod-2-27,arq-1658,AULA_A_CURAR_EXPANSAO,hab-pendente-inspecao,fonte_candidata,integrar_aula,"Recurso mapeado no acervo para curadoria nos lotes subsequentes à calibração",legenda_indexada,evid-aula-mod-2-27,"nenhuma"
aula-mod-2-28,arq-1662,AULA_A_CURAR_EXPANSAO,hab-pendente-inspecao,fonte_candidata,integrar_aula,"Recurso mapeado no acervo para curadoria nos lotes subsequentes à calibração",legenda_indexada,evid-aula-mod-2-28,"nenhuma"
aula-mod-2-29,arq-1665,AULA_A_CURAR_EXPANSAO,hab-pendente-inspecao,fonte_candidata,integrar_aula,"Recurso mapeado no acervo para curadoria nos lotes subsequentes à calibração",legenda_indexada,evid-aula-mod-2-29,"nenhuma"
aula-mod-2-30,arq-1668,AULA_A_CURAR_EXPANSAO,hab-pendente-inspecao,fonte_candidata,integrar_aula,"Recurso mapeado no acervo para curadoria nos lotes subsequentes à calibração",legenda_indexada,evid-aula-mod-2-30,"nenhuma"
aula-mod-2-31,arq-1670,AULA_A_CURAR_EXPANSAO,hab-pendente-inspecao,fonte_candidata,manter_aula_individual,"Recurso mapeado no acervo para curadoria nos lotes subsequentes à calibração",legenda_indexada,evid-aula-mod-2-31,"nenhuma"
aula-mod-2-35,arq-1685,AULA_A_CURAR_EXPANSAO,hab-pendente-inspecao,fonte_candidata,integrar_aula,"Recurso mapeado no acervo para curadoria nos lotes subsequentes à calibração",legenda_indexada,evid-aula-mod-2-35,"nenhuma"
aula-mod-2-37,arq-1690,AULA_A_CURAR_EXPANSAO,hab-pendente-inspecao,fonte_candidata,integrar_aula,"Recurso mapeado no acervo para curadoria nos lotes subsequentes à calibração",legenda_indexada,evid-aula-mod-2-37,"nenhuma"
aula-mod-3-43,arq-1833,DESCARTE_ADMINISTRATIVO,NENHUMA,fora_do_curriculo,avaliar_descarte_administrativo,"Item administrativo ou quiz nativo sem conteúdo instrumental",legenda_indexada,evid-aula-mod-3-43,"quiz_plataforma"
aula-mod-3-1,,AGUARDANDO_MATERIAL,NENHUMA,fonte_pendente,aguardar_material,"Entrada sem arquivos no backup local",nao_inspecionado,evid-aula-mod-3-1,"sem_arquivos_locais"
aula-mod-3-2,arq-1694,AULA_A_CURAR_EXPANSAO,hab-pendente-inspecao,fonte_candidata,manter_aula_individual,"Recurso mapeado no acervo para curadoria nos lotes subsequentes à calibração",legenda_indexada,evid-aula-mod-3-2,"nenhuma"
aula-mod-3-3,arq-1696,AULA_A_CURAR_EXPANSAO,hab-pendente-inspecao,fonte_candidata,manter_aula_individual,"Recurso mapeado no acervo para curadoria nos lotes subsequentes à calibração",legenda_indexada,evid-aula-mod-3-3,"nenhuma"
aula-mod-3-5,arq-1704,AULA_A_CURAR_EXPANSAO,hab-pendente-inspecao,fonte_candidata,manter_aula_individual,"Recurso mapeado no acervo para curadoria nos lotes subsequentes à calibração",legenda_indexada,evid-aula-mod-3-5,"nenhuma"
aula-mod-3-6,arq-1707,AULA_A_CURAR_EXPANSAO,hab-pendente-inspecao,fonte_candidata,manter_aula_individual,"Recurso mapeado no acervo para curadoria nos lotes subsequentes à calibração",legenda_indexada,evid-aula-mod-3-6,"nenhuma"
aula-mod-3-7,arq-1710,AULA_A_CURAR_EXPANSAO,hab-pendente-inspecao,fonte_candidata,manter_aula_individual,"Recurso mapeado no acervo para curadoria nos lotes subsequentes à calibração",legenda_indexada,evid-aula-mod-3-7,"nenhuma"
aula-mod-3-8,arq-1712,AULA_A_CURAR_EXPANSAO,hab-pendente-inspecao,fonte_candidata,integrar_aula,"Recurso mapeado no acervo para curadoria nos lotes subsequentes à calibração",legenda_indexada,evid-aula-mod-3-8,"nenhuma"
aula-mod-6-20,,AGUARDANDO_MATERIAL,NENHUMA,fonte_pendente,aguardar_material,"Entrada sem arquivos no backup local",nao_inspecionado,evid-aula-mod-6-20,"sem_arquivos_locais; sem_link_remoto"
aula-mod-6-21,,AGUARDANDO_MATERIAL,NENHUMA,fonte_pendente,aguardar_material,"Entrada sem arquivos no backup local",nao_inspecionado,evid-aula-mod-6-21,"sem_arquivos_locais; sem_link_remoto"
aula-mod-6-22,,AGUARDANDO_MATERIAL,NENHUMA,fonte_pendente,aguardar_material,"Entrada sem arquivos no backup local",nao_inspecionado,evid-aula-mod-6-22,"sem_arquivos_locais; sem_link_remoto"
aula-mod-6-23,,AGUARDANDO_MATERIAL,NENHUMA,fonte_pendente,aguardar_material,"Entrada sem arquivos no backup local",nao_inspecionado,evid-aula-mod-6-23,"sem_arquivos_locais; sem_link_remoto"
aula-mod-6-25,arq-1913,AULA_A_CURAR_EXPANSAO,hab-pendente-inspecao,fonte_candidata,manter_aula_individual,"Recurso mapeado no acervo para curadoria nos lotes subsequentes à calibração",legenda_indexada,evid-aula-mod-6-25,"nenhuma"
aula-mod-6-4,,AGUARDANDO_MATERIAL,NENHUMA,fonte_pendente,aguardar_material,"Entrada sem arquivos no backup local",nao_inspecionado,evid-aula-mod-6-4,"sem_arquivos_locais"
aula-mod-6-26,,AGUARDANDO_MATERIAL,NENHUMA,fonte_pendente,aguardar_material,"Entrada sem arquivos no backup local",nao_inspecionado,evid-aula-mod-6-26,"sem_arquivos_locais; sem_link_remoto"
aula-mod-6-27,,AGUARDANDO_MATERIAL,NENHUMA,fonte_pendente,aguardar_material,"Entrada sem arquivos no backup local",nao_inspecionado,evid-aula-mod-6-27,"sem_arquivos_locais; sem_link_remoto"
aula-mod-6-28,,AGUARDANDO_MATERIAL,NENHUMA,fonte_pendente,aguardar_material,"Entrada sem arquivos no backup local",nao_inspecionado,evid-aula-mod-6-28,"sem_arquivos_locais; sem_link_remoto"
aula-mod-6-29,,AGUARDANDO_MATERIAL,NENHUMA,fonte_pendente,aguardar_material,"Entrada sem arquivos no backup local",nao_inspecionado,evid-aula-mod-6-29,"sem_arquivos_locais; sem_link_remoto"
aula-mod-6-30,,AGUARDANDO_MATERIAL,NENHUMA,fonte_pendente,aguardar_material,"Entrada sem arquivos no backup local",nao_inspecionado,evid-aula-mod-6-30,"sem_arquivos_locais; sem_link_remoto"