id,origem,modulo_atual_id,modulo_atual_nome,titulo,classificacao_editorial,videos_locais_count,pdfs_locais_count,legendas_locais_count,descricoes_locais_count,outros_locais_count,total_arquivos_locais,links_remotos_count,links_remotos_preservados,disponibilidade_local,disponibilidade_remota,nivel_inspecao_real,decisao_preliminar,pendencias
aula-mod-1-1,Método Tríade,mod-1,"01. Anatomia, Postura e os Primeiros Sons","01 - APOSTILAS e Apresentação",orientacao,2,2,2,1,0,7,4,"https://drive.google.com/file/d/1TrjSjLj8LiVeJl6A9Hw0S39exD9gw-1E/view?usp=drivesdk; https://drive.google.com/file/d/1fRixcoPvmlRZb4iL4Igvw9-Rw1D5lJdj/view?usp=drivesdk; https://drive.google.com/file/d/1tQs8Sm0OBEeWujnipczWsAF2B1H7_75a/view?usp=drivesdk; https://drive.google.com/file/d/1Gytxxdqi515cZ8YHJiE8Adq5u4yLLqb7/view?usp=drivesdk",disponivel,link_preservado_nao_testado,legenda_indexada,revisao_apoio,""
aula-mod-1-2,Método Tríade,mod-1,"01. Anatomia, Postura e os Primeiros Sons","02 - H P - 1.1 Noções Básicas de Ritmo",percepcao_auditiva,3,0,3,1,0,7,3,"https://drive.google.com/file/d/1_OCmO-_jhXXZv6WypP-GXwpA9k1aBHsg/view?usp=drivesdk; https://drive.google.com/file/d/12Ne7nszZ6i87Ow6-EKhvcWTlsN9sftyS/view?usp=drivesdk; https://drive.google.com/file/d/1C09Gduu5UnMKGo0YUFkdr2bc-r7ekC_Z/view?usp=drivesdk",disponivel,link_preservado_nao_testado,legenda_indexada,manter_aula_individual,""
aula-mod-1-3,Método Tríade,mod-1,"01. Anatomia, Postura e os Primeiros Sons","03 - H P - 1.2 Curiosidades",percepcao_auditiva,1,0,1,0,0,2,1,"https://drive.google.com/file/d/1cYlSM4YjQRKHBpKHVEFTw4XsB4qsFFJd/view?usp=drivesdk",disponivel,link_preservado_nao_testado,legenda_indexada,manter_aula_individual,""
aula-mod-1-4,Método Tríade,mod-1,"01. Anatomia, Postura e os Primeiros Sons","04 - Violão - 1.1 - Postura",aula_pratica,1,0,1,0,0,2,1,"https://drive.google.com/file/d/1L7FU4NQQ_dIPhclDycbzYHHAVzwT-LLN/view?usp=drivesdk",disponivel,link_preservado_nao_testado,legenda_indexada,manter_aula_individual,""
aula-mod-1-5,Método Tríade,mod-1,"01. Anatomia, Postura e os Primeiros Sons","05 - Violão - 1.2.1 - Exercícios Preliminares",aula_pratica,1,0,1,1,0,3,1,"https://drive.google.com/file/d/1r7O90liwGE0rTtMvFHf1W2P-VIZ-XjdU/view?usp=drivesdk",disponivel,link_preservado_nao_testado,legenda_indexada,manter_aula_individual,""
aula-mod-1-6,Método Tríade,mod-1,"01. Anatomia, Postura e os Primeiros Sons","06 - Violão - 1.2.2 - Nível Exigido",aula_pratica,1,0,1,0,0,2,1,"https://drive.google.com/file/d/1avaTQfEQi5FGmLeG7PrQ3ztofskXweHj/view?usp=drivesdk",disponivel,link_preservado_nao_testado,legenda_indexada,manter_aula_individual,""
aula-mod-1-7,Método Tríade,mod-1,"01. Anatomia, Postura e os Primeiros Sons","07 - Violão - 1.3 - Como Afinar",aula_pratica,2,0,0,1,0,3,2,"https://drive.google.com/file/d/1o84Q5IzH5ortiy8OC720chDIM8Xg2Zta/view?usp=drivesdk; https://drive.google.com/file/d/1OWkrCE4SOT0lhSt7jONrd5O46dFLitO_/view?usp=drivesdk",disponivel,link_preservado_nao_testado,metadados_catalogo,manter_aula_individual,""
aula-mod-1-8,Método Tríade,mod-1,"01. Anatomia, Postura e os Primeiros Sons","08 - H P - 2 Compassos",percepcao_auditiva,3,0,3,1,0,7,3,"https://drive.google.com/file/d/1_2k58pgqXOcpgIhbnaHLcYGgaJbr6X_j/view?usp=drivesdk; https://drive.google.com/file/d/1jfRM5ddJUBMjcGnbjR51gbibF3uvQOWm/view?usp=drivesdk; https://drive.google.com/file/d/1YomxgZOjce2gR54l8Pd03-q4LtZUVkyG/view?usp=drivesdk",disponivel,link_preservado_nao_testado,legenda_indexada,manter_aula_individual,""
aula-mod-1-9,Método Tríade,mod-1,"01. Anatomia, Postura e os Primeiros Sons","09 - Violão - 2.1 - Tríades Maiores",aula_teorica,2,0,2,1,0,5,2,"https://drive.google.com/file/d/1PUV-H6g3LLgEn1MkXyUawtIYyPWLjf3x/view?usp=drivesdk; https://drive.google.com/file/d/1odMhEfdvB17T8gghLwuQ14TB1ZRj6LyS/view?usp=drivesdk",disponivel,link_preservado_nao_testado,legenda_indexada,manter_aula_individual,""
aula-mod-1-10,Método Tríade,mod-1,"01. Anatomia, Postura e os Primeiros Sons","10 - Violão - 2.2 - Inovação - Fluência no A e D",aula_pratica,1,1,0,1,0,3,2,"https://drive.google.com/file/d/1L6KDY5eQ1FQINgDgtdVlAseKGXy3_Bjj/view?usp=drivesdk; https://drive.google.com/file/d/1PyCFehUGOIaUIu4C8KAD_y2EZBusqeEu/view?usp=drivesdk",disponivel,link_preservado_nao_testado,metadados_catalogo,manter_aula_individual,""
aula-kaiser-64-1-como-estudar-no-kaiserplay,Kaiserplay,mod-1,"01. Anatomia, Postura e os Primeiros Sons","1. Como estudar no Kaiserplay",orientacao,0,0,0,1,0,1,0,"",parcial,sem_link_remoto,metadados_catalogo,revisao_apoio,"apenas_documentacao_sem_midia, sem_link_remoto"
aula-kaiser-65-2-como-cancelar-a-sua-assinatura-e-pedir,Kaiserplay,mod-1,"01. Anatomia, Postura e os Primeiros Sons","2. Como cancelar a sua ASSINATURA e pedir REEMBOLSO",suporte_administrativo,0,0,0,1,0,1,0,"",parcial,sem_link_remoto,metadados_catalogo,avaliar_descarte_administrativo,"apenas_documentacao_sem_midia, item_administrativo, sem_link_remoto"
aula-kaiser-316-1-1-vamos-sair-do-zero,Kaiserplay,mod-1,"01. Anatomia, Postura e os Primeiros Sons","1. 1 - Vamos sair do zero!",aula_pratica,1,0,0,1,0,2,0,"",disponivel,sem_link_remoto,metadados_catalogo,manter_aula_individual,""
aula-kaiser-317-10-10-o-que-e-um-acorde-aprenda-a-primei,Kaiserplay,mod-1,"01. Anatomia, Postura e os Primeiros Sons","10. 10 - O que é um ACORDE_ Aprenda a primeira música com ac",repertorio,1,0,0,1,0,2,0,"",disponivel,sem_link_remoto,metadados_catalogo,manter_aula_individual,""
aula-kaiser-318-11-11-como-ler-cifras-e-diagramas-aprend,Kaiserplay,mod-1,"01. Anatomia, Postura e os Primeiros Sons","11. 11 - Como ler Cifras e Diagramas - APRENDA OS ACORDES FU",leitura_notacao,1,0,0,1,3,5,0,"",disponivel,sem_link_remoto,metadados_catalogo,manter_aula_individual,""
aula-kaiser-319-12-12-dicas-para-fazer-acorde-de-pestana,Kaiserplay,mod-1,"01. Anatomia, Postura e os Primeiros Sons","12. 12 - Dicas para fazer acorde de pestana",aula_pratica,1,0,0,0,0,2,0,"",disponivel,sem_link_remoto,metadados_catalogo,manter_aula_individual,""
aula-kaiser-320-13-13-como-fazer-batidas-com-a-mao-direi,Kaiserplay,mod-1,"01. Anatomia, Postura e os Primeiros Sons","13. 13 - Como fazer _batidas_ com a mão direita",aula_pratica,1,0,0,0,0,2,0,"",disponivel,sem_link_remoto,metadados_catalogo,manter_aula_individual,""
aula-kaiser-321-14-14-como-combinar-batidas-com-acordes,Kaiserplay,mod-1,"01. Anatomia, Postura e os Primeiros Sons","14. 14 - Como combinar BATIDAS com ACORDES",aula_pratica,1,0,0,1,0,2,0,"",disponivel,sem_link_remoto,metadados_catalogo,manter_aula_individual,""
aula-kaiser-322-15-15-como-fazer-dedilhados,Kaiserplay,mod-1,"01. Anatomia, Postura e os Primeiros Sons","15. 15 - Como fazer dedilhados",aula_pratica,1,1,1,1,0,4,0,"",disponivel,sem_link_remoto,legenda_indexada,manter_aula_individual,""
aula-kaiser-323-16-16-qual-caminho-seguir-agora,Kaiserplay,mod-1,"01. Anatomia, Postura e os Primeiros Sons","16. 16 - Qual caminho seguir agora_",orientacao,1,0,0,0,0,2,0,"",disponivel,sem_link_remoto,metadados_catalogo,revisao_apoio,""
aula-kaiser-324-2-2-o-violao-conhecendo-o-instrumento,Kaiserplay,mod-1,"01. Anatomia, Postura e os Primeiros Sons","2. 2 - O Violão_ conhecendo o instrumento",aula_pratica,1,0,0,1,0,2,0,"",disponivel,sem_link_remoto,metadados_catalogo,manter_aula_individual,""
aula-kaiser-325-3-3-postura-como-segurar-o-violao-adequa,Kaiserplay,mod-1,"01. Anatomia, Postura e os Primeiros Sons","3. 3 - Postura_ como segurar o violão adequadamente",aula_pratica,1,0,1,0,0,3,0,"",disponivel,sem_link_remoto,legenda_indexada,manter_aula_individual,""
aula-kaiser-326-4-4-exercicios-fundamentais,Kaiserplay,mod-1,"01. Anatomia, Postura e os Primeiros Sons","4. 4 - Exercícios fundamentais",aula_pratica,1,0,0,1,0,2,0,"",disponivel,sem_link_remoto,metadados_catalogo,manter_aula_individual,""
aula-kaiser-327-5-5-teoria-musical-basica,Kaiserplay,mod-1,"01. Anatomia, Postura e os Primeiros Sons","5. 5 - Teoria Musical Básica",repertorio,1,0,0,1,0,2,0,"",disponivel,sem_link_remoto,metadados_catalogo,manter_aula_individual,""
aula-kaiser-328-6-6-como-ler-tablatura,Kaiserplay,mod-1,"01. Anatomia, Postura e os Primeiros Sons","6. 6 - Como ler Tablatura",leitura_notacao,1,0,0,1,0,2,0,"",disponivel,sem_link_remoto,metadados_catalogo,manter_aula_individual,""
aula-kaiser-329-7-7-aprenda-a-primeira-musica-brilha-bri,Kaiserplay,mod-1,"01. Anatomia, Postura e os Primeiros Sons","7. 7 - Aprenda a primeira música_ Brilha Brilha Estrelinha",repertorio,1,1,0,1,0,3,0,"",disponivel,sem_link_remoto,metadados_catalogo,manter_aula_individual,""
aula-kaiser-330-8-8-escravos-de-jo,Kaiserplay,mod-1,"01. Anatomia, Postura e os Primeiros Sons","8. 8 - Escravos de Jó",aula_pratica,1,1,0,0,0,3,0,"",disponivel,sem_link_remoto,metadados_catalogo,manter_aula_individual,""
aula-kaiser-331-9-9-parabens-pra-voce,Kaiserplay,mod-1,"01. Anatomia, Postura e os Primeiros Sons","9. 9 - Parabéns pra Você",aula_pratica,1,1,0,0,0,3,0,"",disponivel,sem_link_remoto,metadados_catalogo,manter_aula_individual,""
aula-mod-1-11,Método Tríade,mod-2,"02. Fluência Mecânica e Trocas Instantâneas","11 - Violão - 2.3 - Inovação - Trabalho de Fluência",aula_pratica,3,0,0,1,0,4,3,"https://drive.google.com/file/d/1HsxEkBdOb7cSJKO-b-hHnzM3Eh3GZEAg/view?usp=drivesdk; https://drive.google.com/file/d/1h0XCnQ9l51yTVDdZuZSv0qf7Gyjq-TKW/view?usp=drivesdk; https://drive.google.com/file/d/13US3rFfplfmcziZunyE8VKNoZfzApH9Y/view?usp=drivesdk",disponivel,link_preservado_nao_testado,metadados_catalogo,manter_aula_individual,""
aula-mod-1-12,Método Tríade,mod-2,"02. Fluência Mecânica e Trocas Instantâneas","12 - Violão - 2.4 - Inovação - Fluência Bruno Mars",aula_pratica,3,0,0,1,0,4,3,"https://drive.google.com/file/d/1KEuzt7SWQ1-Kg-m69NlzCOxchkV9SAQz/view?usp=drivesdk; https://drive.google.com/file/d/1v8Isp5DW1_ZssM7n_4Fhe1_RtK2j-m44/view?usp=drivesdk; https://drive.google.com/file/d/1y8oJN7xAqoOpQrgHKeQCye_KN4zRrMdy/view?usp=drivesdk",disponivel,link_preservado_nao_testado,metadados_catalogo,manter_aula_individual,""
aula-mod-1-13,Método Tríade,mod-2,"02. Fluência Mecânica e Trocas Instantâneas","13 - UPGRADE 7.0 Violão 2.5 Chiado na troca",aula_pratica,1,0,0,0,0,1,1,"https://drive.google.com/file/d/1IteQKC44hsmVW7IVBITKp4zL0qaJn9Zl/view?usp=drivesdk",disponivel,link_preservado_nao_testado,metadados_catalogo,integrar_aula,""
aula-mod-1-14,Método Tríade,mod-2,"02. Fluência Mecânica e Trocas Instantâneas","14 - UPGRADE 7.0 Violão 2.6 UPGRADE 7.0 Um dedo por vez",aula_pratica,1,0,0,0,0,1,1,"https://drive.google.com/file/d/19VWoknJ-4_r2eNDB8PeWH6D0GMNmcIbL/view?usp=drivesdk",disponivel,link_preservado_nao_testado,metadados_catalogo,integrar_aula,""
aula-mod-1-15,Método Tríade,mod-2,"02. Fluência Mecânica e Trocas Instantâneas","15 - H P - 3.1 Intervalos Diatônicos (pág 07) UPGRADE ESTÚD",percepcao_auditiva,3,0,3,1,0,7,3,"https://drive.google.com/file/d/1tgKAaSaDvFD8-sq6c4quhWdnNLSIflF9/view?usp=drivesdk; https://drive.google.com/file/d/13XRM1wkBDT4pvkARxUumW4zrpMK_G16k/view?usp=drivesdk; https://drive.google.com/file/d/15M2S5R2v1gzY_lyBY90Ojhvz8TJUynXz/view?usp=drivesdk",disponivel,link_preservado_nao_testado,legenda_indexada,integrar_aula,""
aula-mod-1-16,Método Tríade,mod-2,"02. Fluência Mecânica e Trocas Instantâneas","16 - H P - 3.2 Intervalos Diatônicos (Site para praticar)",percepcao_auditiva,1,0,0,1,0,2,1,"https://drive.google.com/file/d/1GoKa7eAICvpdOm6M-RCPgiOPjOdcYCF_/view?usp=drivesdk",disponivel,link_preservado_nao_testado,metadados_catalogo,manter_aula_individual,""
aula-mod-1-17,Método Tríade,mod-2,"02. Fluência Mecânica e Trocas Instantâneas","17 - Violão - 3.1 - Batida Balada Básica",aula_pratica,2,0,2,1,0,5,2,"https://drive.google.com/file/d/1JidK3HWU3I5XXMrHy9QYwFLAyqbhuj4m/view?usp=drivesdk; https://drive.google.com/file/d/1kPvgGjeF3nv87osR3HPRmabKiIC3BWAN/view?usp=drivesdk",disponivel,link_preservado_nao_testado,legenda_indexada,manter_aula_individual,""
aula-mod-1-18,Método Tríade,mod-2,"02. Fluência Mecânica e Trocas Instantâneas","18 - Violão - 3.2 - Como tocar o F#m7(11)",aula_pratica,1,0,1,1,0,3,1,"https://drive.google.com/file/d/1bzsBOpsinQSfJj6LlazECHAlblcwdypr/view?usp=drivesdk",disponivel,link_preservado_nao_testado,legenda_indexada,manter_aula_individual,""
aula-mod-1-19,Método Tríade,mod-2,"02. Fluência Mecânica e Trocas Instantâneas","19 - Violão - 3.3 - Let it Be ! Aplicando a Balada Básica!",repertorio,1,0,1,1,0,3,1,"https://drive.google.com/file/d/1_uYMUEg684HfsV55ZumLrdVQc3jPf5XW/view?usp=drivesdk",disponivel,link_preservado_nao_testado,legenda_indexada,manter_aula_individual,""
aula-mod-2-38,Método Tríade,mod-2,"02. Fluência Mecânica e Trocas Instantâneas","Quiz Para ir ao Mês 2",quiz,1,0,0,0,0,1,0,"",disponivel,sem_link_remoto,metadados_catalogo,avaliar_descarte_administrativo,"quiz_plataforma"
aula-mod-2-1,Método Tríade,mod-2,"02. Fluência Mecânica e Trocas Instantâneas","02 - H P - 5 - Intervalos Diatônicos Parte 2 (pág 13)",sem_material_local,0,0,0,0,0,0,3,"https://drive.google.com/file/d/12iVMsyX4wETT48l8dXODBfkvmVy3Xvxl/view?usp=drivesdk; https://drive.google.com/file/d/1nS5Ec41EA3Vy3DxIjR74MvglRQVieZot/view?usp=drivesdk; https://drive.google.com/file/d/14Kls5UUP3LxZIwG3Xveb7ZfuXfpeCIE1/view?usp=drivesdk",sem_material,link_preservado_nao_testado,nao_inspecionado,aguardar_material,"sem_arquivos_locais"
aula-mod-2-2,Método Tríade,mod-2,"02. Fluência Mecânica e Trocas Instantâneas","03 - Violão - 5.1 - Entendimento de Tríades e Acorde Xm",aula_teorica,3,0,3,0,0,6,4,"https://drive.google.com/file/d/1T4C2N9bwseOGToV50ZUXASxgOoapj9zH/view?usp=drivesdk; https://drive.google.com/file/d/1Qj02ugu6bbqIXZh340Ttb1BAO-Jiuqym/view?usp=drivesdk; https://drive.google.com/file/d/1p17q_a5FC_Ycpjmf7sPyI1JXpJ6tAsSZ/view?usp=drivesdk; https://drive.google.com/file/d/1odXLINSbFKUiRgch1pJf17V6JULXtPFt/view?usp=drivesdk",disponivel,link_preservado_nao_testado,legenda_indexada,manter_aula_individual,""
aula-mod-2-3,Método Tríade,mod-2,"02. Fluência Mecânica e Trocas Instantâneas","04 - Violão - 5.2 - Fluência no Acorde Xm",aula_pratica,4,0,3,1,0,8,1,"https://drive.google.com/file/d/1Sqi7UpkGehdjoAXd0TmHAjwnQUIskSou/view?usp=drivesdk",disponivel,link_preservado_nao_testado,legenda_indexada,manter_aula_individual,""
aula-mod-2-4,Método Tríade,mod-2,"02. Fluência Mecânica e Trocas Instantâneas","05 - 5.3 UPGRADE 8.0 2025 - UM dedo - Momento GOSPEL - ALGO",aula_pratica,1,0,1,1,0,3,1,"https://drive.google.com/file/d/1Qe9Pvgo09usHZS08qVp4u0Lzh8FlmaG5/view?usp=drivesdk",disponivel,link_preservado_nao_testado,legenda_indexada,integrar_aula,""
aula-mod-2-5,Método Tríade,mod-2,"02. Fluência Mecânica e Trocas Instantâneas","06 - 5.4 UPGRADE 8.0 2025 - UM dedo - WITH or WITHOUT YOU",aula_pratica,1,0,1,1,0,3,2,"https://drive.google.com/file/d/1KO_xb8OUazFY-e3yAMco64urjwlIlCnn/view?usp=drivesdk; https://drive.google.com/file/d/1TaK69WX5lS5GD9kmRzZyu_6jkfRO0K2C/view?usp=drivesdk",disponivel,link_preservado_nao_testado,legenda_indexada,integrar_aula,""
aula-mod-2-6,Método Tríade,mod-2,"02. Fluência Mecânica e Trocas Instantâneas","07 - H P - 6.1 - Intervalos (parte 1 Harmonia- Pág 14) - Upgr",percepcao_auditiva,1,1,1,1,0,4,2,"https://drive.google.com/file/d/1er_q_8qbWFbQxDtF9a_wsT-_ET9dF7yY/view?usp=drivesdk; https://drive.google.com/file/d/1EGgBw2pjO9o3SpvJCUNRbUs48KNLPH2J/view?usp=drivesdk",disponivel,link_preservado_nao_testado,legenda_indexada,integrar_aula,""
aula-mod-2-7,Método Tríade,mod-2,"02. Fluência Mecânica e Trocas Instantâneas","08 - H P - 6.2 - Intervalos (Correção - Pág 15) - Upgrade 202",percepcao_auditiva,2,0,2,1,0,5,1,"https://drive.google.com/file/d/1RBnC2UmnuYD8ZQSK8n4qocHCS_zEfz8K/view?usp=drivesdk",disponivel,link_preservado_nao_testado,legenda_indexada,integrar_aula,""
aula-mod-2-8,Método Tríade,mod-2,"02. Fluência Mecânica e Trocas Instantâneas","09 - Violão - 6.1 - As Partes do Violão",aula_pratica,1,0,1,0,0,2,1,"https://drive.google.com/file/d/1yFmKnjeQ7SYpnko6_REhecGhD6t0md4s/view?usp=drivesdk",disponivel,link_preservado_nao_testado,legenda_indexada,manter_aula_individual,""
aula-mod-2-9,Método Tríade,mod-2,"02. Fluência Mecânica e Trocas Instantâneas","10 - Violão - 6.2 - Batida 6 8 Simplificada",aula_pratica,1,1,1,1,0,4,2,"https://drive.google.com/file/d/1IhPcZAbUVooQAAtWVHtLA_rJu3I5cMXq/view?usp=drivesdk; https://drive.google.com/file/d/1Eq6PzLgZV_OBdeCZsfLN6bESc9B932hn/view?usp=drivesdk",disponivel,link_preservado_nao_testado,legenda_indexada,manter_aula_individual,""
aula-mod-2-10,Método Tríade,mod-2,"02. Fluência Mecânica e Trocas Instantâneas","11 - Violão - 6.3 Chama o flautista! - Velha Infância",aula_pratica,1,1,1,1,0,4,1,"https://drive.google.com/file/d/1ZE9v4iZNc-OW_aHN0pwRemWUa2Y36hO1/view?usp=drivesdk",disponivel,link_preservado_nao_testado,legenda_indexada,manter_aula_individual,""
aula-mod-2-11,Método Tríade,mod-2,"02. Fluência Mecânica e Trocas Instantâneas","12 - Violão - 6.4 - ATENÇÁO Erro Comum",aula_pratica,1,0,0,0,0,1,1,"https://drive.google.com/file/d/1VQSmW0p8Y2Zf2F4B368Q3oEn1OevplT1/view?usp=drivesdk",disponivel,link_preservado_nao_testado,metadados_catalogo,manter_aula_individual,""
aula-mod-2-12,Método Tríade,mod-2,"02. Fluência Mecânica e Trocas Instantâneas","13 - Violão - 6.5 - Sincronizando o 'TOCAR e CANTAR'",aula_pratica,1,0,1,0,0,2,1,"https://drive.google.com/file/d/1NpFX80BxhddKFlxa_LKyKYDs5oZwqHFx/view?usp=drivesdk",disponivel,link_preservado_nao_testado,legenda_indexada,manter_aula_individual,""
aula-mod-3-4,Método Tríade,mod-2,"02. Fluência Mecânica e Trocas Instantâneas","05 - Violão - 9.2 - Aplicando a Batida Rock Inglês",aula_pratica,3,0,3,0,0,6,1,"https://drive.google.com/file/d/1dzAx_xFxMZ4XO-okkLtOGiVFbgkR9ttR/view?usp=drivesdk",disponivel,link_preservado_nao_testado,legenda_indexada,manter_aula_individual,""
aula-kaiser-117-1-principios-fundamentais-pra-evoluir,Kaiserplay,mod-2,"02. Fluência Mecânica e Trocas Instantâneas","1. Princípios Fundamentais pra EVOLUIR",aula_pratica,1,0,1,1,0,3,0,"",disponivel,sem_link_remoto,legenda_indexada,manter_aula_individual,""
aula-kaiser-118-2-exercicios-de-mao-esquerda,Kaiserplay,mod-2,"02. Fluência Mecânica e Trocas Instantâneas","2. Exercícios de MÃO ESQUERDA",aula_pratica,1,0,1,1,1,4,0,"",disponivel,sem_link_remoto,legenda_indexada,manter_aula_individual,""
aula-kaiser-119-3-exercicios-de-mao-direita,Kaiserplay,mod-2,"02. Fluência Mecânica e Trocas Instantâneas","3. Exercícios de MÃO DIREITA",aula_pratica,1,0,1,1,2,5,0,"",disponivel,sem_link_remoto,legenda_indexada,manter_aula_individual,""
aula-kaiser-120-4-exercicios-de-ligados,Kaiserplay,mod-2,"02. Fluência Mecânica e Trocas Instantâneas","4. Exercícios de Ligados",aula_pratica,1,0,1,0,0,3,0,"",disponivel,sem_link_remoto,legenda_indexada,manter_aula_individual,""
aula-kaiser-121-5-como-estudar-melhor-o-video-definitivo,Kaiserplay,mod-2,"02. Fluência Mecânica e Trocas Instantâneas","5. COMO ESTUDAR MELHOR -  O VÍDEO DEFINITIVO",orientacao,1,0,2,1,0,4,0,"",disponivel,sem_link_remoto,legenda_indexada,revisao_apoio,""
aula-mod-1-43,Método Tríade,mod-3,"03. Percepção Auditiva e Ditados de Intervalos","43 - BÔNUS versão AO VIVO H P - Aula 3.1 Intervalos Diatôni",percepcao_auditiva,2,0,2,1,0,5,2,"https://drive.google.com/file/d/1BDOGKJYkj6rwS-EeV7lt7UXmOwZZFXUi/view?usp=drivesdk; https://drive.google.com/file/d/1Q41TY-Z8eDKJJ4INk1fcKVQsvK34xEU_/view?usp=drivesdk",disponivel,link_preservado_nao_testado,legenda_indexada,integrar_aula,""
aula-mod-2-18,Método Tríade,mod-3,"03. Percepção Auditiva e Ditados de Intervalos","19 - H P - 8 - Intervalos (Parte 2 - Página 20) UPGRADE 2023",percepcao_auditiva,1,0,1,0,0,2,2,"https://drive.google.com/file/d/1sNvVoT666bEWTA9nTJ0n4Q1bvEYZc4BQ/view?usp=drivesdk; https://drive.google.com/file/d/1Jpc9ckToqNQgOVl3T5aECmJJui_fvLLZ/view?usp=drivesdk",disponivel,link_preservado_nao_testado,legenda_indexada,integrar_aula,""
aula-mod-2-32,Método Tríade,mod-3,"03. Percepção Auditiva e Ditados de Intervalos","33 - BÔNUS versão AO VIVO H P - Aula 5 Intervalos Diatônico",percepcao_auditiva,1,1,1,0,0,3,2,"https://drive.google.com/file/d/16u3AmzByhcs8kUNybIcCqnoup5lWqtm8/view?usp=drivesdk; https://drive.google.com/file/d/1je98fsGHooirnNU_Ksdj1OefiiLUvBjx/view?usp=drivesdk",disponivel,link_preservado_nao_testado,legenda_indexada,integrar_aula,""
aula-mod-2-33,Método Tríade,mod-3,"03. Percepção Auditiva e Ditados de Intervalos","34 - BÔNUS versão AO VIVO H P - 6.1 - Intervalos (Pág 14)",percepcao_auditiva,2,0,2,1,0,5,2,"https://drive.google.com/file/d/1fbTERR9orG8SDcpSvEh_kW3R55dHbW_1/view?usp=drivesdk; https://drive.google.com/file/d/1-9GaAVCP9nRpN4sWT20ellRaCBhfMk0h/view?usp=drivesdk",disponivel,link_preservado_nao_testado,legenda_indexada,integrar_aula,""
aula-mod-2-34,Método Tríade,mod-3,"03. Percepção Auditiva e Ditados de Intervalos","35 - BÔNUS correção H P - 6.2 - Intervalos (Pág 15)",percepcao_auditiva,2,0,2,1,0,5,1,"https://drive.google.com/file/d/11glg59BCfHR-Od1HwMLF2KY5EPdZKHc5/view?usp=drivesdk",disponivel,link_preservado_nao_testado,legenda_indexada,integrar_aula,""
aula-mod-2-36,Método Tríade,mod-3,"03. Percepção Auditiva e Ditados de Intervalos","37 - BÔNUS versão AO VIVO H P - 8 - Intervalos (Parte 2 - Pág",percepcao_auditiva,1,0,1,1,0,3,1,"https://drive.google.com/file/d/1HvwYW9MRSjsIyze26vz2Fh_gHGeaMzwM/view?usp=drivesdk",disponivel,link_preservado_nao_testado,legenda_indexada,integrar_aula,""
aula-mod-4-14,Método Tríade,mod-3,"03. Percepção Auditiva e Ditados de Intervalos","APOSTILA de H_P e de Violão (Meses 4 ao 9)",sem_material_local,0,0,0,0,0,0,0,"",sem_material,sem_link_remoto,nao_inspecionado,aguardar_material,"sem_arquivos_locais, sem_link_remoto"
aula-mod-4-23,Método Tríade,mod-3,"03. Percepção Auditiva e Ditados de Intervalos","H_P - 15 - Colchêia 2 (Pág 41)",percepcao_auditiva,1,0,1,1,0,3,0,"",disponivel,sem_link_remoto,legenda_indexada,manter_aula_individual,""
aula-mod-4-35,Método Tríade,mod-3,"03. Percepção Auditiva e Ditados de Intervalos","BÔNUS H_P - 13 - Colchêia 1 (Ao VIVO)",sem_material_local,0,0,0,0,0,0,0,"",sem_material,sem_link_remoto,nao_inspecionado,aguardar_material,"sem_arquivos_locais, sem_link_remoto"
aula-mod-4-36,Método Tríade,mod-3,"03. Percepção Auditiva e Ditados de Intervalos","BÔNUS_ H_P - 14 - Form de Acordes II (Pág 37) AO VIVO",sem_material_local,0,0,0,0,0,0,0,"",sem_material,sem_link_remoto,nao_inspecionado,aguardar_material,"sem_arquivos_locais, sem_link_remoto"
aula-mod-4-37,Método Tríade,mod-3,"03. Percepção Auditiva e Ditados de Intervalos","BÔNUS H_P - 16 - Campo Harmônico I (AO VIVO)",sem_material_local,0,0,0,0,0,0,0,"",sem_material,sem_link_remoto,nao_inspecionado,aguardar_material,"sem_arquivos_locais, sem_link_remoto"
aula-mod-5-14,Método Tríade,mod-3,"03. Percepção Auditiva e Ditados de Intervalos","H_P - 17 - Intervalos Não Diatônicos (Pág 45)",percepcao_auditiva,1,0,0,0,0,1,0,"",disponivel,sem_link_remoto,metadados_catalogo,manter_aula_individual,""
aula-mod-5-20,Método Tríade,mod-3,"03. Percepção Auditiva e Ditados de Intervalos","H_P - 18.1 - Campo Harmônico II (Pág 46)",percepcao_auditiva,1,0,1,1,0,3,0,"",disponivel,sem_link_remoto,legenda_indexada,manter_aula_individual,""
aula-mod-5-21,Método Tríade,mod-3,"03. Percepção Auditiva e Ditados de Intervalos","H_P - 18.2 BÔNUS_ Teste seu Ouvido!",sem_material_local,0,0,0,0,0,0,0,"",sem_material,sem_link_remoto,nao_inspecionado,aguardar_material,"sem_arquivos_locais, sem_link_remoto"
aula-mod-5-25,Método Tríade,mod-3,"03. Percepção Auditiva e Ditados de Intervalos","H_P - 19.1 - Colchêia 3",percepcao_auditiva,2,1,2,0,0,5,0,"",disponivel,sem_link_remoto,legenda_indexada,manter_aula_individual,""
aula-mod-5-29,Método Tríade,mod-3,"03. Percepção Auditiva e Ditados de Intervalos","H_P - 20 - Campo Harm. III (Pág 50 na apostila de H_P))",sem_material_local,0,0,0,0,0,0,0,"",sem_material,sem_link_remoto,nao_inspecionado,aguardar_material,"sem_arquivos_locais, sem_link_remoto"
aula-mod-6-5,Método Tríade,mod-3,"03. Percepção Auditiva e Ditados de Intervalos","H_P - 21 _ Id. X7, X e Xm (Pág 54)",sem_material_local,0,0,0,0,0,0,0,"",sem_material,sem_link_remoto,nao_inspecionado,aguardar_material,"sem_arquivos_locais, sem_link_remoto"
aula-mod-6-14,Método Tríade,mod-3,"03. Percepção Auditiva e Ditados de Intervalos","H_P - 22 _ Macetes C. Harm",sem_material_local,0,0,0,0,0,0,0,"",sem_material,sem_link_remoto,nao_inspecionado,aguardar_material,"sem_arquivos_locais, sem_link_remoto"
aula-mod-6-19,Método Tríade,mod-3,"03. Percepção Auditiva e Ditados de Intervalos","H_P - 23 _ Semicolchêia 1",sem_material_local,0,0,0,0,0,0,0,"",sem_material,sem_link_remoto,nao_inspecionado,aguardar_material,"sem_arquivos_locais, sem_link_remoto"
aula-mod-6-24,Método Tríade,mod-3,"03. Percepção Auditiva e Ditados de Intervalos","H_P - 24 _ TESTE",sem_material_local,0,0,0,0,0,0,0,"",sem_material,sem_link_remoto,nao_inspecionado,aguardar_material,"sem_arquivos_locais, sem_link_remoto"
aula-mod-7-7,Método Tríade,mod-3,"03. Percepção Auditiva e Ditados de Intervalos","H_P - 25 _ Id. Esc. Maior x Menor",percepcao_auditiva,1,0,1,0,0,2,0,"",disponivel,sem_link_remoto,legenda_indexada,manter_aula_individual,""
aula-mod-7-9,Método Tríade,mod-3,"03. Percepção Auditiva e Ditados de Intervalos","H_P - 26 _ Inversões",percepcao_auditiva,2,1,2,0,0,5,0,"",disponivel,sem_link_remoto,legenda_indexada,manter_aula_individual,""
aula-mod-7-12,Método Tríade,mod-3,"03. Percepção Auditiva e Ditados de Intervalos","H_P - 27 _ Semicolchêia 2",sem_material_local,0,0,0,0,0,0,0,"",sem_material,sem_link_remoto,nao_inspecionado,aguardar_material,"sem_arquivos_locais, sem_link_remoto"
aula-mod-7-17,Método Tríade,mod-3,"03. Percepção Auditiva e Ditados de Intervalos","H_P  - 28_ Código de Cifragem",sem_material_local,0,0,0,0,0,0,0,"",sem_material,sem_link_remoto,nao_inspecionado,aguardar_material,"sem_arquivos_locais, sem_link_remoto"
aula-mod-8-1,Método Tríade,mod-3,"03. Percepção Auditiva e Ditados de Intervalos","01 - H P - 29 Ditados Lacuna (UPGRADE 8.0 - 2025)",percepcao_auditiva,3,0,3,0,0,6,3,"https://drive.google.com/file/d/1H_F3IhcAu_HSkA4rPHun-F5MFvC00YsY/view?usp=drivesdk; https://drive.google.com/file/d/1t0LX0nML-ZKpV56AqpBVMojmC3DUqStt/view?usp=drivesdk; https://drive.google.com/file/d/1vHGhXiWJTeWjvWYfo-BsISPBlcBctWS3/view?usp=drivesdk",disponivel,link_preservado_nao_testado,legenda_indexada,integrar_aula,""
aula-mod-8-13,Método Tríade,mod-3,"03. Percepção Auditiva e Ditados de Intervalos","H_P - 30 _ Introdução à Tensões",orientacao,1,1,1,0,0,3,0,"",disponivel,sem_link_remoto,legenda_indexada,revisao_apoio,""
aula-mod-8-16,Método Tríade,mod-3,"03. Percepção Auditiva e Ditados de Intervalos","H_P - 31 _ Identificando X, Xm, X7 e Xdim",percepcao_auditiva,1,0,1,0,0,2,0,"",disponivel,sem_link_remoto,legenda_indexada,manter_aula_individual,""
aula-mod-8-18,Método Tríade,mod-3,"03. Percepção Auditiva e Ditados de Intervalos","H_P - 32 _ Sinais em Partituras",percepcao_auditiva,1,0,1,1,0,3,0,"",disponivel,sem_link_remoto,legenda_indexada,manter_aula_individual,""
aula-mod-9-14,Método Tríade,mod-3,"03. Percepção Auditiva e Ditados de Intervalos","H_P - 33_ Ditados Reais",sem_material_local,0,0,0,0,0,0,0,"",sem_material,sem_link_remoto,nao_inspecionado,aguardar_material,"sem_arquivos_locais, sem_link_remoto"
aula-mod-9-16,Método Tríade,mod-3,"03. Percepção Auditiva e Ditados de Intervalos","H_P - 34.1_ Tensões nos Dominantes",percepcao_auditiva,1,0,1,0,0,2,0,"",disponivel,sem_link_remoto,legenda_indexada,manter_aula_individual,""
aula-mod-9-17,Método Tríade,mod-3,"03. Percepção Auditiva e Ditados de Intervalos","H_P - 34.2_ Tensões nos Dominantes Extra",percepcao_auditiva,1,0,1,0,0,2,0,"",disponivel,sem_link_remoto,legenda_indexada,manter_aula_individual,""
aula-mod-9-18,Método Tríade,mod-3,"03. Percepção Auditiva e Ditados de Intervalos","H_P - 35_ Semicolchêia 3",sem_material_local,0,0,0,0,0,0,0,"",sem_material,sem_link_remoto,nao_inspecionado,aguardar_material,"sem_arquivos_locais, sem_link_remoto"
aula-kaiser-66-1-introducao-tirar-musicas-de-ouvido,Kaiserplay,mod-3,"03. Percepção Auditiva e Ditados de Intervalos","1. Introdução_ Tirar músicas de ouvido",orientacao,1,0,0,1,0,2,0,"",disponivel,sem_link_remoto,metadados_catalogo,revisao_apoio,""
aula-kaiser-67-2-exercicios-de-percepcao-de-uma-nota,Kaiserplay,mod-3,"03. Percepção Auditiva e Ditados de Intervalos","2. Exercícios de percepção de UMA nota",percepcao_auditiva,1,0,0,1,0,2,0,"",disponivel,sem_link_remoto,metadados_catalogo,manter_aula_individual,""
aula-kaiser-68-3-exercicios-de-percepcao-de-duas-notas,Kaiserplay,mod-3,"03. Percepção Auditiva e Ditados de Intervalos","3. Exercícios de percepção de DUAS notas",percepcao_auditiva,1,0,0,0,0,2,0,"",disponivel,sem_link_remoto,metadados_catalogo,manter_aula_individual,""
aula-kaiser-69-4-exercicios-de-percepcao-de-acordes,Kaiserplay,mod-3,"03. Percepção Auditiva e Ditados de Intervalos","4. Exercícios de percepção de ACORDES",percepcao_auditiva,1,0,0,1,0,2,0,"",disponivel,sem_link_remoto,metadados_catalogo,manter_aula_individual,""
aula-kaiser-70-5-exemplo-aprendendo-de-ouvido-uma-canca,Kaiserplay,mod-3,"03. Percepção Auditiva e Ditados de Intervalos","5. Exemplo_ aprendendo de ouvido uma canção",percepcao_auditiva,2,0,1,1,0,4,0,"",disponivel,sem_link_remoto,legenda_indexada,manter_aula_individual,""
aula-kaiser-71-6-exemplo-2-aprendendo-de-ouvido-uma-pec,Kaiserplay,mod-3,"03. Percepção Auditiva e Ditados de Intervalos","6. Exemplo 2_ aprendendo de ouvido uma peça",percepcao_auditiva,2,0,0,1,0,3,0,"",disponivel,sem_link_remoto,metadados_catalogo,manter_aula_individual,""
aula-kaiser-72-7-programas-que-podem-ajudar,Kaiserplay,mod-3,"03. Percepção Auditiva e Ditados de Intervalos","7. Programas que podem ajudar",aula_pratica,1,0,0,1,0,2,0,"",disponivel,sem_link_remoto,metadados_catalogo,manter_aula_individual,""
aula-mod-1-20,Método Tríade,mod-4,"04. Ritmos Fundamentais e Primeiro Repertório (Nível 1)","20 - Violão - 3.4 - Chama o flautista! - Let it be",repertorio,2,0,2,0,0,4,2,"https://drive.google.com/file/d/1FTgjvxmLpgIIoN45GAAMHL6QZYXDCeiC/view?usp=drivesdk; https://drive.google.com/file/d/1FZFl0Qbin6pT_6SYqGycAaJcCM9Lvpmy/view?usp=drivesdk",disponivel,link_preservado_nao_testado,legenda_indexada,manter_aula_individual,""
aula-mod-1-21,Método Tríade,mod-4,"04. Ritmos Fundamentais e Primeiro Repertório (Nível 1)","21 - UPGRADE 8.0 Violão - 3.5 - Acordes E A D - Born this w",aula_pratica,3,0,3,0,0,6,3,"https://drive.google.com/file/d/1m9d6EJ5dcPgMBqI23fuGqqrMY88Ss3aF/view?usp=drivesdk; https://drive.google.com/file/d/1qKpZP4bXMpBIjThP9N3-cx34Rp-Cvd6E/view?usp=drivesdk; https://drive.google.com/file/d/1Wi9pxc2JwShXnVtWFGwXW-2yy74ektj6/view?usp=drivesdk",disponivel,link_preservado_nao_testado,legenda_indexada,integrar_aula,""
aula-mod-1-22,Método Tríade,mod-4,"04. Ritmos Fundamentais e Primeiro Repertório (Nível 1)","22 - Violão - 3.6 - É o Amor",aula_pratica,1,0,1,1,0,3,1,"https://drive.google.com/file/d/1sHB9R9OVlm3SeQshvg0TxAyFJkzw3XlI/view?usp=drivesdk",disponivel,link_preservado_nao_testado,legenda_indexada,manter_aula_individual,""
aula-mod-1-23,Método Tríade,mod-4,"04. Ritmos Fundamentais e Primeiro Repertório (Nível 1)","23 - Violão - 3.7- Apresentando G e C",aula_pratica,2,0,2,0,0,4,2,"https://drive.google.com/file/d/1QLZ5vsPzlwhXQi3m0G1Pj8TEzTe0Fci_/view?usp=drivesdk; https://drive.google.com/file/d/1R5mzg7L8C5hWFbNxQCya45oHETpb2ycM/view?usp=drivesdk",disponivel,link_preservado_nao_testado,legenda_indexada,manter_aula_individual,""
aula-mod-1-24,Método Tríade,mod-4,"04. Ritmos Fundamentais e Primeiro Repertório (Nível 1)","24 - Violão - 3.8 - 'A sua' Usando G e C",aula_pratica,2,0,0,1,0,3,2,"https://drive.google.com/file/d/1Q1HzCUPK-aTKobRCAqMCxhcH9FzdC9uN/view?usp=drivesdk; https://drive.google.com/file/d/10v8mxsvo1IppYI6EQWGhEN_ldqTLbwPP/view?usp=drivesdk",disponivel,link_preservado_nao_testado,metadados_catalogo,manter_aula_individual,""
aula-mod-1-25,Método Tríade,mod-4,"04. Ritmos Fundamentais e Primeiro Repertório (Nível 1)","25 - Violão - 3.9 - Fluência - Born This Way (Praticando C e",repertorio,2,0,2,0,0,4,2,"https://drive.google.com/file/d/1QIcgVdgWK3n3gIMWlctV6nfPDV9vwVcn/view?usp=drivesdk; https://drive.google.com/file/d/1OOUJQiT6yCJ3BGfGpsQ2qoBj1z64XZOR/view?usp=drivesdk",disponivel,link_preservado_nao_testado,legenda_indexada,manter_aula_individual,""
aula-mod-1-26,Método Tríade,mod-4,"04. Ritmos Fundamentais e Primeiro Repertório (Nível 1)","26 - H P - 4 As Notas Musicais (Pág 08)",percepcao_auditiva,3,0,3,1,0,7,3,"https://drive.google.com/file/d/18VvCEDwU46hEC8FLqwraIpJwkFZXNVGl/view?usp=drivesdk; https://drive.google.com/file/d/1XvrBMUf3GzG92cxGGsHZhhR40VqlUapK/view?usp=drivesdk; https://drive.google.com/file/d/1zJxY9iSzA5P8nRi1PO0ntRq33Ef6Rjbd/view?usp=drivesdk",disponivel,link_preservado_nao_testado,legenda_indexada,manter_aula_individual,""
aula-mod-1-27,Método Tríade,mod-4,"04. Ritmos Fundamentais e Primeiro Repertório (Nível 1)","27 - Violão - 4.1 - Aplicando o G e C - Patience e Ovelha Neg",aula_pratica,2,0,2,1,0,5,2,"https://drive.google.com/file/d/1hq1j8ROeDxz2D6_50PxlCezQyND0og2i/view?usp=drivesdk; https://drive.google.com/file/d/14k9wlVCmcapU8j2amb0ORAwMXf3ggs_d/view?usp=drivesdk",disponivel,link_preservado_nao_testado,legenda_indexada,manter_aula_individual,""
aula-mod-1-28,Método Tríade,mod-4,"04. Ritmos Fundamentais e Primeiro Repertório (Nível 1)","28 - Violão - 4.2 O que é o HIPER DETALHAMENTO",aula_pratica,1,1,1,0,0,3,2,"https://drive.google.com/file/d/19FbcdDr4VSnE9JBrR5A4iw7BOYUAu6Jc/view?usp=drivesdk; https://drive.google.com/file/d/1-aoWdvArynMaM-ZHjoU8YAHr4mobwUNY/view?usp=drivesdk",disponivel,link_preservado_nao_testado,legenda_indexada,manter_aula_individual,""
aula-mod-1-29,Método Tríade,mod-4,"04. Ritmos Fundamentais e Primeiro Repertório (Nível 1)","29 - Violão - 4.3 - HIPER DETALHAMENTO- Ovelha Negra (1 de 2)",repertorio,1,1,1,1,0,4,2,"https://drive.google.com/file/d/1JSQ5StEvZfhLB4rlVNIKXaR_3wa6WUy4/view?usp=drivesdk; https://drive.google.com/file/d/1V3QjzSSMCcFAYMqZNCS7XPHAxMH0mY-l/view?usp=drivesdk",disponivel,link_preservado_nao_testado,legenda_indexada,integrar_aula,""
aula-mod-1-30,Método Tríade,mod-4,"04. Ritmos Fundamentais e Primeiro Repertório (Nível 1)","30 - Violão - 4.4 - HIPER DETALHAMENTO- Ovelha Negra (2 de 2)",repertorio,1,0,1,0,0,2,1,"https://drive.google.com/file/d/1B78t30yFNkqPOmH_TgSnFjK_ufZfLu_e/view?usp=drivesdk",disponivel,link_preservado_nao_testado,legenda_indexada,integrar_aula,""
aula-mod-1-31,Método Tríade,mod-4,"04. Ritmos Fundamentais e Primeiro Repertório (Nível 1)","31 - Violão - 4.5 - Batida POP Básica",aula_pratica,3,1,3,1,0,8,4,"https://drive.google.com/file/d/1I5EBSP-hgfEPj7Et_k-DfEZY7ajizPws/view?usp=drivesdk; https://drive.google.com/file/d/1pDpM7iFWZ-LKNOCemjfE4Pwj5fb-10Ew/view?usp=drivesdk; https://drive.google.com/file/d/1SsDfHx9v8eTBqs20dUAoNL584PZIkWm9/view?usp=drivesdk; https://drive.google.com/file/d/1f1YSIJ8t-d7ENsiAjW24Fj1mQvV5TObr/view?usp=drivesdk",disponivel,link_preservado_nao_testado,legenda_indexada,manter_aula_individual,""
aula-mod-2-13,Método Tríade,mod-4,"04. Ritmos Fundamentais e Primeiro Repertório (Nível 1)","14 - H P - 7.1 - Id. Acordes Maiores e Menores (Pág 18) UPGRA",percepcao_auditiva,1,0,1,0,0,2,3,"https://drive.google.com/file/d/1O38dnWhshQEZdMFclb1_CjKotHBkkMBk/view?usp=drivesdk; https://drive.google.com/file/d/1pUquwevG3TFPj-_gud3s-kAVI06igqh_/view?usp=drivesdk; https://drive.google.com/file/d/175aUSiIoSQuERrwZdqI7MLfDP0i52DIV/view?usp=drivesdk",disponivel,link_preservado_nao_testado,legenda_indexada,manter_aula_individual,""
aula-mod-2-14,Método Tríade,mod-4,"04. Ritmos Fundamentais e Primeiro Repertório (Nível 1)","15 - H P - 7.2 - Id. Acordes Maiores e Menores (Correção) UPG",percepcao_auditiva,3,0,3,1,0,7,1,"https://drive.google.com/file/d/1H12_lmn_NcNrLxOVTURnwriv67h5rdhv/view?usp=drivesdk",disponivel,link_preservado_nao_testado,legenda_indexada,manter_aula_individual,""
aula-mod-2-15,Método Tríade,mod-4,"04. Ritmos Fundamentais e Primeiro Repertório (Nível 1)","16 - Violão - 7.1 - Que País é Esse - Como eu Quero",aula_pratica,1,0,1,0,0,2,2,"https://drive.google.com/file/d/17KxWUewmH4JWE1XEMtzgxAsWMqtO7kPa/view?usp=drivesdk; https://drive.google.com/file/d/10qwUbx2lgiNzRitkJpHdA8c5ttiZkM2A/view?usp=drivesdk",disponivel,link_preservado_nao_testado,legenda_indexada,manter_aula_individual,""
aula-mod-2-16,Método Tríade,mod-4,"04. Ritmos Fundamentais e Primeiro Repertório (Nível 1)","17 - Violão - 7.2 Chama o flautista! - Como eu Quero",aula_pratica,2,0,2,1,0,5,2,"https://drive.google.com/file/d/1KYvMCRH7ZCbDhJW72sCywi-CQAdwGNAU/view?usp=drivesdk; https://drive.google.com/file/d/1k_MuXpL-K3v3Jd61Mfq8-bzu4Pgnu1qy/view?usp=drivesdk",disponivel,link_preservado_nao_testado,legenda_indexada,manter_aula_individual,""
aula-mod-2-17,Método Tríade,mod-4,"04. Ritmos Fundamentais e Primeiro Repertório (Nível 1)","18 - UPGRADE 7.0 Violão - 7.3 Principais Elementos de Inte",aula_pratica,2,0,2,0,0,4,1,"https://drive.google.com/file/d/1xMQ4RhlX-6IWusa1cuXw-LrYHA2UVPOT/view?usp=drivesdk",disponivel,link_preservado_nao_testado,legenda_indexada,integrar_aula,""
aula-mod-2-19,Método Tríade,mod-4,"04. Ritmos Fundamentais e Primeiro Repertório (Nível 1)","20 - Violão - 8.1 - Batida Rock Inglês",aula_pratica,2,0,2,0,0,4,3,"https://drive.google.com/file/d/1G0nM3YF2mTYTzmH3iaN2pEFvM_y3C9dN/view?usp=drivesdk; https://drive.google.com/file/d/1kvSgBobdplESnD5ZiycpTHjaSfbVe3yU/view?usp=drivesdk; https://drive.google.com/file/d/1MeQSlkWKfFu7AmalF9KiHlP-MZCCWYif/view?usp=drivesdk",disponivel,link_preservado_nao_testado,legenda_indexada,manter_aula_individual,""
aula-mod-2-20,Método Tríade,mod-4,"04. Ritmos Fundamentais e Primeiro Repertório (Nível 1)","21 - Violão - 8.2 - O Sol - Rock Inglês",aula_pratica,1,2,1,1,0,5,2,"https://drive.google.com/file/d/16UcIpy5iM3p4L4TTnWkqZGmTygQWdO0r/view?usp=drivesdk; https://drive.google.com/file/d/1wrpK7e2sYHy1VWmilcBXUSCrWQ5JVXdN/view?usp=drivesdk",disponivel,link_preservado_nao_testado,legenda_indexada,manter_aula_individual,""
aula-mod-2-21,Método Tríade,mod-4,"04. Ritmos Fundamentais e Primeiro Repertório (Nível 1)","22 - Violão - 8.3 TOCA que eu CANTO - O SOl",aula_pratica,1,1,0,0,0,2,1,"https://drive.google.com/file/d/1_6EZwsAbtBJZ4iXliZfudF4GLGPFEJ2N/view?usp=drivesdk",disponivel,link_preservado_nao_testado,metadados_catalogo,manter_aula_individual,""
aula-mod-2-22,Método Tríade,mod-4,"04. Ritmos Fundamentais e Primeiro Repertório (Nível 1)","23 - UPGRADE 7.0 Violão - 8.4 - Fluência no ROCK INGLÊS ou",aula_pratica,1,0,1,1,0,3,2,"https://drive.google.com/file/d/19odGOND8xbZeSzWk3zJ1JCLlavToM9e9/view?usp=drivesdk; https://drive.google.com/file/d/1rZmtEBATtyoEWBpAIeO33Y2a4lALoVBQ/view?usp=drivesdk",disponivel,link_preservado_nao_testado,legenda_indexada,integrar_aula,""
aula-mod-2-23,Método Tríade,mod-4,"04. Ritmos Fundamentais e Primeiro Repertório (Nível 1)","24 - Violão - 8.5 Como encordoar NYLON",aula_pratica,2,0,2,1,0,5,1,"https://drive.google.com/file/d/1SpVmnorG5FmDVXmIR8uZFosi5OBB17gV/view?usp=drivesdk",disponivel,link_preservado_nao_testado,legenda_indexada,manter_aula_individual,""
aula-mod-2-24,Método Tríade,mod-4,"04. Ritmos Fundamentais e Primeiro Repertório (Nível 1)","25 - Violão - 8.6 Como encordoar AÇO",aula_pratica,1,0,1,0,0,2,1,"https://drive.google.com/file/d/1MEZLRwQQZbkIej_8om9sDkZeK5Crtuk7/view?usp=drivesdk",disponivel,link_preservado_nao_testado,legenda_indexada,manter_aula_individual,""
aula-mod-2-25,Método Tríade,mod-4,"04. Ritmos Fundamentais e Primeiro Repertório (Nível 1)","26 - Violão - 8.7 - Bônus - 10 Músicas com apenas E, A e D",repertorio,1,0,1,0,0,2,3,"https://drive.google.com/file/d/10HCL-dS2pW9jSfrpv7wWrlD6ZqQvDBH2/view?usp=drivesdk; https://drive.google.com/file/d/1P6Fj-ey_4J6TZXXRjvR87yHOZwO2hSOf/view?usp=drivesdk; https://drive.google.com/file/d/16MRzok71d4BVXTl-4PIxfSPuu5LHeiKp/view?usp=drivesdk",disponivel,link_preservado_nao_testado,legenda_indexada,integrar_aula,""
aula-mod-3-10,Método Tríade,mod-4,"04. Ritmos Fundamentais e Primeiro Repertório (Nível 1)","11 - Violão - 10.1 - Leitura C D E",leitura_notacao,3,0,3,0,0,6,2,"https://drive.google.com/file/d/1RBD9E1lzWKvlCowZKtGW0zWPG_s5yShK/view?usp=drivesdk; https://drive.google.com/file/d/12oGJcsMKonmFCSBm4ZhL27NUbl1J0gaB/view?usp=drivesdk",disponivel,link_preservado_nao_testado,legenda_indexada,manter_aula_individual,""
aula-mod-3-11,Método Tríade,mod-4,"04. Ritmos Fundamentais e Primeiro Repertório (Nível 1)","12 - Violão -10.2 - Pestana!",aula_pratica,2,0,0,1,0,3,2,"https://drive.google.com/file/d/1KlC0QEu-K1RT3ANpmg_SVwTk4OUSp-_O/view?usp=drivesdk; https://drive.google.com/file/d/1HkWes_5znvaykbbMBPULaf62Tvh6_rap/view?usp=drivesdk",disponivel,link_preservado_nao_testado,metadados_catalogo,manter_aula_individual,""
aula-mod-3-12,Método Tríade,mod-4,"04. Ritmos Fundamentais e Primeiro Repertório (Nível 1)","13 - Violão -10.3 - A Pestana e o Paralelismo",aula_pratica,2,0,0,1,0,3,1,"https://drive.google.com/file/d/1Y8Fl5DNCPZ94ZCZJqGj81YIa2GNYFFmq/view?usp=drivesdk",disponivel,link_preservado_nao_testado,metadados_catalogo,manter_aula_individual,""
aula-mod-3-13,Método Tríade,mod-4,"04. Ritmos Fundamentais e Primeiro Repertório (Nível 1)","14 - Violão -10.4 - PRATICANDO Bm com Wicked Game - Apresenta",aula_pratica,1,0,1,0,0,2,1,"https://drive.google.com/file/d/1VvGAPBidGWe_EKVjxHDh9IOB29XfPgn1/view?usp=drivesdk",disponivel,link_preservado_nao_testado,legenda_indexada,manter_aula_individual,""
aula-mod-3-14,Método Tríade,mod-4,"04. Ritmos Fundamentais e Primeiro Repertório (Nível 1)","15 - Violão -10.5 - wicked game PRATICANDO PESTANA - violao",aula_pratica,1,0,1,0,0,2,1,"https://drive.google.com/file/d/1bjqoKHD06IDr0o6tO8RoGUP09yl91rjD/view?usp=drivesdk",disponivel,link_preservado_nao_testado,legenda_indexada,manter_aula_individual,""
aula-mod-3-15,Método Tríade,mod-4,"04. Ritmos Fundamentais e Primeiro Repertório (Nível 1)","16 - Violão - 10.6 TOCA que eu CANTO - Wonderwall",aula_pratica,1,0,1,0,0,2,1,"https://drive.google.com/file/d/1WpW-x_u-PI7TxKEZ4JGAGBgiqnw56KyX/view?usp=drivesdk",disponivel,link_preservado_nao_testado,legenda_indexada,manter_aula_individual,""
aula-mod-3-16,Método Tríade,mod-4,"04. Ritmos Fundamentais e Primeiro Repertório (Nível 1)","17 - 10.7 - Pra que serve o capotraste",aula_pratica,1,0,1,0,0,2,1,"https://drive.google.com/file/d/1uO8CupQ5YOMsYRcP0b7l2rtEGx_b-Yc6/view?usp=drivesdk",disponivel,link_preservado_nao_testado,legenda_indexada,manter_aula_individual,""
aula-mod-3-17,Método Tríade,mod-4,"04. Ritmos Fundamentais e Primeiro Repertório (Nível 1)","18 - H P -11 - Semínima, Pausa e Colchêia - Pág 29",percepcao_auditiva,1,0,0,0,0,1,2,"https://drive.google.com/file/d/1fDYPL2Zs5wThO8kDQppXwgo1ru_hM7-a/view?usp=drivesdk; https://drive.google.com/file/d/14yBH55zxSki8kMzOh28CQdXIciHk8Go6/view?usp=drivesdk",disponivel,link_preservado_nao_testado,metadados_catalogo,manter_aula_individual,""
aula-mod-3-18,Método Tríade,mod-4,"04. Ritmos Fundamentais e Primeiro Repertório (Nível 1)","19 - Violão -11.1 - Eu Sei (Pág 30)",aula_pratica,2,0,2,1,0,5,3,"https://drive.google.com/file/d/1H5OjylnxLXJX9L0nczMHRFU6wsTXu5Ga/view?usp=drivesdk; https://drive.google.com/file/d/1pHIo8R54VSDmGrNzMcIFeuWkezfFZ9AL/view?usp=drivesdk; https://drive.google.com/file/d/1RkpJrHkbr8Dz_gSEPBHn_a_1cYXvWOsd/view?usp=drivesdk",disponivel,link_preservado_nao_testado,legenda_indexada,manter_aula_individual,""
aula-mod-3-19,Método Tríade,mod-4,"04. Ritmos Fundamentais e Primeiro Repertório (Nível 1)","20 - Violão - 11.2 - Leitura C D E F G",leitura_notacao,3,0,3,1,0,7,1,"https://drive.google.com/file/d/10Vu1kzzn0MBeGwac4JiJCCDD5yHIU90L/view?usp=drivesdk",disponivel,link_preservado_nao_testado,legenda_indexada,manter_aula_individual,""
aula-mod-3-20,Método Tríade,mod-4,"04. Ritmos Fundamentais e Primeiro Repertório (Nível 1)","21 - Violão - 11.3 - Batida POP Básica Variação (TCHAC)",aula_pratica,1,0,0,0,0,1,4,"https://drive.google.com/file/d/1Hl4kP_lQR0iPD1WplOy7vM98MyP5RCnT/view?usp=drivesdk; https://drive.google.com/file/d/1csZ1rzwBpZpd1L2QFzNRAKGPdV1_bDJd/view?usp=drivesdk; https://drive.google.com/file/d/12WyOvhae27nSOCyANqwE3CVAH-zsF3Zd/view?usp=drivesdk; https://drive.google.com/file/d/1Em6pIjwE0Qu77gDYef-_00uSDXlQPSzm/view?usp=drivesdk",disponivel,link_preservado_nao_testado,metadados_catalogo,manter_aula_individual,""
aula-mod-3-21,Método Tríade,mod-4,"04. Ritmos Fundamentais e Primeiro Repertório (Nível 1)","22 - Violão - 11.4 - Revisão de Notas no Braço",aula_pratica,3,1,3,1,0,8,1,"https://drive.google.com/file/d/1cQTychUBeEdnCarPQqaPxEoLtfN5DzKT/view?usp=drivesdk",disponivel,link_preservado_nao_testado,legenda_indexada,manter_aula_individual,""
aula-mod-3-22,Método Tríade,mod-4,"04. Ritmos Fundamentais e Primeiro Repertório (Nível 1)","23 - Violão - 11.5 - Intensivão Pestana!",aula_pratica,1,0,1,0,0,2,2,"https://drive.google.com/file/d/1RkellEJtnrBAW4e2ElZTRyObHbwBR3k9/view?usp=drivesdk; https://drive.google.com/file/d/1M5TeNqr_c3Ao0ZmVCpb_v1_JSeHKX27H/view?usp=drivesdk",disponivel,link_preservado_nao_testado,legenda_indexada,manter_aula_individual,""
aula-mod-4-13,Método Tríade,mod-4,"04. Ritmos Fundamentais e Primeiro Repertório (Nível 1)","Quiz para ir para o Mês 4",quiz,0,0,0,0,0,0,0,"",sem_material,sem_link_remoto,nao_inspecionado,avaliar_descarte_administrativo,"sem_arquivos_locais, quiz_plataforma, sem_link_remoto"
aula-mod-4-15,Método Tríade,mod-4,"04. Ritmos Fundamentais e Primeiro Repertório (Nível 1)","Mega-Bônus_ 38.235 Cifras!",suporte_administrativo,0,0,0,0,0,0,0,"",sem_material,sem_link_remoto,nao_inspecionado,avaliar_descarte_administrativo,"sem_arquivos_locais, item_administrativo, sem_link_remoto"
aula-mod-4-1,Método Tríade,mod-4,"04. Ritmos Fundamentais e Primeiro Repertório (Nível 1)","04 - 13 - Colcheia I UPGRADE 8.0 (Pág 36)",sem_material_local,0,0,0,0,0,0,2,"https://drive.google.com/file/d/1AQX6cLZqP1SmJO5c3eIC2SY_xi9mDxEo/view?usp=drivesdk; https://drive.google.com/file/d/13n0u5b6qGGDZHkgqlpauijaMvx8rdY8a/view?usp=drivesdk",sem_material,link_preservado_nao_testado,nao_inspecionado,aguardar_material,"sem_arquivos_locais"
aula-mod-4-16,Método Tríade,mod-4,"04. Ritmos Fundamentais e Primeiro Repertório (Nível 1)","_UPGRADE 7.0_ Violão - 13.1 - Revisão",sem_material_local,0,0,0,0,0,0,0,"",sem_material,sem_link_remoto,nao_inspecionado,aguardar_material,"sem_arquivos_locais, sem_link_remoto"
aula-mod-4-17,Método Tríade,mod-4,"04. Ritmos Fundamentais e Primeiro Repertório (Nível 1)","_UPGRADE 7.0_ Violão - 13.2 - Acorde X7M na Prática (Pág",sem_material_local,0,0,0,0,0,0,0,"",sem_material,sem_link_remoto,nao_inspecionado,aguardar_material,"sem_arquivos_locais, sem_link_remoto"
aula-mod-4-18,Método Tríade,mod-4,"04. Ritmos Fundamentais e Primeiro Repertório (Nível 1)","Violão - 13.3 -  Batida Bossanova (Pág 40)",sem_material_local,0,0,0,0,0,0,0,"",sem_material,sem_link_remoto,nao_inspecionado,aguardar_material,"sem_arquivos_locais, sem_link_remoto"
aula-mod-4-19,Método Tríade,mod-4,"04. Ritmos Fundamentais e Primeiro Repertório (Nível 1)","Violão - 13.4 TOCA que eu CANTO - Faz Parte do meu Show",sem_material_local,0,0,0,0,0,0,0,"",sem_material,sem_link_remoto,nao_inspecionado,aguardar_material,"sem_arquivos_locais, sem_link_remoto"
aula-mod-4-2,Método Tríade,mod-4,"04. Ritmos Fundamentais e Primeiro Repertório (Nível 1)","09 - UPGRADE 7.0 H P - 14 - Form de Acordes II (Pág 37)",sem_material_local,0,0,0,0,0,0,3,"https://drive.google.com/file/d/1ZWNeGrUtrKm5If78wo4Ukp_xCkMKcySA/view?usp=drivesdk; https://drive.google.com/file/d/1-1clEP6dlExPdZIf9sPFDbfk40MiUDNg/view?usp=drivesdk; https://drive.google.com/file/d/1CuA9Mz9ipO5HTMsSRgFMsWoTeTcZ6WEc/view?usp=drivesdk",sem_material,link_preservado_nao_testado,nao_inspecionado,aguardar_material,"sem_arquivos_locais"
aula-mod-4-3,Método Tríade,mod-4,"04. Ritmos Fundamentais e Primeiro Repertório (Nível 1)","10 - UPGRADE 7.0 H P - 14 - Form de Acordes II - Trabalho d",sem_material_local,0,0,0,0,0,0,1,"https://drive.google.com/file/d/1LjUJrbVn8oQIIeDjB2ryjadov0Ne_poj/view?usp=drivesdk",sem_material,link_preservado_nao_testado,nao_inspecionado,aguardar_material,"sem_arquivos_locais"
aula-mod-4-20,Método Tríade,mod-4,"04. Ritmos Fundamentais e Primeiro Repertório (Nível 1)","Violão - 14.1 - Tablatura",leitura_notacao,1,0,1,0,0,2,0,"",disponivel,sem_link_remoto,legenda_indexada,manter_aula_individual,""
aula-mod-4-21,Método Tríade,mod-4,"04. Ritmos Fundamentais e Primeiro Repertório (Nível 1)","Violão - 14.2 - Seu primeiro FINGERSTYLE - Águas de Març",aula_pratica,2,0,2,0,0,4,0,"",disponivel,sem_link_remoto,legenda_indexada,manter_aula_individual,""
aula-mod-4-22,Método Tríade,mod-4,"04. Ritmos Fundamentais e Primeiro Repertório (Nível 1)","Violão - 14.3 - BÔNUS_ FINGERSTYLE FÁCIL!  TOCANDO EM FR",aula_pratica,1,0,1,1,0,3,0,"",disponivel,sem_link_remoto,legenda_indexada,integrar_aula,""
aula-mod-4-24,Método Tríade,mod-4,"04. Ritmos Fundamentais e Primeiro Repertório (Nível 1)","Violão - 15.2 _UPGRADE 5.0_ Batida de Guarânia",aula_pratica,1,0,1,0,0,2,0,"",disponivel,sem_link_remoto,legenda_indexada,integrar_aula,""
aula-mod-4-25,Método Tríade,mod-4,"04. Ritmos Fundamentais e Primeiro Repertório (Nível 1)","Violão - 15.3 _UPGRADE 5.0_ Chama o Flautista - Guarânia",aula_pratica,1,0,1,0,0,2,0,"",disponivel,sem_link_remoto,legenda_indexada,integrar_aula,""
aula-kaiser-122-1-partitura-leitura-melodica,Kaiserplay,mod-4,"04. Ritmos Fundamentais e Primeiro Repertório (Nível 1)","1. Partitura_ Leitura MELÓDICA",leitura_notacao,1,0,0,1,5,7,0,"",disponivel,sem_link_remoto,metadados_catalogo,manter_aula_individual,""
aula-kaiser-123-2-partitura-leitura-ritmica,Kaiserplay,mod-4,"04. Ritmos Fundamentais e Primeiro Repertório (Nível 1)","2. Partitura_ Leitura RÍTMICA",leitura_notacao,1,2,0,1,3,7,0,"",disponivel,sem_link_remoto,metadados_catalogo,manter_aula_individual,""
aula-kaiser-124-3-partituras-faceis-para-iniciantes,Kaiserplay,mod-4,"04. Ritmos Fundamentais e Primeiro Repertório (Nível 1)","3. Partituras fáceis para iniciantes",leitura_notacao,0,7,0,1,0,8,0,"",disponivel,sem_link_remoto,metadados_catalogo,manter_aula_individual,""
aula-kaiser-125-4-andante-h-pinto-partituras-de-nivel-me,Kaiserplay,mod-4,"04. Ritmos Fundamentais e Primeiro Repertório (Nível 1)","4. ANDANTE (H. Pinto)_ Partituras de Nível Médio",leitura_notacao,1,1,0,1,0,3,0,"",disponivel,sem_link_remoto,metadados_catalogo,manter_aula_individual,""
aula-kaiser-126-5-allegretto-h-pinto-partituras-de-nivel,Kaiserplay,mod-4,"04. Ritmos Fundamentais e Primeiro Repertório (Nível 1)","5. ALLEGRETTO (H. Pinto)_ Partituras de Nível Médio",leitura_notacao,1,1,0,1,0,3,0,"",disponivel,sem_link_remoto,metadados_catalogo,manter_aula_individual,""
aula-kaiser-127-6-andante-religioso-partitura-de-nivel-m,Kaiserplay,mod-4,"04. Ritmos Fundamentais e Primeiro Repertório (Nível 1)","6. ANDANTE RELIGIOSO_ Partitura de Nível Médio",leitura_notacao,1,1,0,1,0,3,0,"",disponivel,sem_link_remoto,metadados_catalogo,manter_aula_individual,""
aula-kaiser-136-1-importante-saiba-como-assistir-as-aula,Kaiserplay,mod-4,"04. Ritmos Fundamentais e Primeiro Repertório (Nível 1)","1. IMPORTANTE ! Saiba como assistir as aulas de Repertório",repertorio,1,3,2,1,1,8,0,"",disponivel,sem_link_remoto,legenda_indexada,manter_aula_individual,""
aula-kaiser-137-10-pequena-valsa-ferdinando-carulli-viol,Kaiserplay,mod-4,"04. Ritmos Fundamentais e Primeiro Repertório (Nível 1)","10. Pequena Valsa (Ferdinando Carulli) - Violão Clássico",repertorio,1,1,0,1,0,3,0,"",disponivel,sem_link_remoto,metadados_catalogo,manter_aula_individual,""
aula-kaiser-138-11-baixo-cantante-pedro-cameron-violao-c,Kaiserplay,mod-4,"04. Ritmos Fundamentais e Primeiro Repertório (Nível 1)","11. Baixo Cantante (Pedro Cameron) - Violão Clássico",aula_pratica,1,0,0,1,0,2,0,"",disponivel,sem_link_remoto,metadados_catalogo,manter_aula_individual,""
aula-kaiser-139-12-andantino-antonio-cano-violao-classic,Kaiserplay,mod-4,"04. Ritmos Fundamentais e Primeiro Repertório (Nível 1)","12. Andantino (Antonio Cano) - Violão Clássico",aula_pratica,1,1,1,1,0,4,0,"",disponivel,sem_link_remoto,legenda_indexada,manter_aula_individual,""
aula-kaiser-140-13-madrugada-marcos-kaiser-violao-classi,Kaiserplay,mod-4,"04. Ritmos Fundamentais e Primeiro Repertório (Nível 1)","13. Madrugada (Marcos Kaiser) - Violão Clássico",aula_pratica,1,0,0,1,0,2,0,"",disponivel,sem_link_remoto,metadados_catalogo,manter_aula_individual,""
aula-kaiser-141-14-atirei-o-pau-no-gato,Kaiserplay,mod-4,"04. Ritmos Fundamentais e Primeiro Repertório (Nível 1)","14. Atirei o Pau no Gato",aula_pratica,1,0,0,1,0,2,0,"",disponivel,sem_link_remoto,metadados_catalogo,manter_aula_individual,""
aula-kaiser-142-15-gloria-gloria-aleluia-versao-simplifi,Kaiserplay,mod-4,"04. Ritmos Fundamentais e Primeiro Repertório (Nível 1)","15. Glória Glória Aleluia (versão simplificada)",aula_pratica,1,0,0,1,0,2,0,"",disponivel,sem_link_remoto,metadados_catalogo,manter_aula_individual,""
aula-kaiser-143-16-se-essa-rua-fosse-minha-mpb,Kaiserplay,mod-4,"04. Ritmos Fundamentais e Primeiro Repertório (Nível 1)","16. Se Essa Rua Fosse Minha - MPB",aula_pratica,1,0,1,1,0,3,0,"",disponivel,sem_link_remoto,legenda_indexada,manter_aula_individual,""
aula-kaiser-144-17-estudo-de-pestanas-marcos-kaiser,Kaiserplay,mod-4,"04. Ritmos Fundamentais e Primeiro Repertório (Nível 1)","17. Estudo de Pestanas (Marcos Kaiser)",aula_pratica,1,0,1,1,0,3,0,"",disponivel,sem_link_remoto,legenda_indexada,manter_aula_individual,""
aula-kaiser-145-18-estudo-em-do-tarrega-violao-classico,Kaiserplay,mod-4,"04. Ritmos Fundamentais e Primeiro Repertório (Nível 1)","18. Estudo em Dó (Tárrega) - Violão Clássico",aula_pratica,1,0,0,1,0,2,0,"",disponivel,sem_link_remoto,metadados_catalogo,manter_aula_individual,""
aula-kaiser-146-19-greensleeves-violao-classico,Kaiserplay,mod-4,"04. Ritmos Fundamentais e Primeiro Repertório (Nível 1)","19. Greensleeves - Violão Clássico",aula_pratica,1,0,1,1,0,3,0,"",disponivel,sem_link_remoto,legenda_indexada,manter_aula_individual,""
aula-kaiser-147-2-o-melhor-exercicio-do-mundo,Kaiserplay,mod-4,"04. Ritmos Fundamentais e Primeiro Repertório (Nível 1)","2. O MELHOR EXERCÍCIO DO MUNDO",aula_pratica,2,0,2,1,0,5,0,"",disponivel,sem_link_remoto,legenda_indexada,manter_aula_individual,""
aula-kaiser-148-20-toureiro-marcos-kaiser-musica-espanho,Kaiserplay,mod-4,"04. Ritmos Fundamentais e Primeiro Repertório (Nível 1)","20. Toureiro (Marcos Kaiser) - Música Espanhola",repertorio,1,0,0,1,0,2,0,"",disponivel,sem_link_remoto,metadados_catalogo,manter_aula_individual,""
aula-kaiser-149-21-estudo-de-dedilhados-no-campo-harmoni,Kaiserplay,mod-4,"04. Ritmos Fundamentais e Primeiro Repertório (Nível 1)","21. Estudo de Dedilhados no Campo Harmônico",aula_teorica,1,0,0,0,0,2,0,"",disponivel,sem_link_remoto,metadados_catalogo,manter_aula_individual,""
aula-kaiser-150-22-samba-lele-aprenda-seu-primeiro-samba,Kaiserplay,mod-4,"04. Ritmos Fundamentais e Primeiro Repertório (Nível 1)","22. Samba Lelê - APRENDA SEU PRIMEIRO SAMBA",aula_pratica,1,0,0,1,0,2,0,"",disponivel,sem_link_remoto,metadados_catalogo,manter_aula_individual,""
aula-kaiser-151-23-o-menos-e-mais-choro,Kaiserplay,mod-4,"04. Ritmos Fundamentais e Primeiro Repertório (Nível 1)","23. O Menos é Mais (Choro)",repertorio,1,1,2,1,0,5,0,"",disponivel,sem_link_remoto,legenda_indexada,manter_aula_individual,""
aula-kaiser-152-24-romance-de-amor-violao-classico,Kaiserplay,mod-4,"04. Ritmos Fundamentais e Primeiro Repertório (Nível 1)","24. Romance de Amor - Violão Clássico",aula_pratica,1,0,1,1,4,7,0,"",disponivel,sem_link_remoto,legenda_indexada,manter_aula_individual,"contem_arquivos_part"
aula-kaiser-153-25-lagrima-tarrega-violao-classico,Kaiserplay,mod-4,"04. Ritmos Fundamentais e Primeiro Repertório (Nível 1)","25. Lágrima (Tárrega) - Violão Clássico",aula_pratica,1,0,1,1,0,3,0,"",disponivel,sem_link_remoto,legenda_indexada,manter_aula_individual,""
aula-kaiser-154-26-tema-do-harry-potter-violao-classico,Kaiserplay,mod-4,"04. Ritmos Fundamentais e Primeiro Repertório (Nível 1)","26. Tema do Harry Potter - Violão Clássico",aula_pratica,1,1,3,0,0,6,0,"",disponivel,sem_link_remoto,legenda_indexada,manter_aula_individual,""
aula-kaiser-155-27-fur-elise-beethoven-violao-classico,Kaiserplay,mod-4,"04. Ritmos Fundamentais e Primeiro Repertório (Nível 1)","27. Für Elise (Beethoven) - Violão Clássico",aula_pratica,1,0,1,1,0,3,0,"",disponivel,sem_link_remoto,legenda_indexada,manter_aula_individual,""
aula-kaiser-156-28-saudades-de-marcia-baden-powell,Kaiserplay,mod-4,"04. Ritmos Fundamentais e Primeiro Repertório (Nível 1)","28. Saudades de Márcia (Baden Powell)",aula_pratica,1,1,0,1,0,3,0,"",disponivel,sem_link_remoto,metadados_catalogo,manter_aula_individual,""
aula-kaiser-157-29-eu-nao-existo-sem-voce-tom-jobim-mpb,Kaiserplay,mod-4,"04. Ritmos Fundamentais e Primeiro Repertório (Nível 1)","29. Eu Não Existo Sem Você (Tom Jobim) - MPB",aula_pratica,1,1,2,1,0,5,0,"",disponivel,sem_link_remoto,legenda_indexada,manter_aula_individual,""
aula-kaiser-158-3-como-avancar-nas-aulas-de-repertorio,Kaiserplay,mod-4,"04. Ritmos Fundamentais e Primeiro Repertório (Nível 1)","3. Como avançar nas aulas de REPERTÓRIO",repertorio,1,0,0,0,0,2,0,"",disponivel,sem_link_remoto,metadados_catalogo,manter_aula_individual,""
aula-kaiser-159-30-estudo-n-5-em-si-menor-fernando-sor-v,Kaiserplay,mod-4,"04. Ritmos Fundamentais e Primeiro Repertório (Nível 1)","30. Estudo n.5 em Si menor (Fernando Sor) - Violão Clássico",aula_pratica,1,0,1,0,0,3,0,"",disponivel,sem_link_remoto,legenda_indexada,manter_aula_individual,""
aula-kaiser-160-31-adelita-tarrega-violao-classico,Kaiserplay,mod-4,"04. Ritmos Fundamentais e Primeiro Repertório (Nível 1)","31. Adelita (Tárrega) - Violão Clássico",aula_pratica,1,0,1,1,0,3,0,"",disponivel,sem_link_remoto,legenda_indexada,manter_aula_individual,""
aula-kaiser-161-4-antes-de-tudo-faca-as-posturas-correta,Kaiserplay,mod-4,"04. Ritmos Fundamentais e Primeiro Repertório (Nível 1)","4. ANTES DE TUDO_ Faça as Posturas Corretas",aula_pratica,2,0,2,1,0,5,0,"",disponivel,sem_link_remoto,legenda_indexada,manter_aula_individual,""
aula-kaiser-162-5-qual-dedo-usar-regras-de-digitacao,Kaiserplay,mod-4,"04. Ritmos Fundamentais e Primeiro Repertório (Nível 1)","5. QUAL DEDO USAR_ Regras de Digitação",aula_pratica,1,0,0,1,0,2,0,"",disponivel,sem_link_remoto,metadados_catalogo,manter_aula_individual,""
aula-kaiser-163-6-um-erro-muito-comum-da-mao-direita,Kaiserplay,mod-4,"04. Ritmos Fundamentais e Primeiro Repertório (Nível 1)","6. UM ERRO muito comum DA MÃO DIREITA",aula_pratica,1,0,0,1,0,2,0,"",disponivel,sem_link_remoto,metadados_catalogo,manter_aula_individual,""
aula-kaiser-164-7-cai-cai-balao,Kaiserplay,mod-4,"04. Ritmos Fundamentais e Primeiro Repertório (Nível 1)","7. Cai Cai Balão",repertorio,1,1,0,1,0,3,0,"",disponivel,sem_link_remoto,metadados_catalogo,manter_aula_individual,""
aula-kaiser-165-8-9-sinfonia-ode-a-alegria-beethoven-vio,Kaiserplay,mod-4,"04. Ritmos Fundamentais e Primeiro Repertório (Nível 1)","8. 9ª Sinfonia, Ode à Alegria (Beethoven) - Violão Clássico",aula_pratica,1,1,1,1,0,4,0,"",disponivel,sem_link_remoto,legenda_indexada,manter_aula_individual,""
aula-kaiser-166-9-valsa-em-do-maior-pequeno-estudo-marco,Kaiserplay,mod-4,"04. Ritmos Fundamentais e Primeiro Repertório (Nível 1)","9. Valsa em Dó Maior (Pequeno Estudo) - Marcos Kaiser",repertorio,1,1,0,1,0,3,0,"",disponivel,sem_link_remoto,metadados_catalogo,manter_aula_individual,""
aula-mod-3-23,Método Tríade,mod-5,"05. Pestanas sem Dor e Acordes com Sétima","24 - UPGRADE 7.0 Violão - 11.6 - Ajuda EXTRA na POP TCHAC",aula_pratica,2,0,2,1,0,5,3,"https://drive.google.com/file/d/1k66V4KEMrYKRRu0S3i4egZdddHpNSwRv/view?usp=drivesdk; https://drive.google.com/file/d/1kLyyaf-HdGhhU3CzXYjYXHi4dSFN2Ug4/view?usp=drivesdk; https://drive.google.com/file/d/1scbldifZqvgM0kiqeyhsfON_SnJSeIJx/view?usp=drivesdk",disponivel,link_preservado_nao_testado,legenda_indexada,integrar_aula,""
aula-mod-3-24,Método Tríade,mod-5,"05. Pestanas sem Dor e Acordes com Sétima","25 - UPGRADE 7.0 Violão - 11.7 - NUNCA faça isso",aula_pratica,3,0,3,0,0,6,1,"https://drive.google.com/file/d/1g-IZeht3G2pL-C9qvohLh6CqIGtGSuPH/view?usp=drivesdk",disponivel,link_preservado_nao_testado,legenda_indexada,integrar_aula,""
aula-mod-3-25,Método Tríade,mod-5,"05. Pestanas sem Dor e Acordes com Sétima","26 - H P - 12 - Formação de Acordes - Pág 31 (UPGRADE 2023)",percepcao_auditiva,1,0,1,0,0,2,2,"https://drive.google.com/file/d/1I-vtTfdiF5Z5azRBUTil2G9HplXQ731J/view?usp=drivesdk; https://drive.google.com/file/d/1-kNNrr_Qh2SQdtkd3hm28fc_BGtqR-ME/view?usp=drivesdk",disponivel,link_preservado_nao_testado,legenda_indexada,integrar_aula,""
aula-mod-3-26,Método Tríade,mod-5,"05. Pestanas sem Dor e Acordes com Sétima","27 - Violão - 12.1 - Seus PRIMEIROS Dedilhados I (batida)",aula_pratica,2,0,2,1,0,5,1,"https://drive.google.com/file/d/1McaJUwVSeLyqvGW7QvOQ6fFeiyGJ-n_B/view?usp=drivesdk",disponivel,link_preservado_nao_testado,legenda_indexada,manter_aula_individual,""
aula-mod-3-27,Método Tríade,mod-5,"05. Pestanas sem Dor e Acordes com Sétima","28 - Violão - 12.2 - Seus PRIMEIROS Dedilhados II (batida)",aula_pratica,1,0,1,0,0,2,1,"https://drive.google.com/file/d/1HteJ42zDSjS1aZp_y0jiC9qe_PS8vR2W/view?usp=drivesdk",disponivel,link_preservado_nao_testado,legenda_indexada,manter_aula_individual,""
aula-mod-3-28,Método Tríade,mod-5,"05. Pestanas sem Dor e Acordes com Sétima","29 - Violão - 12.3 - Dedilhado Direto (batida)",aula_pratica,1,0,1,1,0,3,2,"https://drive.google.com/file/d/1PqNtACnK2cm61xyal9D-jb0th0rrFdof/view?usp=drivesdk; https://drive.google.com/file/d/1WAmMMAPZA7XAG-MNV9Xquwxbz0zqwolZ/view?usp=drivesdk",disponivel,link_preservado_nao_testado,legenda_indexada,manter_aula_individual,""
aula-mod-3-29,Método Tríade,mod-5,"05. Pestanas sem Dor e Acordes com Sétima","30 - UPGRADE 7.0 Violão - 12.4 - Acorde X7M (entendimento)",aula_pratica,1,1,1,1,0,4,1,"https://drive.google.com/file/d/1mh7bLjK1pJ7BKiZcdpcW7VvjY8-2uGgn/view?usp=drivesdk",disponivel,link_preservado_nao_testado,legenda_indexada,integrar_aula,""
aula-mod-3-30,Método Tríade,mod-5,"05. Pestanas sem Dor e Acordes com Sétima","31 - Violão - 12.5 - BÔNUS O Solinho de 'O SOL'",aula_pratica,1,0,1,1,0,3,1,"https://drive.google.com/file/d/1JZdPSQv5kuN-LVh-6aeKwsCUyGwbtGZw/view?usp=drivesdk",disponivel,link_preservado_nao_testado,legenda_indexada,integrar_aula,""
aula-mod-3-31,Método Tríade,mod-5,"05. Pestanas sem Dor e Acordes com Sétima","32 - Violão - 12.6 - BÔNUS Técnica da ELIPSE na Palheta",aula_pratica,1,0,1,0,0,2,1,"https://drive.google.com/file/d/14HULqTcEJKIrL9ksWiGnIcws9Y66V9R3/view?usp=drivesdk",disponivel,link_preservado_nao_testado,legenda_indexada,integrar_aula,""
aula-mod-3-32,Método Tríade,mod-5,"05. Pestanas sem Dor e Acordes com Sétima","33 - Violão - 12.7 - BÔNUS Introdução DEVOLVA-ME",orientacao,1,0,0,0,0,1,1,"https://drive.google.com/file/d/1Z7xhLv3W0yeoyrdX4te-Xyor2Hsv3xhC/view?usp=drivesdk",disponivel,link_preservado_nao_testado,metadados_catalogo,revisao_apoio,""
aula-mod-3-33,Método Tríade,mod-5,"05. Pestanas sem Dor e Acordes com Sétima","34 - Violão - 12.8 UPGRADE 5.0 Batida Baião",aula_pratica,1,0,1,1,0,3,2,"https://drive.google.com/file/d/1nEvzm_6rp6-IX3RFmgkKsfmn-zkwgGaV/view?usp=drivesdk; https://drive.google.com/file/d/1skRJ99ChhepPk0h7VTZbD9Eg9CWTfMG0/view?usp=drivesdk",disponivel,link_preservado_nao_testado,legenda_indexada,integrar_aula,""
aula-mod-3-34,Método Tríade,mod-5,"05. Pestanas sem Dor e Acordes com Sétima","35 - Violão - 12.9 UPGRADE 5.0 TOCA que eu CANTO - WICKED G",aula_pratica,1,1,1,1,0,4,1,"https://drive.google.com/file/d/10vF99F7Ftlub1iWa7QGwFHTwCfXAhnB1/view?usp=drivesdk",disponivel,link_preservado_nao_testado,legenda_indexada,integrar_aula,""
aula-mod-3-35,Método Tríade,mod-5,"05. Pestanas sem Dor e Acordes com Sétima","36 - Violão - 12.10 UPGRADE 5.0 SOLO - WICKED GAME",aula_pratica,1,0,1,0,0,2,1,"https://drive.google.com/file/d/1QQMfGJuhnPkQMr-CSveCNwVFo4gUSsty/view?usp=drivesdk",disponivel,link_preservado_nao_testado,legenda_indexada,integrar_aula,""
aula-mod-3-36,Método Tríade,mod-5,"05. Pestanas sem Dor e Acordes com Sétima","37 - Violão - 12.11 UPGRADE 5.0 Altura das cordas",aula_pratica,1,0,1,0,0,2,1,"https://drive.google.com/file/d/1omNEwfzNjlo_u6X2ktns5TKtUWbjkOO3/view?usp=drivesdk",disponivel,link_preservado_nao_testado,legenda_indexada,integrar_aula,""
aula-mod-3-37,Método Tríade,mod-5,"05. Pestanas sem Dor e Acordes com Sétima","38 - BÔNUS H P - 9.2 - Figuras Rítmicas (ao VIVO!)",percepcao_auditiva,1,0,0,0,0,1,1,"https://drive.google.com/file/d/1-Hgbx5oHls-pQkIhA1tpxujzKK2HLgl6/view?usp=drivesdk",disponivel,link_preservado_nao_testado,metadados_catalogo,integrar_aula,""
aula-mod-3-38,Método Tríade,mod-5,"05. Pestanas sem Dor e Acordes com Sétima","39 - BÔNUS SHOW de fim de ano!!",aula_pratica,1,0,1,0,0,2,4,"https://drive.google.com/file/d/1ciwzwtxsnjcATqHtca2f52duxDY5XnT_/view?usp=drivesdk; https://drive.google.com/file/d/13LIq0dAR4FyLZyzv1udNhCw8qAhRxIxO/view?usp=drivesdk; https://drive.google.com/file/d/1kJl9WPNMTbNX3IctvwE9M6zYPnj2vdhq/view?usp=drivesdk; https://drive.google.com/file/d/1IFbEelGrbAhmxUQxAceUJ_5QlmLSkHa6/view?usp=drivesdk",disponivel,link_preservado_nao_testado,legenda_indexada,integrar_aula,""
aula-mod-3-39,Método Tríade,mod-5,"05. Pestanas sem Dor e Acordes com Sétima","40 - BÔNUS H P - 10 - Escala Maior - Pág 26 (AO VIVO)",percepcao_auditiva,3,1,2,1,1,8,2,"https://drive.google.com/file/d/1yso-8HRg5Hu5Ln33gAZRiDzGOgfIGKhl/view?usp=drivesdk; https://drive.google.com/file/d/1fZVkaPUuKvzPCqdlrCWC0zFDC8DSxcPF/view?usp=drivesdk",disponivel,link_preservado_nao_testado,legenda_indexada,integrar_aula,""
aula-mod-3-40,Método Tríade,mod-5,"05. Pestanas sem Dor e Acordes com Sétima","41 - BÔNUS H P -11 - Semínima, Pausa e Colchêia - Pág 29 (AO",percepcao_auditiva,2,0,2,1,0,5,2,"https://drive.google.com/file/d/1Aqw2wEdJYnEmP87i58Cf8GeChKJfnkUs/view?usp=drivesdk; https://drive.google.com/file/d/1AKrbi3HomP3it-uIbRyjgH7v3rI2_wmS/view?usp=drivesdk",disponivel,link_preservado_nao_testado,legenda_indexada,integrar_aula,""
aula-mod-3-41,Método Tríade,mod-5,"05. Pestanas sem Dor e Acordes com Sétima","42 - BÔNUS H P - 12 - Formação de Acordes - Pág 31 (AO VIVO",percepcao_auditiva,2,0,2,1,0,5,2,"https://drive.google.com/file/d/1EtULqlHaHwgcUVFXfHOryRcYnbF9hBCE/view?usp=drivesdk; https://drive.google.com/file/d/1yZqerPyOqiU1Y-NVbd8663dMqyT9hcji/view?usp=drivesdk",disponivel,link_preservado_nao_testado,legenda_indexada,integrar_aula,""
aula-mod-3-42,Método Tríade,mod-5,"05. Pestanas sem Dor e Acordes com Sétima","43 - BÔNUS Sugestão de TABELA de ESTUDO",aula_pratica,2,0,2,1,0,5,2,"https://drive.google.com/file/d/1UsZ5TW8GuYNjryrV0u5JshkaNffzjPRZ/view?usp=drivesdk; https://drive.google.com/file/d/1YgzGtqgo4f2T23xdSB0ucBJfI7shFBSN/view?usp=drivesdk",disponivel,link_preservado_nao_testado,legenda_indexada,integrar_aula,""
aula-mod-3-44,Método Tríade,mod-5,"05. Pestanas sem Dor e Acordes com Sétima","VIOLÁO - ACONTECEU ALGUMA COISA_",sem_material_local,0,0,0,0,0,0,0,"",sem_material,sem_link_remoto,nao_inspecionado,aguardar_material,"sem_arquivos_locais, sem_link_remoto"
aula-mod-4-26,Método Tríade,mod-5,"05. Pestanas sem Dor e Acordes com Sétima","_UPGRADE 6.0_ 15.4  - Upgrade na harmonia de Encosta sua",aula_teorica,2,0,2,0,0,4,0,"",disponivel,sem_link_remoto,legenda_indexada,integrar_aula,""
aula-mod-4-27,Método Tríade,mod-5,"05. Pestanas sem Dor e Acordes com Sétima","15.5 _UPGRADE 6.0_ Dedilhado Wake me up",sem_material_local,0,0,0,0,0,0,0,"",sem_material,sem_link_remoto,nao_inspecionado,aguardar_material,"sem_arquivos_locais, sem_link_remoto"
aula-mod-4-28,Método Tríade,mod-5,"05. Pestanas sem Dor e Acordes com Sétima","15.6 _UPGRADE 6.0_ Dedilhado Wake me up - Parte B e Fluê",sem_material_local,0,0,0,0,0,0,0,"",sem_material,sem_link_remoto,nao_inspecionado,aguardar_material,"sem_arquivos_locais, sem_link_remoto"
aula-mod-4-4,Método Tríade,mod-5,"05. Pestanas sem Dor e Acordes com Sétima","20 - UPGRADE 7.0 H P - 16.1 CAMPO HARMÔNICO - Preparação",percepcao_auditiva,2,0,2,0,0,4,1,"https://drive.google.com/file/d/15CRhlb3VcWldlb8Muqo83Y7iaDrOw_U0/view?usp=drivesdk",disponivel,link_preservado_nao_testado,legenda_indexada,integrar_aula,""
aula-mod-4-5,Método Tríade,mod-5,"05. Pestanas sem Dor e Acordes com Sétima","21 - UPGRADE 7.0 H P - 16.2 A Aula + importante da sua VID",sem_material_local,0,0,0,0,0,0,2,"https://drive.google.com/file/d/1W5FW3TueAHKiMOH1OFFaY4NakEnJCvdE/view?usp=drivesdk; https://drive.google.com/file/d/1C0CUJS2aEkq9zRMK8zlu8cigzWBYuC5M/view?usp=drivesdk",sem_material,link_preservado_nao_testado,nao_inspecionado,aguardar_material,"sem_arquivos_locais"
aula-mod-4-6,Método Tríade,mod-5,"05. Pestanas sem Dor e Acordes com Sétima","22 - UPGRADE 7.0 Violão - 16.1 - Batida Balada ECM (Pág 41)",sem_material_local,0,0,0,0,0,0,1,"https://drive.google.com/file/d/1GXy7uQbMzQ_er1pOpMRGspieHWOCNSFl/view?usp=drivesdk",sem_material,link_preservado_nao_testado,nao_inspecionado,aguardar_material,"sem_arquivos_locais"
aula-mod-4-7,Método Tríade,mod-5,"05. Pestanas sem Dor e Acordes com Sétima","23 - UPGRADE 7.0 Violão - 16.2 - Balada ECM FLUÊNCIA! Acim",sem_material_local,0,0,0,0,0,0,1,"https://drive.google.com/file/d/1Wbly5CmvQylsVDtxXFUDMSys_uW1tGY_/view?usp=drivesdk",sem_material,link_preservado_nao_testado,nao_inspecionado,aguardar_material,"sem_arquivos_locais"
aula-mod-4-8,Método Tríade,mod-5,"05. Pestanas sem Dor e Acordes com Sétima","24 - UPGRADE 7.0 Violão - 16.3 - Como DIVIDIR a Balada ECM",sem_material_local,0,0,0,0,0,0,1,"https://drive.google.com/file/d/1DrX_jfUNyNIe14cf1YzrE4OykUX5KafB/view?usp=drivesdk",sem_material,link_preservado_nao_testado,nao_inspecionado,aguardar_material,"sem_arquivos_locais"
aula-mod-4-9,Método Tríade,mod-5,"05. Pestanas sem Dor e Acordes com Sétima","25 - UPGRADE 7.0 Violão - 16.4 - Balada ECM - Meu Eu em Voc",aula_pratica,3,0,3,1,0,7,1,"https://drive.google.com/file/d/1FXULefv4Xzz9Nho6XaeHPEIoD0ksYw8D/view?usp=drivesdk",disponivel,link_preservado_nao_testado,legenda_indexada,integrar_aula,""
aula-mod-4-10,Método Tríade,mod-5,"05. Pestanas sem Dor e Acordes com Sétima","26 - UPGRADE 7.0 Violão - 16.5 - Balada ECM - A Estrada",aula_pratica,1,0,1,0,0,2,2,"https://drive.google.com/file/d/1Gu36lv4QtzY0tO1BPMq5P48mkIoMeiMU/view?usp=drivesdk; https://drive.google.com/file/d/16qBBsN348PJ_TzGmACvlE2_EZn5H6i_J/view?usp=drivesdk",disponivel,link_preservado_nao_testado,legenda_indexada,integrar_aula,""
aula-mod-4-29,Método Tríade,mod-5,"05. Pestanas sem Dor e Acordes com Sétima","Violão - 16.6 - Balada ECM Exemplos",aula_pratica,1,0,0,0,0,1,0,"",disponivel,sem_link_remoto,metadados_catalogo,manter_aula_individual,""
aula-mod-4-30,Método Tríade,mod-5,"05. Pestanas sem Dor e Acordes com Sétima","Violão - 16.7 - Na Rua, Na chuva (pág 59) .. e Intensivo",sem_material_local,0,0,0,0,0,0,0,"",sem_material,sem_link_remoto,nao_inspecionado,aguardar_material,"sem_arquivos_locais, sem_link_remoto"
aula-mod-4-11,Método Tríade,mod-5,"05. Pestanas sem Dor e Acordes com Sétima","29 - Violão - 16.8 - BÔNUS - ERRE assim para tocar MELHOR",sem_material_local,0,0,0,0,0,0,1,"https://drive.google.com/file/d/1FvUqzPCv2BGHvjj_5jOUcu1AqyVaYKsC/view?usp=drivesdk",sem_material,link_preservado_nao_testado,nao_inspecionado,aguardar_material,"sem_arquivos_locais"
aula-mod-4-31,Método Tríade,mod-5,"05. Pestanas sem Dor e Acordes com Sétima","Violão - 16.9 - Top 10 músicas que todo iniciante no vio",sem_material_local,0,0,0,0,0,0,0,"",sem_material,sem_link_remoto,nao_inspecionado,aguardar_material,"sem_arquivos_locais, sem_link_remoto"
aula-mod-4-32,Método Tríade,mod-5,"05. Pestanas sem Dor e Acordes com Sétima","Violão - 16.10 - Técnica do DEDO ÂNCORA",sem_material_local,0,0,0,0,0,0,0,"",sem_material,sem_link_remoto,nao_inspecionado,aguardar_material,"sem_arquivos_locais, sem_link_remoto"
aula-mod-4-33,Método Tríade,mod-5,"05. Pestanas sem Dor e Acordes com Sétima","Violão - 16.11 - De janeiro a Janeiro (Balada ECM)",sem_material_local,0,0,0,0,0,0,0,"",sem_material,sem_link_remoto,nao_inspecionado,aguardar_material,"sem_arquivos_locais, sem_link_remoto"
aula-mod-4-34,Método Tríade,mod-5,"05. Pestanas sem Dor e Acordes com Sétima","Violão - 16.12 Janeiro - TOCA que eu CANTO",aula_pratica,0,0,0,1,0,1,0,"",parcial,sem_link_remoto,metadados_catalogo,manter_aula_individual,"apenas_documentacao_sem_midia, sem_link_remoto"
aula-mod-4-12,Método Tríade,mod-5,"05. Pestanas sem Dor e Acordes com Sétima","34 - Você pode me ajudar São só 3 perguntinhas!",suporte_administrativo,0,0,0,0,0,0,0,"",sem_material,sem_link_remoto,nao_inspecionado,avaliar_descarte_administrativo,"sem_arquivos_locais, item_administrativo, sem_link_remoto"
aula-mod-5-24,Método Tríade,mod-5,"05. Pestanas sem Dor e Acordes com Sétima","Violão - 18.3 -  Acorde X7  (pág 48)",aula_pratica,1,0,0,0,0,1,0,"",disponivel,sem_link_remoto,metadados_catalogo,manter_aula_individual,""
aula-mod-5-26,Método Tríade,mod-5,"05. Pestanas sem Dor e Acordes com Sétima","Violão - 19.3 - Exemplos X7 (Depois, Guita, Me Chama)",sem_material_local,0,0,0,0,0,0,0,"",sem_material,sem_link_remoto,nao_inspecionado,aguardar_material,"sem_arquivos_locais, sem_link_remoto"
aula-mod-5-33,Método Tríade,mod-5,"05. Pestanas sem Dor e Acordes com Sétima","Violão - 20.4 - BÔNUS Toque MAIS no Acorde X7",aula_pratica,1,0,1,0,0,2,0,"",disponivel,sem_link_remoto,legenda_indexada,integrar_aula,""
aula-mod-6-1,Método Tríade,mod-5,"05. Pestanas sem Dor e Acordes com Sétima","12 - UPGRADE 7.0 Violão - 22.2 - Fluência na PESTANA - Pupi",sem_material_local,0,0,0,0,0,0,1,"https://drive.google.com/file/d/1pjE2basXLTxbVguyKaYOIEfyXBsrndpg/view?usp=drivesdk",sem_material,link_preservado_nao_testado,nao_inspecionado,aguardar_material,"sem_arquivos_locais"
aula-mod-8-9,Método Tríade,mod-5,"05. Pestanas sem Dor e Acordes com Sétima","17 - VERSÁO 4.0 Violão - 34 Acorde X7(13) e X7(b13)",sem_material_local,0,0,0,0,0,0,1,"https://drive.google.com/file/d/1RnLFAP6J9QKV_HGQMeugj40VWjSYmJXM/view?usp=drivesdk",sem_material,link_preservado_nao_testado,nao_inspecionado,aguardar_material,"sem_arquivos_locais"
aula-mod-9-11,Método Tríade,mod-5,"05. Pestanas sem Dor e Acordes com Sétima","15 - Violão 40.1 - Apresentando o X7(13) e o X7(b13)",aula_pratica,2,0,2,0,0,4,1,"https://drive.google.com/file/d/1RkqWtohR8ixgQvfzEBAwlZGO1G5cddNj/view?usp=drivesdk",disponivel,link_preservado_nao_testado,legenda_indexada,manter_aula_individual,""
aula-mod-9-12,Método Tríade,mod-5,"05. Pestanas sem Dor e Acordes com Sétima","16 - Violão 40.2 - Apresentando o X7(9) e o X7(b9)",aula_pratica,1,0,1,0,0,2,1,"https://drive.google.com/file/d/14Yp2Z2Zq-yVUS6BFpRqTnVT67iKipaxf/view?usp=drivesdk",disponivel,link_preservado_nao_testado,legenda_indexada,manter_aula_individual,""
aula-mod-9-13,Método Tríade,mod-5,"05. Pestanas sem Dor e Acordes com Sétima","17 - Violão 40.3 - A Intercambialidade do X7(9) - (13) e X7",aula_pratica,3,0,3,0,0,6,1,"https://drive.google.com/file/d/1_cxurkBA7BXpWcJEd39yrS8PBvJMKtOl/view?usp=drivesdk",disponivel,link_preservado_nao_testado,legenda_indexada,manter_aula_individual,""
aula-mod-9-19,Método Tríade,mod-5,"05. Pestanas sem Dor e Acordes com Sétima","Violão 41.1 -  Subida Harmônica de voicings X7(9)",sem_material_local,0,0,0,0,0,0,0,"",sem_material,sem_link_remoto,nao_inspecionado,aguardar_material,"sem_arquivos_locais, sem_link_remoto"
aula-kaiser-95-1-como-estudar-para-evoluir-no-violao-ro,Kaiserplay,mod-5,"05. Pestanas sem Dor e Acordes com Sétima","1. Como Estudar para EVOLUIR no violão_ ROTINA DE ESTUDOS pa",orientacao,1,0,4,1,0,6,0,"",disponivel,sem_link_remoto,legenda_indexada,revisao_apoio,""
aula-kaiser-96-10-exercicios-para-o-polegar-esse-e-meu-,Kaiserplay,mod-5,"05. Pestanas sem Dor e Acordes com Sétima","10. Exercícios para o Polegar (esse é meu ponto fraco)",aula_pratica,1,0,0,0,0,2,0,"",disponivel,sem_link_remoto,metadados_catalogo,manter_aula_individual,""
aula-kaiser-97-11-picado-a-tecnica-da-velocidade,Kaiserplay,mod-5,"05. Pestanas sem Dor e Acordes com Sétima","11. PICADO_ a técnica da velocidade",aula_pratica,1,0,0,0,0,2,0,"",disponivel,sem_link_remoto,metadados_catalogo,manter_aula_individual,""
aula-kaiser-98-12-violao-de-6-ou-7-cordas-qual-diferenc,Kaiserplay,mod-5,"05. Pestanas sem Dor e Acordes com Sétima","12. VIOLÃO de 6 ou 7 cordas_ Qual diferença_",aula_pratica,1,0,0,0,0,2,0,"",disponivel,sem_link_remoto,metadados_catalogo,manter_aula_individual,""
aula-kaiser-99-13-como-iniciar-no-violao-de-7-cordas,Kaiserplay,mod-5,"05. Pestanas sem Dor e Acordes com Sétima","13. Como INICIAR no violão de 7 cordas_",aula_pratica,1,0,4,0,0,6,0,"",disponivel,sem_link_remoto,legenda_indexada,manter_aula_individual,""
aula-kaiser-100-14-como-tocar-harmonicos-naturais-e-arti,Kaiserplay,mod-5,"05. Pestanas sem Dor e Acordes com Sétima","14. Como tocar Harmônicos Naturais e Artificias",aula_pratica,1,0,4,1,0,6,0,"",disponivel,sem_link_remoto,legenda_indexada,manter_aula_individual,""
aula-kaiser-101-15-metodo-correto-de-aquecimento,Kaiserplay,mod-5,"05. Pestanas sem Dor e Acordes com Sétima","15. Método CORRETO de aquecimento",aula_pratica,1,0,2,0,0,4,0,"",disponivel,sem_link_remoto,legenda_indexada,manter_aula_individual,""
aula-kaiser-102-16-como-fazer-um-violao-soar-como-um-vio,Kaiserplay,mod-5,"05. Pestanas sem Dor e Acordes com Sétima","16. Como fazer um Violão soar como um Violoncelo",aula_pratica,1,0,0,1,0,2,0,"",disponivel,sem_link_remoto,metadados_catalogo,manter_aula_individual,""
aula-kaiser-103-17-exercicio-pra-arrebentar-a-sua-mao-fl,Kaiserplay,mod-5,"05. Pestanas sem Dor e Acordes com Sétima","17. EXERCÍCIO PRA ARREBENTAR A SUA MÃO _ Flexibilidade",aula_pratica,1,0,2,0,0,4,0,"",disponivel,sem_link_remoto,legenda_indexada,manter_aula_individual,""
aula-kaiser-104-18-posturas-do-corpo-e-das-maos,Kaiserplay,mod-5,"05. Pestanas sem Dor e Acordes com Sétima","18. Posturas do corpo e das mãos",aula_pratica,1,0,2,0,0,4,0,"",disponivel,sem_link_remoto,legenda_indexada,manter_aula_individual,""
aula-kaiser-105-19-estralar-os-dedos-faz-mal,Kaiserplay,mod-5,"05. Pestanas sem Dor e Acordes com Sétima","19. ESTRALAR os dedos faz Mal_",aula_pratica,1,0,0,0,0,2,0,"",disponivel,sem_link_remoto,metadados_catalogo,manter_aula_individual,""
aula-kaiser-106-2-como-continuar-evoluindo-no-violao-pra,Kaiserplay,mod-5,"05. Pestanas sem Dor e Acordes com Sétima","2. Como continuar evoluindo no VIOLÃO pra sempre_",aula_pratica,1,0,4,0,0,6,0,"",disponivel,sem_link_remoto,legenda_indexada,manter_aula_individual,""
aula-kaiser-107-20-como-virar-um-virtuoso,Kaiserplay,mod-5,"05. Pestanas sem Dor e Acordes com Sétima","20. Como virar um VIRTUOSO_",aula_pratica,1,0,2,0,0,4,0,"",disponivel,sem_link_remoto,legenda_indexada,manter_aula_individual,""
aula-kaiser-108-3-o-maior-erro-de-um-estudante-de-musica,Kaiserplay,mod-5,"05. Pestanas sem Dor e Acordes com Sétima","3. O MAIOR ERRO de um Estudante de Música",repertorio,1,0,4,0,0,6,0,"",disponivel,sem_link_remoto,legenda_indexada,manter_aula_individual,""
aula-kaiser-109-4-diferencas-entre-estilos-erudito-finge,Kaiserplay,mod-5,"05. Pestanas sem Dor e Acordes com Sétima","4. Diferenças entre estilos_ Erudito, Fingerstyle, Brasileir",aula_pratica,4,0,4,1,0,9,0,"",disponivel,sem_link_remoto,legenda_indexada,manter_aula_individual,""
aula-kaiser-110-5-como-estudar-com-metronomo,Kaiserplay,mod-5,"05. Pestanas sem Dor e Acordes com Sétima","5. Como estudar com Metrônomo",orientacao,1,0,0,0,0,2,0,"",disponivel,sem_link_remoto,metadados_catalogo,revisao_apoio,""
aula-kaiser-111-6-como-tocar-com-o-som-limpo,Kaiserplay,mod-5,"05. Pestanas sem Dor e Acordes com Sétima","6. Como tocar com o som limpo",aula_pratica,1,0,4,0,0,6,0,"",disponivel,sem_link_remoto,legenda_indexada,manter_aula_individual,""
aula-kaiser-112-7-como-trocar-as-cordas-corretamente,Kaiserplay,mod-5,"05. Pestanas sem Dor e Acordes com Sétima","7. Como TROCAR AS CORDAS corretamente",aula_pratica,1,0,0,0,0,2,0,"",disponivel,sem_link_remoto,metadados_catalogo,manter_aula_individual,""
aula-kaiser-113-8-unhas-como-dar-formato-adequado,Kaiserplay,mod-5,"05. Pestanas sem Dor e Acordes com Sétima","8. UNHAS_ Como dar formato adequado",aula_pratica,1,0,0,0,0,2,0,"",disponivel,sem_link_remoto,metadados_catalogo,manter_aula_individual,""
aula-kaiser-114-9-aprenda-a-tocar-com-emocao,Kaiserplay,mod-5,"05. Pestanas sem Dor e Acordes com Sétima","9. Aprenda a tocar com EMOÇÃO",aula_pratica,1,0,0,0,0,2,0,"",disponivel,sem_link_remoto,metadados_catalogo,manter_aula_individual,""
aula-mod-5-30,Método Tríade,mod-6,"06. A Alma Brasileira I — Bossa Nova e João Gilberto","Violão - 20.1 - Batida Bossa Variação (Pag 52)",sem_material_local,0,0,0,0,0,0,0,"",sem_material,sem_link_remoto,nao_inspecionado,aguardar_material,"sem_arquivos_locais, sem_link_remoto"
aula-mod-9-10,Método Tríade,mod-6,"06. A Alma Brasileira I — Bossa Nova e João Gilberto","13 - Violão 40 - UPGRADE 6.0 Garota de Ipanema em 3 níveis",repertorio,1,0,1,0,0,2,3,"https://drive.google.com/file/d/1erza8mzia5waYDBqDMSZx-79RuVfVd96/view?usp=drivesdk; https://drive.google.com/file/d/1ZVpgTY-ICFdAqpBNtlcPJVO68O_OjnHa/view?usp=drivesdk; https://drive.google.com/file/d/157tKQ4l3Tv3B6_pS1s6HXFcSYmAKIX1R/view?usp=drivesdk",disponivel,link_preservado_nao_testado,legenda_indexada,integrar_aula,""
aula-kaiser-1-1-batida-de-samba-e-bossa-nova,Kaiserplay,mod-6,"06. A Alma Brasileira I — Bossa Nova e João Gilberto","1. Batida de Samba e Bossa Nova",aula_pratica,1,0,4,0,0,6,0,"",disponivel,sem_link_remoto,legenda_indexada,manter_aula_individual,""
aula-kaiser-9-17-o-barquinho-bossa-nova,Kaiserplay,mod-6,"06. A Alma Brasileira I — Bossa Nova e João Gilberto","17. O Barquinho (Bossa Nova)",aula_pratica,2,0,2,1,0,5,0,"",disponivel,sem_link_remoto,legenda_indexada,manter_aula_individual,""
aula-kaiser-11-19-wave-bossa-nova,Kaiserplay,mod-6,"06. A Alma Brasileira I — Bossa Nova e João Gilberto","19. Wave (Bossa Nova)",aula_pratica,2,0,3,1,0,6,0,"",disponivel,sem_link_remoto,legenda_indexada,manter_aula_individual,""
aula-kaiser-13-20-chega-de-saudade-bossa-nova,Kaiserplay,mod-6,"06. A Alma Brasileira I — Bossa Nova e João Gilberto","20. Chega de Saudade (Bossa Nova)",aula_pratica,2,0,0,1,0,3,0,"",disponivel,sem_link_remoto,metadados_catalogo,manter_aula_individual,""
aula-mod-6-6,Método Tríade,mod-7,"07. A Alma Brasileira II — Samba, Choro e Baião","Violão - 21.1 - Apresentação",sem_material_local,0,0,0,0,0,0,0,"",sem_material,sem_link_remoto,nao_inspecionado,aguardar_material,"sem_arquivos_locais, sem_link_remoto"
aula-mod-6-7,Método Tríade,mod-7,"07. A Alma Brasileira II — Samba, Choro e Baião","Violão - 21.2 - Batida Samba Básico (pág 55)",sem_material_local,0,0,0,0,0,0,0,"",sem_material,sem_link_remoto,nao_inspecionado,aguardar_material,"sem_arquivos_locais, sem_link_remoto"
aula-mod-6-8,Método Tríade,mod-7,"07. A Alma Brasileira II — Samba, Choro e Baião","Violão - 21.3 - Batida Seis por oito (Pág 56)",sem_material_local,0,0,0,0,0,0,0,"",sem_material,sem_link_remoto,nao_inspecionado,aguardar_material,"sem_arquivos_locais, sem_link_remoto"
aula-mod-6-9,Método Tríade,mod-7,"07. A Alma Brasileira II — Samba, Choro e Baião","Violão - 21.4 - Norweagian Wood",sem_material_local,0,0,0,0,0,0,0,"",sem_material,sem_link_remoto,nao_inspecionado,aguardar_material,"sem_arquivos_locais, sem_link_remoto"
aula-mod-6-10,Método Tríade,mod-7,"07. A Alma Brasileira II — Samba, Choro e Baião","Violão - 21.5 - Nothing Else Matters",sem_material_local,0,0,0,0,0,0,0,"",sem_material,sem_link_remoto,nao_inspecionado,aguardar_material,"sem_arquivos_locais, sem_link_remoto"
aula-mod-6-11,Método Tríade,mod-7,"07. A Alma Brasileira II — Samba, Choro e Baião","Violão - 21.6 - A Thousand Years (pág 58)",sem_material_local,0,0,0,0,0,0,0,"",sem_material,sem_link_remoto,nao_inspecionado,aguardar_material,"sem_arquivos_locais, sem_link_remoto"
aula-mod-6-12,Método Tríade,mod-7,"07. A Alma Brasileira II — Samba, Choro e Baião","Violão - 21.7 - Primavera  (pág 57)",aula_pratica,1,0,1,1,0,3,0,"",disponivel,sem_link_remoto,legenda_indexada,manter_aula_individual,""
aula-mod-6-13,Método Tríade,mod-7,"07. A Alma Brasileira II — Samba, Choro e Baião","Violão - 21.8 - Você Sempre Será (pág 58)",sem_material_local,0,0,0,0,0,0,0,"",sem_material,sem_link_remoto,nao_inspecionado,aguardar_material,"sem_arquivos_locais, sem_link_remoto"
aula-mod-6-15,Método Tríade,mod-7,"07. A Alma Brasileira II — Samba, Choro e Baião","Violão - 22.1 - Acorde Xm7 (pág 59)",sem_material_local,0,0,0,0,0,0,0,"",sem_material,sem_link_remoto,nao_inspecionado,aguardar_material,"sem_arquivos_locais, sem_link_remoto"
aula-mod-6-16,Método Tríade,mod-7,"07. A Alma Brasileira II — Samba, Choro e Baião","Violão - 22.3 - Na Rua na Chuva, na fazenda",aula_pratica,1,0,1,0,0,2,0,"",disponivel,sem_link_remoto,legenda_indexada,manter_aula_individual,""
aula-mod-6-17,Método Tríade,mod-7,"07. A Alma Brasileira II — Samba, Choro e Baião","Violão - 22.4 - O Tempo não para",aula_pratica,1,0,1,0,0,2,0,"",disponivel,sem_link_remoto,legenda_indexada,manter_aula_individual,""
aula-mod-6-18,Método Tríade,mod-7,"07. A Alma Brasileira II — Samba, Choro e Baião","Violão - 22.5 - Há tempos",sem_material_local,0,0,0,0,0,0,0,"",sem_material,sem_link_remoto,nao_inspecionado,aguardar_material,"sem_arquivos_locais, sem_link_remoto"
aula-mod-6-2,Método Tríade,mod-7,"07. A Alma Brasileira II — Samba, Choro e Baião","16 - UPGRADE 7.0 Violão 22.5 Esse acorde existe",sem_material_local,0,0,0,0,0,0,1,"https://drive.google.com/file/d/1aH2QXkm1jKTfAscN1MaKWUO5k5DzX6xi/view?usp=drivesdk",sem_material,link_preservado_nao_testado,nao_inspecionado,aguardar_material,"sem_arquivos_locais"
aula-mod-8-19,Método Tríade,mod-7,"07. A Alma Brasileira II — Samba, Choro e Baião","Violão - 32 _ TOCA que eu CANTO  - Samba de Verão",aula_pratica,1,1,1,0,0,3,0,"",disponivel,sem_link_remoto,legenda_indexada,manter_aula_individual,""
aula-kaiser-2-10-faixa-amarela-samba,Kaiserplay,mod-7,"07. A Alma Brasileira II — Samba, Choro e Baião","10. Faixa Amarela (Samba)",aula_pratica,2,0,1,1,0,4,0,"",disponivel,sem_link_remoto,legenda_indexada,manter_aula_individual,""
aula-kaiser-3-11-timoneiro-samba,Kaiserplay,mod-7,"07. A Alma Brasileira II — Samba, Choro e Baião","11. Timoneiro (Samba)",aula_pratica,2,0,0,1,0,3,0,"",disponivel,sem_link_remoto,metadados_catalogo,manter_aula_individual,""
aula-kaiser-4-12-trem-das-onze-samba,Kaiserplay,mod-7,"07. A Alma Brasileira II — Samba, Choro e Baião","12. Trem das Onze (Samba)",aula_pratica,1,0,0,1,0,2,0,"",disponivel,sem_link_remoto,metadados_catalogo,manter_aula_individual,""
aula-kaiser-5-13-asa-branca-baiao,Kaiserplay,mod-7,"07. A Alma Brasileira II — Samba, Choro e Baião","13. Asa Branca (Baião)",aula_pratica,2,0,0,1,0,3,0,"",disponivel,sem_link_remoto,metadados_catalogo,manter_aula_individual,""
aula-kaiser-6-14-kid-cavaquinho-samba,Kaiserplay,mod-7,"07. A Alma Brasileira II — Samba, Choro e Baião","14. KID Cavaquinho (Samba)",aula_pratica,2,0,0,1,0,3,0,"",disponivel,sem_link_remoto,metadados_catalogo,manter_aula_individual,""
aula-kaiser-7-15-as-pastorinhas-marcha,Kaiserplay,mod-7,"07. A Alma Brasileira II — Samba, Choro e Baião","15. As Pastorinhas (Marcha)",aula_pratica,2,0,0,1,1,4,0,"",disponivel,sem_link_remoto,metadados_catalogo,manter_aula_individual,"contem_arquivos_part"
aula-kaiser-8-16-regra-tres-samba,Kaiserplay,mod-7,"07. A Alma Brasileira II — Samba, Choro e Baião","16. Regra Três (Samba)",aula_pratica,2,0,0,1,0,3,0,"",disponivel,sem_link_remoto,metadados_catalogo,manter_aula_individual,""
aula-kaiser-10-18-como-dizia-o-poeta-samba,Kaiserplay,mod-7,"07. A Alma Brasileira II — Samba, Choro e Baião","18. Como Dizia o Poeta (Samba)",aula_pratica,1,0,0,1,0,2,0,"",disponivel,sem_link_remoto,metadados_catalogo,manter_aula_individual,""
aula-kaiser-12-2-batida-de-choro,Kaiserplay,mod-7,"07. A Alma Brasileira II — Samba, Choro e Baião","2. Batida de Choro",repertorio,1,0,4,0,0,6,0,"",disponivel,sem_link_remoto,legenda_indexada,manter_aula_individual,""
aula-kaiser-14-21-noites-cariocas-samba-choro,Kaiserplay,mod-7,"07. A Alma Brasileira II — Samba, Choro e Baião","21. Noites Cariocas (Samba - Choro)",repertorio,1,0,0,1,0,2,0,"",disponivel,sem_link_remoto,metadados_catalogo,manter_aula_individual,""
aula-kaiser-15-22-contracanto-paulinho-nogueira-samba,Kaiserplay,mod-7,"07. A Alma Brasileira II — Samba, Choro e Baião","22. Contracanto (Paulinho Nogueira) - Samba",aula_pratica,2,0,0,1,0,3,0,"",disponivel,sem_link_remoto,metadados_catalogo,manter_aula_individual,""
aula-kaiser-16-3-batida-de-frevo-e-marcha,Kaiserplay,mod-7,"07. A Alma Brasileira II — Samba, Choro e Baião","3. Batida de Frevo e Marcha",aula_pratica,1,0,4,0,0,6,0,"",disponivel,sem_link_remoto,legenda_indexada,manter_aula_individual,""
aula-kaiser-17-4-batida-de-baiao,Kaiserplay,mod-7,"07. A Alma Brasileira II — Samba, Choro e Baião","4. Batida de Baião",aula_pratica,1,0,4,0,0,6,0,"",disponivel,sem_link_remoto,legenda_indexada,manter_aula_individual,""
aula-kaiser-18-5-thumb-slap-batida-fingerstyle,Kaiserplay,mod-7,"07. A Alma Brasileira II — Samba, Choro e Baião","5. THUMB SLAP _ Batida Fingerstyle",aula_pratica,1,0,4,1,0,6,0,"",disponivel,sem_link_remoto,legenda_indexada,manter_aula_individual,""
aula-kaiser-19-6-4-truques-para-melhorar-a-sua-batida-d,Kaiserplay,mod-7,"07. A Alma Brasileira II — Samba, Choro e Baião","6. 4 Truques para melhorar a sua Batida de Samba",aula_pratica,1,0,4,0,0,6,0,"",disponivel,sem_link_remoto,legenda_indexada,manter_aula_individual,""
aula-kaiser-20-7-como-assistir-as-proximas-aulas-de-aco,Kaiserplay,mod-7,"07. A Alma Brasileira II — Samba, Choro e Baião","7. Como assistir as próximas aulas de acompanhamento",aula_pratica,1,0,1,1,0,3,0,"",disponivel,sem_link_remoto,legenda_indexada,manter_aula_individual,""
aula-kaiser-21-8-casa-de-bamba-samba,Kaiserplay,mod-7,"07. A Alma Brasileira II — Samba, Choro e Baião","8. Casa de Bamba (Samba)",aula_pratica,2,0,1,1,0,4,0,"",disponivel,sem_link_remoto,legenda_indexada,manter_aula_individual,""
aula-kaiser-22-9-devagar-devagarinho-samba,Kaiserplay,mod-7,"07. A Alma Brasileira II — Samba, Choro e Baião","9. Devagar Devagarinho (Samba)",aula_pratica,2,0,1,1,0,4,0,"",disponivel,sem_link_remoto,legenda_indexada,manter_aula_individual,""
aula-mod-7-1,Método Tríade,mod-8,"08. A Mão Mágica de Baden Powell (As 5 Levadas)","03 - Violão 25.2 - UPGRADE 6.0 QUATRO exercícios de TÉCNICA",sem_material_local,0,0,0,0,0,0,2,"https://drive.google.com/file/d/1VrIU7jk1ydo0vI6h7EEUKke6D1UrCbYG/view?usp=drivesdk; https://drive.google.com/file/d/1RnWtulcRtLnflHp7t-kUQzogxRPmu3fk/view?usp=drivesdk",sem_material,link_preservado_nao_testado,nao_inspecionado,aguardar_material,"sem_arquivos_locais"
aula-mod-7-6,Método Tríade,mod-8,"08. A Mão Mágica de Baden Powell (As 5 Levadas)","19 - Violão - 28.4 - UPGRADE 4.0 - Preparação para FINGERSTYL",sem_material_local,0,0,0,0,0,0,1,"https://drive.google.com/file/d/1za8BEl6Uon_oKLsPFReIu7ul2n6VJjDY/view?usp=drivesdk",sem_material,link_preservado_nao_testado,nao_inspecionado,aguardar_material,"sem_arquivos_locais"
aula-kaiser-33-1-como-sera-o-curso,Kaiserplay,mod-8,"08. A Mão Mágica de Baden Powell (As 5 Levadas)","1. Como será o curso",aula_pratica,1,0,0,1,0,2,0,"",disponivel,sem_link_remoto,metadados_catalogo,manter_aula_individual,""
aula-kaiser-34-2-conheca-a-levada-1,Kaiserplay,mod-8,"08. A Mão Mágica de Baden Powell (As 5 Levadas)","2. Conheça a levada 1",aula_pratica,1,0,0,0,0,2,0,"",disponivel,sem_link_remoto,metadados_catalogo,manter_aula_individual,""
aula-kaiser-35-3-aula-da-levada-1-exercicio-1,Kaiserplay,mod-8,"08. A Mão Mágica de Baden Powell (As 5 Levadas)","3. Aula da Levada 1 - (Exercício 1)",aula_pratica,1,0,0,0,0,2,0,"",disponivel,sem_link_remoto,metadados_catalogo,manter_aula_individual,""
aula-kaiser-36-4-aula-da-levada-1-exercicio-2-batida-co,Kaiserplay,mod-8,"08. A Mão Mágica de Baden Powell (As 5 Levadas)","4. Aula da Levada 1 (Exercício 2) - (Batida completa com par",aula_pratica,1,1,0,1,0,3,0,"",disponivel,sem_link_remoto,metadados_catalogo,manter_aula_individual,""
aula-kaiser-37-5-antes-de-continuar-a-estudar,Kaiserplay,mod-8,"08. A Mão Mágica de Baden Powell (As 5 Levadas)","5. ANTES DE CONTINUAR A ESTUDAR",aula_pratica,1,0,0,0,0,2,0,"",disponivel,sem_link_remoto,metadados_catalogo,manter_aula_individual,""
aula-kaiser-38-1-conheca-a-levada-2,Kaiserplay,mod-8,"08. A Mão Mágica de Baden Powell (As 5 Levadas)","1. Conheça a Levada 2",aula_pratica,1,0,0,0,0,2,0,"",disponivel,sem_link_remoto,metadados_catalogo,manter_aula_individual,""
aula-kaiser-39-2-aula-da-levada-2-com-partitura,Kaiserplay,mod-8,"08. A Mão Mágica de Baden Powell (As 5 Levadas)","2. Aula da Levada 2 (com partitura)",leitura_notacao,1,1,0,1,0,3,0,"",disponivel,sem_link_remoto,metadados_catalogo,manter_aula_individual,""
aula-kaiser-40-3-variacao-da-levada-2-usando-todos-os-d,Kaiserplay,mod-8,"08. A Mão Mágica de Baden Powell (As 5 Levadas)","3. Variação da Levada 2 (usando todos os dedos)",aula_pratica,1,0,0,0,0,2,0,"",disponivel,sem_link_remoto,metadados_catalogo,manter_aula_individual,""
aula-kaiser-41-1-conheca-a-levada-3,Kaiserplay,mod-8,"08. A Mão Mágica de Baden Powell (As 5 Levadas)","1. Conheça a Levada 3",aula_pratica,1,0,0,0,0,2,0,"",disponivel,sem_link_remoto,metadados_catalogo,manter_aula_individual,""
aula-kaiser-42-2-aula-da-levada-3-com-partitura,Kaiserplay,mod-8,"08. A Mão Mágica de Baden Powell (As 5 Levadas)","2. Aula da Levada 3 (com partitura)",leitura_notacao,1,1,0,1,0,3,0,"",disponivel,sem_link_remoto,metadados_catalogo,manter_aula_individual,""
aula-kaiser-43-3-combinando-as-levadas-1-e-3,Kaiserplay,mod-8,"08. A Mão Mágica de Baden Powell (As 5 Levadas)","3. Combinando as Levadas 1 e 3",aula_pratica,1,0,0,0,0,2,0,"",disponivel,sem_link_remoto,metadados_catalogo,manter_aula_individual,""
aula-kaiser-44-1-conheca-a-levada-n4,Kaiserplay,mod-8,"08. A Mão Mágica de Baden Powell (As 5 Levadas)","1. Conheça a Levada n4",aula_pratica,1,0,0,0,0,2,0,"",disponivel,sem_link_remoto,metadados_catalogo,manter_aula_individual,""
aula-kaiser-45-2-aula-da-levada-4-com-partitura,Kaiserplay,mod-8,"08. A Mão Mágica de Baden Powell (As 5 Levadas)","2. Aula da Levada 4 (com partitura)",leitura_notacao,1,1,0,1,0,3,0,"",disponivel,sem_link_remoto,metadados_catalogo,manter_aula_individual,""
aula-kaiser-46-3-combinando-as-levadas-1-3-e-4,Kaiserplay,mod-8,"08. A Mão Mágica de Baden Powell (As 5 Levadas)","3. Combinando as Levadas 1, 3 e 4",aula_pratica,1,0,0,0,0,2,0,"",disponivel,sem_link_remoto,metadados_catalogo,manter_aula_individual,""
aula-kaiser-47-1-conheca-a-levada-5,Kaiserplay,mod-8,"08. A Mão Mágica de Baden Powell (As 5 Levadas)","1. Conheça a Levada 5",aula_pratica,1,0,0,0,0,2,0,"",disponivel,sem_link_remoto,metadados_catalogo,manter_aula_individual,""
aula-kaiser-48-2-aula-da-levada-5-com-partitura,Kaiserplay,mod-8,"08. A Mão Mágica de Baden Powell (As 5 Levadas)","2. Aula da Levada 5 (com partitura)",leitura_notacao,1,1,0,1,0,3,0,"",disponivel,sem_link_remoto,metadados_catalogo,manter_aula_individual,""
aula-kaiser-49-1-juntanto-todas-as-levadas-deixa,Kaiserplay,mod-8,"08. A Mão Mágica de Baden Powell (As 5 Levadas)","1. Juntanto todas as LEVADAS - DEIXA",aula_pratica,1,1,0,1,0,3,0,"",disponivel,sem_link_remoto,metadados_catalogo,manter_aula_individual,""
aula-kaiser-50-2-garota-de-ipanema,Kaiserplay,mod-8,"08. A Mão Mágica de Baden Powell (As 5 Levadas)","2. GAROTA DE IPANEMA",repertorio,1,0,0,0,0,2,0,"",disponivel,sem_link_remoto,metadados_catalogo,manter_aula_individual,""
aula-kaiser-51-3-samba-da-bencao,Kaiserplay,mod-8,"08. A Mão Mágica de Baden Powell (As 5 Levadas)","3. SAMBA DA BENÇÃO",repertorio,1,0,0,0,0,2,0,"",disponivel,sem_link_remoto,metadados_catalogo,manter_aula_individual,""
aula-kaiser-52-4-fim,Kaiserplay,mod-8,"08. A Mão Mágica de Baden Powell (As 5 Levadas)","4. FIM",aula_pratica,1,0,0,0,0,2,0,"",disponivel,sem_link_remoto,metadados_catalogo,manter_aula_individual,""
aula-mod-7-2,Método Tríade,mod-9,"09. O Segredo das Baixarias de 6 Cordas","07 - Violão - 26.3 - Inversões na Prática",sem_material_local,0,0,0,0,0,0,1,"https://drive.google.com/file/d/1C9nM3SVa0kx2zgkGOWjiYja2ysqYhf-k/view?usp=drivesdk",sem_material,link_preservado_nao_testado,nao_inspecionado,aguardar_material,"sem_arquivos_locais"
aula-mod-7-3,Método Tríade,mod-9,"09. O Segredo das Baixarias de 6 Cordas","08 - Violão - 26.4 - Inversões na Prática (2 de 2)",aula_pratica,2,0,2,0,0,4,1,"https://drive.google.com/file/d/11z4yW3UrqN3_NTCQwfPJZ1gCe14adQ7c/view?usp=drivesdk",disponivel,link_preservado_nao_testado,legenda_indexada,integrar_aula,""
aula-kaiser-53-1-introducao-as-baixarias,Kaiserplay,mod-9,"09. O Segredo das Baixarias de 6 Cordas","1. Introdução as Baixarias",orientacao,1,0,0,1,0,2,0,"",disponivel,sem_link_remoto,metadados_catalogo,revisao_apoio,""
aula-kaiser-54-10-misturando-tudo,Kaiserplay,mod-9,"09. O Segredo das Baixarias de 6 Cordas","10. Misturando Tudo",aula_pratica,2,0,2,1,0,5,0,"",disponivel,sem_link_remoto,legenda_indexada,manter_aula_individual,""
aula-kaiser-55-11-conselho-baixarias-no-7-cordas,Kaiserplay,mod-9,"09. O Segredo das Baixarias de 6 Cordas","11. CONSELHO (baixarias no 7 cordas)",aula_pratica,1,0,0,0,0,2,0,"",disponivel,sem_link_remoto,metadados_catalogo,manter_aula_individual,""
aula-kaiser-56-2-inversoes-dos-baixos,Kaiserplay,mod-9,"09. O Segredo das Baixarias de 6 Cordas","2. Inversões dos Baixos",aula_pratica,1,0,0,0,0,2,0,"",disponivel,sem_link_remoto,metadados_catalogo,manter_aula_individual,""
aula-kaiser-57-3-escalas-das-baixarias,Kaiserplay,mod-9,"09. O Segredo das Baixarias de 6 Cordas","3. Escalas das Baixarias",aula_teorica,1,0,0,1,0,2,0,"",disponivel,sem_link_remoto,metadados_catalogo,manter_aula_individual,""
aula-kaiser-58-4-teoria-na-pratica,Kaiserplay,mod-9,"09. O Segredo das Baixarias de 6 Cordas","4. Teoria na Prática",aula_pratica,1,0,0,1,0,2,0,"",disponivel,sem_link_remoto,metadados_catalogo,manter_aula_individual,""
aula-kaiser-59-5-orientacoes-sobre-as-baixarias,Kaiserplay,mod-9,"09. O Segredo das Baixarias de 6 Cordas","5. Orientações sobre as baixarias",aula_pratica,1,0,0,0,0,2,0,"",disponivel,sem_link_remoto,metadados_catalogo,manter_aula_individual,""
aula-kaiser-60-6-frases-com-duas-notas,Kaiserplay,mod-9,"09. O Segredo das Baixarias de 6 Cordas","6. Frases com DUAS notas",aula_pratica,1,0,0,1,0,2,0,"",disponivel,sem_link_remoto,metadados_catalogo,manter_aula_individual,""
aula-kaiser-61-7-frases-com-tres-notas,Kaiserplay,mod-9,"09. O Segredo das Baixarias de 6 Cordas","7. Frases com TRÊS notas",aula_pratica,1,0,0,1,0,2,0,"",disponivel,sem_link_remoto,metadados_catalogo,manter_aula_individual,""
aula-kaiser-62-8-frases-com-quatro-notas,Kaiserplay,mod-9,"09. O Segredo das Baixarias de 6 Cordas","8. Frases com QUATRO notas",aula_pratica,1,0,0,0,0,2,0,"",disponivel,sem_link_remoto,metadados_catalogo,manter_aula_individual,""
aula-kaiser-63-9-frases-com-seis-notas,Kaiserplay,mod-9,"09. O Segredo das Baixarias de 6 Cordas","9. Frases com SEIS notas",aula_pratica,1,0,0,0,0,2,0,"",disponivel,sem_link_remoto,metadados_catalogo,manter_aula_individual,""
aula-mod-3-9,Método Tríade,mod-10,"10. O Braço Panorâmico — CAGED e Voicings Drop 2","10 - H P - 10 - UPGRADE 5.0 Escala Maior - Pág 26",percepcao_auditiva,1,0,1,1,0,3,3,"https://drive.google.com/file/d/1wEJx5n3a-XNgCLYdDL9i9uW5AqjLhLEQ/view?usp=drivesdk; https://drive.google.com/file/d/1kuK-oFRRDUDYtLMDdxk4E_k2IyzFvL2z/view?usp=drivesdk; https://drive.google.com/file/d/1jM-qS41MF7gJkcPHbBc5R5Z0Az42gjhU/view?usp=drivesdk",disponivel,link_preservado_nao_testado,legenda_indexada,integrar_aula,""
aula-mod-5-32,Método Tríade,mod-10,"10. O Braço Panorâmico — CAGED e Voicings Drop 2","Violão - 20.3 - O que é o sistema CAGED_",sem_material_local,0,0,0,0,0,0,0,"",sem_material,sem_link_remoto,nao_inspecionado,aguardar_material,"sem_arquivos_locais, sem_link_remoto"
aula-mod-6-3,Método Tríade,mod-10,"10. O Braço Panorâmico — CAGED e Voicings Drop 2","17 - UPGRADE 7.0 Violão 22.6 Nome pra esse DESENHO de Aco",sem_material_local,0,0,0,0,0,0,1,"https://drive.google.com/file/d/1OGB4yiYtlG69v0cU_rFTxE-YdWHJMsnB/view?usp=drivesdk",sem_material,link_preservado_nao_testado,nao_inspecionado,aguardar_material,"sem_arquivos_locais"
aula-mod-9-8,Método Tríade,mod-10,"10. O Braço Panorâmico — CAGED e Voicings Drop 2","11 - Violão - 39.2 - 9's em TÉTRADES de 5a corda",aula_teorica,1,1,1,0,0,3,2,"https://drive.google.com/file/d/1xpD9Dg4R5sB2YXvyUR70YIE0vMiR-8bO/view?usp=drivesdk; https://drive.google.com/file/d/1HRNmNHw76ES6Wzmm_BFX-szeVZUUfOxF/view?usp=drivesdk",disponivel,link_preservado_nao_testado,legenda_indexada,manter_aula_individual,""
aula-mod-10-1,Método Tríade,mod-10,"10. O Braço Panorâmico — CAGED e Voicings Drop 2","04 - 04 Desenho 4 - Exerxício 2",aula_pratica,1,0,1,0,0,2,1,"https://drive.google.com/file/d/1AFakekq24-TL0KxNnFIYxbJxj_pXI1eN/view?usp=drivesdk",disponivel,link_preservado_nao_testado,legenda_indexada,manter_aula_individual,""
aula-mod-10-2,Método Tríade,mod-10,"10. O Braço Panorâmico — CAGED e Voicings Drop 2","05 - 05 O Desenho 2",aula_pratica,1,0,1,0,0,2,1,"https://drive.google.com/file/d/1vLabf_4t6YTTsoXQJ5W-R5Xxyz70IHY_/view?usp=drivesdk",disponivel,link_preservado_nao_testado,legenda_indexada,manter_aula_individual,""
aula-mod-10-3,Método Tríade,mod-10,"10. O Braço Panorâmico — CAGED e Voicings Drop 2","07 - 07 Desenho 2 - Exercício 2",aula_pratica,1,0,1,0,0,2,1,"https://drive.google.com/file/d/12VGi3cMsPIzEXL9ZWzyHrvUHyDU9Mzo-/view?usp=drivesdk",disponivel,link_preservado_nao_testado,legenda_indexada,manter_aula_individual,""
aula-mod-10-4,Método Tríade,mod-10,"10. O Braço Panorâmico — CAGED e Voicings Drop 2","08 - 08 O Desenho 5",aula_pratica,1,0,1,0,0,2,1,"https://drive.google.com/file/d/1mZ4xbdLZvAbdjHnIaDEO_PQ3g-4WPrIB/view?usp=drivesdk",disponivel,link_preservado_nao_testado,legenda_indexada,manter_aula_individual,""
aula-mod-10-5,Método Tríade,mod-10,"10. O Braço Panorâmico — CAGED e Voicings Drop 2","09 - 09 Desenho 5 - Exercício 1",aula_pratica,1,0,1,0,0,2,1,"https://drive.google.com/file/d/12LEeLKaSxEOyhspkTT_bDhhOpj6SxYmD/view?usp=drivesdk",disponivel,link_preservado_nao_testado,legenda_indexada,manter_aula_individual,""
aula-mod-10-6,Método Tríade,mod-10,"10. O Braço Panorâmico — CAGED e Voicings Drop 2","10 - 10 Os Desenhos 1 e 3",aula_pratica,1,0,1,0,0,2,1,"https://drive.google.com/file/d/1gMkKl_t-JoyBLKpe_fLNHt8_-RNZb9Vj/view?usp=drivesdk",disponivel,link_preservado_nao_testado,legenda_indexada,manter_aula_individual,""
aula-mod-10-7,Método Tríade,mod-10,"10. O Braço Panorâmico — CAGED e Voicings Drop 2","11 - 11 Desenho 5 - Exercício 2",aula_pratica,1,0,1,0,0,2,1,"https://drive.google.com/file/d/1HX7bfp9FznRpsnBM1pDJtoDdyvE6CtVY/view?usp=drivesdk",disponivel,link_preservado_nao_testado,legenda_indexada,manter_aula_individual,""
aula-mod-10-8,Método Tríade,mod-10,"10. O Braço Panorâmico — CAGED e Voicings Drop 2","12 - 12 Desenho 1 - Exercício 1",aula_pratica,1,0,1,0,0,2,1,"https://drive.google.com/file/d/1v7v6CYygkzSlQg4QthmTfkbAT252LbJx/view?usp=drivesdk",disponivel,link_preservado_nao_testado,legenda_indexada,manter_aula_individual,""
aula-mod-10-9,Método Tríade,mod-10,"10. O Braço Panorâmico — CAGED e Voicings Drop 2","13 - 13 Desenho 1 - Exercício 2",aula_pratica,1,0,1,0,0,2,1,"https://drive.google.com/file/d/17kVAOWIH5x7FxklxuGKLmXxg6-Be3BB-/view?usp=drivesdk",disponivel,link_preservado_nao_testado,legenda_indexada,manter_aula_individual,""
aula-mod-10-10,Método Tríade,mod-10,"10. O Braço Panorâmico — CAGED e Voicings Drop 2","14 - 14 Desenho 3 - Exercício 1",aula_pratica,1,0,1,0,0,2,1,"https://drive.google.com/file/d/1UGR0-ZjhD5EzloDdohQpp_fFAPEOrOOQ/view?usp=drivesdk",disponivel,link_preservado_nao_testado,legenda_indexada,manter_aula_individual,""
aula-mod-10-11,Método Tríade,mod-10,"10. O Braço Panorâmico — CAGED e Voicings Drop 2","15 - 15 Desenho 3 - Exercício 2",aula_pratica,1,0,1,0,0,2,1,"https://drive.google.com/file/d/1EVMaGgN0k37gS3awhqL3u6sCCzW4waUq/view?usp=drivesdk",disponivel,link_preservado_nao_testado,legenda_indexada,manter_aula_individual,""
aula-kaiser-267-1-as-notas-musicais,Kaiserplay,mod-10,"10. O Braço Panorâmico — CAGED e Voicings Drop 2","1. As Notas Musicais",repertorio,1,0,0,1,0,2,0,"",disponivel,sem_link_remoto,metadados_catalogo,manter_aula_individual,""
aula-kaiser-268-10-shape-3,Kaiserplay,mod-10,"10. O Braço Panorâmico — CAGED e Voicings Drop 2","10. Shape 3",aula_pratica,1,0,0,0,0,2,0,"",disponivel,sem_link_remoto,metadados_catalogo,manter_aula_individual,""
aula-kaiser-269-11-shape-4,Kaiserplay,mod-10,"10. O Braço Panorâmico — CAGED e Voicings Drop 2","11. Shape 4",aula_pratica,1,0,2,0,0,4,0,"",disponivel,sem_link_remoto,legenda_indexada,manter_aula_individual,""
aula-kaiser-270-12-shape-5,Kaiserplay,mod-10,"10. O Braço Panorâmico — CAGED e Voicings Drop 2","12. Shape 5",aula_pratica,1,0,2,0,0,4,0,"",disponivel,sem_link_remoto,legenda_indexada,manter_aula_individual,""
aula-kaiser-271-13-escala-com-cordas-soltas,Kaiserplay,mod-10,"10. O Braço Panorâmico — CAGED e Voicings Drop 2","13. Escala com cordas soltas",aula_teorica,1,0,2,1,2,6,0,"",disponivel,sem_link_remoto,legenda_indexada,manter_aula_individual,""
aula-kaiser-272-14-consideracoes-finais-sobre-os-shapes,Kaiserplay,mod-10,"10. O Braço Panorâmico — CAGED e Voicings Drop 2","14. Considerações Finais sobre os SHAPES",aula_pratica,1,0,2,1,0,4,0,"",disponivel,sem_link_remoto,legenda_indexada,manter_aula_individual,""
aula-kaiser-273-15-pra-que-servem-as-escalas-e-os-shapes,Kaiserplay,mod-10,"10. O Braço Panorâmico — CAGED e Voicings Drop 2","15. Pra que servem as ESCALAS e os SHAPES_",aula_teorica,1,0,0,1,0,2,0,"",disponivel,sem_link_remoto,metadados_catalogo,manter_aula_individual,""
aula-kaiser-274-16-como-transpor-o-tom-de-uma-musica,Kaiserplay,mod-10,"10. O Braço Panorâmico — CAGED e Voicings Drop 2","16. Como transpor o Tom de uma música",repertorio,1,0,0,1,0,2,0,"",disponivel,sem_link_remoto,metadados_catalogo,manter_aula_individual,""
aula-kaiser-275-17-truque-de-mestre-pra-contar-intervalo,Kaiserplay,mod-10,"10. O Braço Panorâmico — CAGED e Voicings Drop 2","17. Truque de Mestre pra contar INTERVALOS",percepcao_auditiva,1,0,0,1,1,3,0,"",disponivel,sem_link_remoto,metadados_catalogo,manter_aula_individual,""
aula-kaiser-276-18-o-ciclo-das-quintas-e-das-quartas,Kaiserplay,mod-10,"10. O Braço Panorâmico — CAGED e Voicings Drop 2","18. O Ciclo das Quintas e das Quartas",aula_pratica,1,0,0,1,1,3,0,"",disponivel,sem_link_remoto,metadados_catalogo,manter_aula_individual,""
aula-kaiser-277-19-intervalos-justos-ou-maiores,Kaiserplay,mod-10,"10. O Braço Panorâmico — CAGED e Voicings Drop 2","19. Intervalos Justos ou Maiores_",percepcao_auditiva,1,0,0,1,1,3,0,"",disponivel,sem_link_remoto,metadados_catalogo,manter_aula_individual,""
aula-kaiser-278-2-intervalos,Kaiserplay,mod-10,"10. O Braço Panorâmico — CAGED e Voicings Drop 2","2. Intervalos",percepcao_auditiva,1,0,0,1,2,4,0,"",disponivel,sem_link_remoto,metadados_catalogo,manter_aula_individual,""
aula-kaiser-279-20-como-construir-qualquer-acorde,Kaiserplay,mod-10,"10. O Braço Panorâmico — CAGED e Voicings Drop 2","20. Como Construir Qualquer Acorde",aula_pratica,1,0,2,1,1,5,0,"",disponivel,sem_link_remoto,legenda_indexada,manter_aula_individual,""
aula-kaiser-280-21-escalas-pentatonicas,Kaiserplay,mod-10,"10. O Braço Panorâmico — CAGED e Voicings Drop 2","21. Escalas Pentatônicas",aula_teorica,1,0,3,1,2,7,0,"",disponivel,sem_link_remoto,legenda_indexada,manter_aula_individual,""
aula-kaiser-281-22-entenda-as-inversoes-de-acordes,Kaiserplay,mod-10,"10. O Braço Panorâmico — CAGED e Voicings Drop 2","22. Entenda as Inversões de Acordes",aula_pratica,1,0,2,1,0,4,0,"",disponivel,sem_link_remoto,legenda_indexada,manter_aula_individual,""
aula-kaiser-282-23-inversoes-7m,Kaiserplay,mod-10,"10. O Braço Panorâmico — CAGED e Voicings Drop 2","23. Inversões 7M",aula_pratica,1,0,3,1,2,7,0,"",disponivel,sem_link_remoto,legenda_indexada,manter_aula_individual,""
aula-kaiser-283-24-inversoes-7,Kaiserplay,mod-10,"10. O Braço Panorâmico — CAGED e Voicings Drop 2","24. Inversões 7",aula_pratica,1,0,3,0,2,7,0,"",disponivel,sem_link_remoto,legenda_indexada,manter_aula_individual,""
aula-kaiser-284-25-inversoes-m7,Kaiserplay,mod-10,"10. O Braço Panorâmico — CAGED e Voicings Drop 2","25. Inversões m7",aula_pratica,1,0,2,1,2,6,0,"",disponivel,sem_link_remoto,legenda_indexada,manter_aula_individual,""
aula-kaiser-285-26-inversoes-em-diminutos,Kaiserplay,mod-10,"10. O Braço Panorâmico — CAGED e Voicings Drop 2","26. Inversões em Diminutos",aula_pratica,1,0,2,0,0,4,0,"",disponivel,sem_link_remoto,legenda_indexada,manter_aula_individual,""
aula-kaiser-286-27-arpejos-em-7m-7-e-m7,Kaiserplay,mod-10,"10. O Braço Panorâmico — CAGED e Voicings Drop 2","27. Arpejos em 7M, 7 e m7",aula_pratica,1,0,0,1,2,4,0,"",disponivel,sem_link_remoto,metadados_catalogo,manter_aula_individual,""
aula-kaiser-287-28-arpejos-diminutos,Kaiserplay,mod-10,"10. O Braço Panorâmico — CAGED e Voicings Drop 2","28. Arpejos Diminutos",aula_pratica,1,0,2,1,2,6,0,"",disponivel,sem_link_remoto,legenda_indexada,manter_aula_individual,""
aula-kaiser-288-29-informacao-importante-antes-de-seguir,Kaiserplay,mod-10,"10. O Braço Panorâmico — CAGED e Voicings Drop 2","29. INFORMAÇÃO IMPORTANTE antes de seguir em frente",orientacao,0,0,0,1,0,1,0,"",parcial,sem_link_remoto,metadados_catalogo,revisao_apoio,"apenas_documentacao_sem_midia, sem_link_remoto"
aula-kaiser-289-3-a-escala-maior-e-a-menor-natural,Kaiserplay,mod-10,"10. O Braço Panorâmico — CAGED e Voicings Drop 2","3. A Escala Maior e a Menor Natural",aula_teorica,1,0,0,1,0,2,0,"",disponivel,sem_link_remoto,metadados_catalogo,manter_aula_individual,""
aula-kaiser-290-30-escala-de-blues,Kaiserplay,mod-10,"10. O Braço Panorâmico — CAGED e Voicings Drop 2","30. Escala de Blues",aula_teorica,1,0,0,1,2,4,0,"",disponivel,sem_link_remoto,metadados_catalogo,manter_aula_individual,""
aula-kaiser-291-31-campo-harmonico-da-escala-menor-harmo,Kaiserplay,mod-10,"10. O Braço Panorâmico — CAGED e Voicings Drop 2","31. Campo Harmônico da Escala Menor Harmônica",aula_teorica,1,0,2,1,0,4,0,"",disponivel,sem_link_remoto,legenda_indexada,manter_aula_individual,""
aula-kaiser-292-32-shapes-da-escala-menor-harmonica,Kaiserplay,mod-10,"10. O Braço Panorâmico — CAGED e Voicings Drop 2","32. Shapes da Escala Menor Harmônica",aula_teorica,1,0,0,1,2,4,0,"",disponivel,sem_link_remoto,metadados_catalogo,manter_aula_individual,""
aula-kaiser-293-33-campo-harmonico-da-escala-menor-melod,Kaiserplay,mod-10,"10. O Braço Panorâmico — CAGED e Voicings Drop 2","33. Campo Harmônico da Escala Menor Melódica",aula_teorica,1,0,0,1,0,2,0,"",disponivel,sem_link_remoto,metadados_catalogo,manter_aula_individual,""
aula-kaiser-294-34-shapes-da-escala-menor-melodica,Kaiserplay,mod-10,"10. O Braço Panorâmico — CAGED e Voicings Drop 2","34. Shapes da Escala Menor Melódica",aula_teorica,1,0,0,1,2,4,0,"",disponivel,sem_link_remoto,metadados_catalogo,manter_aula_individual,""
aula-kaiser-295-35-escala-diminuta,Kaiserplay,mod-10,"10. O Braço Panorâmico — CAGED e Voicings Drop 2","35. Escala Diminuta",aula_teorica,1,0,3,1,2,7,0,"",disponivel,sem_link_remoto,legenda_indexada,manter_aula_individual,""
aula-kaiser-296-4-campo-harmonico-da-escala-maior,Kaiserplay,mod-10,"10. O Braço Panorâmico — CAGED e Voicings Drop 2","4. Campo Harmônico da Escala Maior",aula_teorica,1,0,0,1,0,2,0,"",disponivel,sem_link_remoto,metadados_catalogo,manter_aula_individual,""
aula-kaiser-297-5-como-localizar-as-notas-no-violao,Kaiserplay,mod-10,"10. O Braço Panorâmico — CAGED e Voicings Drop 2","5. Como localizar as notas no violão",aula_pratica,1,0,0,1,3,5,0,"",disponivel,sem_link_remoto,metadados_catalogo,manter_aula_individual,""
aula-kaiser-298-6-como-aplicar-os-conhecimentos-da-teori,Kaiserplay,mod-10,"10. O Braço Panorâmico — CAGED e Voicings Drop 2","6. Como aplicar os conhecimentos da Teoria",aula_pratica,1,0,0,1,0,2,0,"",disponivel,sem_link_remoto,metadados_catalogo,manter_aula_individual,""
aula-kaiser-299-7-a-escala-maior-no-violao,Kaiserplay,mod-10,"10. O Braço Panorâmico — CAGED e Voicings Drop 2","7. A Escala Maior no violão",aula_teorica,1,0,2,1,2,6,0,"",disponivel,sem_link_remoto,legenda_indexada,manter_aula_individual,""
aula-kaiser-300-8-shape-1,Kaiserplay,mod-10,"10. O Braço Panorâmico — CAGED e Voicings Drop 2","8. Shape 1",aula_pratica,1,0,0,1,0,2,0,"",disponivel,sem_link_remoto,metadados_catalogo,manter_aula_individual,""
aula-kaiser-301-9-shape-2,Kaiserplay,mod-10,"10. O Braço Panorâmico — CAGED e Voicings Drop 2","9. Shape 2",aula_pratica,1,0,4,0,0,6,0,"",disponivel,sem_link_remoto,legenda_indexada,manter_aula_individual,""
aula-kaiser-302-1-harmonia-funcional-aula-1,Kaiserplay,mod-10,"10. O Braço Panorâmico — CAGED e Voicings Drop 2","1. Harmonia Funcional (AULA 1)",aula_teorica,1,0,0,1,1,3,0,"",disponivel,sem_link_remoto,metadados_catalogo,manter_aula_individual,""
aula-kaiser-303-2-harmonia-funcional-aula-2-dominantes-e,Kaiserplay,mod-10,"10. O Braço Panorâmico — CAGED e Voicings Drop 2","2. Harmonia Funcional (AULA 2) - Dominantes e II Cadencial",aula_teorica,1,0,0,1,0,2,0,"",disponivel,sem_link_remoto,metadados_catalogo,manter_aula_individual,""
aula-kaiser-304-3-harmonia-funcional-aula-3-diminutos,Kaiserplay,mod-10,"10. O Braço Panorâmico — CAGED e Voicings Drop 2","3. Harmonia Funcional (AULA 3) - Diminutos",aula_teorica,1,0,0,1,1,3,0,"",disponivel,sem_link_remoto,metadados_catalogo,manter_aula_individual,""
aula-kaiser-305-4-o-metodo-esquecido-de-harmonia-popular,Kaiserplay,mod-10,"10. O Braço Panorâmico — CAGED e Voicings Drop 2","4. O Método Esquecido de Harmonia Popular",aula_teorica,1,1,2,1,0,5,0,"",disponivel,sem_link_remoto,legenda_indexada,manter_aula_individual,""
aula-kaiser-306-5-exercicio-de-cadencias-harmonicas,Kaiserplay,mod-10,"10. O Braço Panorâmico — CAGED e Voicings Drop 2","5. Exercício de Cadências Harmônicas",aula_pratica,1,0,0,1,0,2,0,"",disponivel,sem_link_remoto,metadados_catalogo,manter_aula_individual,""
aula-kaiser-307-6-analise-harmonica-trem-das-onze,Kaiserplay,mod-10,"10. O Braço Panorâmico — CAGED e Voicings Drop 2","6. Análise Harmônica - Trem das Onze",aula_pratica,1,0,0,1,0,2,0,"",disponivel,sem_link_remoto,metadados_catalogo,manter_aula_individual,""
aula-kaiser-308-7-analise-harmonica-chega-de-saudade,Kaiserplay,mod-10,"10. O Braço Panorâmico — CAGED e Voicings Drop 2","7. Análise Harmônica - Chega de Saudade",aula_pratica,2,0,2,1,1,6,0,"",disponivel,sem_link_remoto,legenda_indexada,manter_aula_individual,""
aula-kaiser-309-1-modos-gregos-teoria,Kaiserplay,mod-10,"10. O Braço Panorâmico — CAGED e Voicings Drop 2","1. Modos Gregos (teoria)",aula_teorica,1,0,0,1,0,2,0,"",disponivel,sem_link_remoto,metadados_catalogo,manter_aula_individual,""
aula-kaiser-310-2-modos-gregos-aula-pratica-1,Kaiserplay,mod-10,"10. O Braço Panorâmico — CAGED e Voicings Drop 2","2. Modos Gregos (Aula Prática 1)",aula_teorica,2,0,0,1,0,3,0,"",disponivel,sem_link_remoto,metadados_catalogo,manter_aula_individual,""
aula-kaiser-311-3-modos-gregos-aula-pratica-2,Kaiserplay,mod-10,"10. O Braço Panorâmico — CAGED e Voicings Drop 2","3. Modos Gregos (Aula Prática 2)",aula_teorica,1,0,0,1,2,4,0,"",disponivel,sem_link_remoto,metadados_catalogo,manter_aula_individual,""
aula-kaiser-312-4-modos-gregos-aula-pratica-3,Kaiserplay,mod-10,"10. O Braço Panorâmico — CAGED e Voicings Drop 2","4. Modos Gregos (Aula Prática 3)",aula_teorica,1,0,0,1,2,4,0,"",disponivel,sem_link_remoto,metadados_catalogo,manter_aula_individual,""
aula-kaiser-313-1-construcao-avancada-de-acordes,Kaiserplay,mod-10,"10. O Braço Panorâmico — CAGED e Voicings Drop 2","1. Construção Avançada de Acordes",aula_pratica,1,0,0,1,0,2,0,"",disponivel,sem_link_remoto,metadados_catalogo,manter_aula_individual,""
aula-kaiser-314-2-acordes-de-emprestimo-modal,Kaiserplay,mod-10,"10. O Braço Panorâmico — CAGED e Voicings Drop 2","2. Acordes de Empréstimo Modal",aula_pratica,1,0,0,1,2,4,0,"",disponivel,sem_link_remoto,metadados_catalogo,manter_aula_individual,""
aula-kaiser-315-3-rearmonizacao-e-chord-melody,Kaiserplay,mod-10,"10. O Braço Panorâmico — CAGED e Voicings Drop 2","3. Rearmonização e Chord Melody",aula_pratica,1,0,0,1,0,2,0,"",disponivel,sem_link_remoto,metadados_catalogo,manter_aula_individual,""
aula-mod-2-26,Método Tríade,mod-11,"11. Violão Solo e Arranjo Fingerstyle","27 - Violão - 8.8 - Bônus 4 solos fáceis",aula_pratica,2,1,2,1,0,6,2,"https://drive.google.com/file/d/1CDBY6bEWlpQPcpN_0ZAF1MHAQCb9ozW7/view?usp=drivesdk; https://drive.google.com/file/d/15Xysia4yEOfRQMhoj6fePPHWIYY1jMNR/view?usp=drivesdk",disponivel,link_preservado_nao_testado,legenda_indexada,integrar_aula,""
aula-mod-7-8,Método Tríade,mod-11,"11. Violão Solo e Arranjo Fingerstyle","Violão - 25.1 - Greensleeves",aula_pratica,1,0,1,0,0,2,0,"",disponivel,sem_link_remoto,legenda_indexada,manter_aula_individual,""
aula-mod-7-10,Método Tríade,mod-11,"11. Violão Solo e Arranjo Fingerstyle","Violão - 26.1 - Batida Rock Inglês em swing",sem_material_local,0,0,0,0,0,0,0,"",sem_material,sem_link_remoto,nao_inspecionado,aguardar_material,"sem_arquivos_locais, sem_link_remoto"
aula-mod-7-11,Método Tríade,mod-11,"11. Violão Solo e Arranjo Fingerstyle","Violão - 26.2 - Batida Pop Básica em swing (video TEMPORÁ",sem_material_local,0,0,0,0,0,0,0,"",sem_material,sem_link_remoto,nao_inspecionado,aguardar_material,"sem_arquivos_locais, sem_link_remoto"
aula-mod-7-4,Método Tríade,mod-11,"11. Violão Solo e Arranjo Fingerstyle","09 - UPGRADE 7.0 Violão - 26.3 Meu dedo mínimo é 'morto'!",sem_material_local,0,0,0,0,0,0,3,"https://drive.google.com/file/d/1iCoeVKfJbWtVosh48WHXbJpVHRvYJgk0/view?usp=drivesdk; https://drive.google.com/file/d/1ZB-FKj-A7UQgXK-j18FCMMOeIKrYUAXk/view?usp=drivesdk; https://drive.google.com/file/d/1Cp8NaNBKzNc3DXlZshixUJSg-v7h_4ez/view?usp=drivesdk",sem_material,link_preservado_nao_testado,nao_inspecionado,aguardar_material,"sem_arquivos_locais"
aula-mod-7-13,Método Tríade,mod-11,"11. Violão Solo e Arranjo Fingerstyle","Violão - 27.1 - Batida Dedilhado Swing",sem_material_local,0,0,0,0,0,0,0,"",sem_material,sem_link_remoto,nao_inspecionado,aguardar_material,"sem_arquivos_locais, sem_link_remoto"
aula-mod-7-14,Método Tríade,mod-11,"11. Violão Solo e Arranjo Fingerstyle","Violão - 27.2 - Sozinho - Ex. Dedilhado Swing (Pág 69)",sem_material_local,0,0,0,0,0,0,0,"",sem_material,sem_link_remoto,nao_inspecionado,aguardar_material,"sem_arquivos_locais, sem_link_remoto"
aula-mod-7-15,Método Tríade,mod-11,"11. Violão Solo e Arranjo Fingerstyle","Violão - 27.3 - Exemplos Dedilhado Swing (Pág 69)",sem_material_local,0,0,0,0,0,0,0,"",sem_material,sem_link_remoto,nao_inspecionado,aguardar_material,"sem_arquivos_locais, sem_link_remoto"
aula-mod-7-16,Método Tríade,mod-11,"11. Violão Solo e Arranjo Fingerstyle","Violão - 27.4 - ALONGAMENTO e prevenção de Lesões para M",sem_material_local,0,0,0,0,0,0,0,"",sem_material,sem_link_remoto,nao_inspecionado,aguardar_material,"sem_arquivos_locais, sem_link_remoto"
aula-mod-7-18,Método Tríade,mod-11,"11. Violão Solo e Arranjo Fingerstyle","Violão - 28.1 - Minueto em Sol (Y. S. Bach)",aula_pratica,1,0,1,1,0,3,0,"",disponivel,sem_link_remoto,legenda_indexada,manter_aula_individual,""
aula-mod-7-19,Método Tríade,mod-11,"11. Violão Solo e Arranjo Fingerstyle","Violão - 28.2 - Leitura Região Grave",leitura_notacao,1,0,1,0,0,2,0,"",disponivel,sem_link_remoto,legenda_indexada,manter_aula_individual,""
aula-mod-7-5,Método Tríade,mod-11,"11. Violão Solo e Arranjo Fingerstyle","18 - Violão 28.3 - A batida SERTANEJA mais usada!",sem_material_local,0,0,0,0,0,0,1,"https://drive.google.com/file/d/1ZULxV7bz8iAhq7yOmU0LRIwUEd0Ye6lM/view?usp=drivesdk",sem_material,link_preservado_nao_testado,nao_inspecionado,aguardar_material,"sem_arquivos_locais"
aula-mod-8-12,Método Tríade,mod-11,"11. Violão Solo e Arranjo Fingerstyle","Violão - 29.1 _ Romance Anônimo",sem_material_local,0,0,0,0,0,0,0,"",sem_material,sem_link_remoto,nao_inspecionado,aguardar_material,"sem_arquivos_locais, sem_link_remoto"
aula-mod-8-2,Método Tríade,mod-11,"11. Violão Solo e Arranjo Fingerstyle","03 - 29.2 UPGRADE 6.0 O Poderoso Chefão (Parte 1 simplificad",sem_material_local,0,0,0,0,0,0,3,"https://drive.google.com/file/d/1XF9Wu2dvllLt3x5PdDOpA2WvE5UAC5wK/view?usp=drivesdk; https://drive.google.com/file/d/19sfQl_vk0Y-PxApkFnAOhmxLk2oa6g_7/view?usp=drivesdk; https://drive.google.com/file/d/1q41-41lMcYpbYGZZWvfsQEDHk5kyQWRE/view?usp=drivesdk",sem_material,link_preservado_nao_testado,nao_inspecionado,aguardar_material,"sem_arquivos_locais"
aula-mod-8-3,Método Tríade,mod-11,"11. Violão Solo e Arranjo Fingerstyle","04 - 29.3 UPGRADE 6.0 O Poderoso Chefão (UPGRADE)",aula_pratica,2,1,2,0,0,5,1,"https://drive.google.com/file/d/1UYyq0c280CoGp668y_3-Q6NdQvnpAkmE/view?usp=drivesdk",disponivel,link_preservado_nao_testado,legenda_indexada,integrar_aula,""
aula-mod-8-14,Método Tríade,mod-11,"11. Violão Solo e Arranjo Fingerstyle","Violão - 30.1 _ Acorde Xm7(b5)",aula_pratica,1,0,1,0,0,2,0,"",disponivel,sem_link_remoto,legenda_indexada,manter_aula_individual,""
aula-mod-8-15,Método Tríade,mod-11,"11. Violão Solo e Arranjo Fingerstyle","Violão 30.2 - Caetano! Sampa",aula_pratica,1,0,1,0,0,2,0,"",disponivel,sem_link_remoto,legenda_indexada,manter_aula_individual,""
aula-mod-8-4,Método Tríade,mod-11,"11. Violão Solo e Arranjo Fingerstyle","08 - Violão 30.3 - Caetano! Você é Linda",aula_pratica,1,0,1,0,0,2,1,"https://drive.google.com/file/d/18eGxdI4B_jKkD2cHL1MMIxoDmMypwpSr/view?usp=drivesdk",disponivel,link_preservado_nao_testado,legenda_indexada,manter_aula_individual,""
aula-mod-8-17,Método Tríade,mod-11,"11. Violão Solo e Arranjo Fingerstyle","Violão - 31 _ Conscientização de Graus",aula_pratica,1,0,1,0,0,2,0,"",disponivel,sem_link_remoto,legenda_indexada,manter_aula_individual,""
aula-mod-8-5,Método Tríade,mod-11,"11. Violão Solo e Arranjo Fingerstyle","13 - VERSÁO 4.0 Violão 33.1 - o 'Paraiso' em 4 dias - FING",sem_material_local,0,0,0,0,0,0,2,"https://drive.google.com/file/d/1kGcvWCVO7ywzDmBxtbyctn0noaG5ta9Y/view?usp=drivesdk; https://drive.google.com/file/d/1DhgBv2EIJU-2ikcsAn_cgxnT568c65YA/view?usp=drivesdk",sem_material,link_preservado_nao_testado,nao_inspecionado,aguardar_material,"sem_arquivos_locais"
aula-mod-8-6,Método Tríade,mod-11,"11. Violão Solo e Arranjo Fingerstyle","14 - VERSÁO 4.0 Violão 33.2 - o 'Paraiso' em 4 dias - FIN",sem_material_local,0,0,0,0,0,0,1,"https://drive.google.com/file/d/10TPRvhBMQj2ysWupbMdtAWsM09_HukXL/view?usp=drivesdk",sem_material,link_preservado_nao_testado,nao_inspecionado,aguardar_material,"sem_arquivos_locais"
aula-mod-8-7,Método Tríade,mod-11,"11. Violão Solo e Arranjo Fingerstyle","15 - VERSÁO 4.0 Violão 33.3 - o 'Paraiso' em 4 dias - FIN",sem_material_local,0,0,0,0,0,0,1,"https://drive.google.com/file/d/1TENKzne7OsQC1N6tQ08weC6JOLutHzKS/view?usp=drivesdk",sem_material,link_preservado_nao_testado,nao_inspecionado,aguardar_material,"sem_arquivos_locais"
aula-mod-8-8,Método Tríade,mod-11,"11. Violão Solo e Arranjo Fingerstyle","16 - VERSÁO 4.0 Violão 33.4 - o 'Paraiso' em 4 dias - FING",aula_pratica,1,0,1,0,0,2,1,"https://drive.google.com/file/d/1Y7P1to3jy1OTiIc8yMmeXm0UANXAZQef/view?usp=drivesdk",disponivel,link_preservado_nao_testado,legenda_indexada,manter_aula_individual,""
aula-mod-8-10,Método Tríade,mod-11,"11. Violão Solo e Arranjo Fingerstyle","18 - VERSÁO 4.0 35.1 - SOFRENCIA - Parte 1",sem_material_local,0,0,0,0,0,0,1,"https://drive.google.com/file/d/1prec_Ldi4SS4zvlyF8-be9OLHldrfRl3/view?usp=drivesdk",sem_material,link_preservado_nao_testado,nao_inspecionado,aguardar_material,"sem_arquivos_locais"
aula-mod-8-11,Método Tríade,mod-11,"11. Violão Solo e Arranjo Fingerstyle","19 - VERSÁO 4.0 35.2 - SOFRENCIA - Parte 2",sem_material_local,0,0,0,0,0,0,2,"https://drive.google.com/file/d/13m5uCUeV7yR5W2XwXhnbn_xBWneQzNYi/view?usp=drivesdk; https://drive.google.com/file/d/1wrGpH78F2aBgnmgmD4YkoxVpj25Ul-L3/view?usp=drivesdk",sem_material,link_preservado_nao_testado,nao_inspecionado,aguardar_material,"sem_arquivos_locais"
aula-mod-9-4,Método Tríade,mod-11,"11. Violão Solo e Arranjo Fingerstyle","06 - Violão - 38 UPGRADE 5.0 Certas Coisas FINGERSTYLE",aula_pratica,1,0,1,0,0,2,3,"https://drive.google.com/file/d/1Y9TT5H5d21upqvFf9bbhD1Ww4d79nIpy/view?usp=drivesdk; https://drive.google.com/file/d/1sRvCWyhFSgnrSAkJUNRAc5tMPdXEILkq/view?usp=drivesdk; https://drive.google.com/file/d/1iOGESfveaYnEE6awmN3fo8IIpHACcrW2/view?usp=drivesdk",disponivel,link_preservado_nao_testado,legenda_indexada,integrar_aula,""
aula-kaiser-23-1-comece-pelo-simples,Kaiserplay,mod-11,"11. Violão Solo e Arranjo Fingerstyle","1. Comece pelo Simples",aula_pratica,1,2,0,1,0,4,0,"",disponivel,sem_link_remoto,metadados_catalogo,manter_aula_individual,""
aula-kaiser-24-10-exercicio-para-ter-dominio-harmonico,Kaiserplay,mod-11,"11. Violão Solo e Arranjo Fingerstyle","10. Exercício para ter domínio harmônico",aula_pratica,1,0,0,1,0,2,0,"",disponivel,sem_link_remoto,metadados_catalogo,manter_aula_individual,""
aula-kaiser-25-2-engenharia-reversa-da-musica,Kaiserplay,mod-11,"11. Violão Solo e Arranjo Fingerstyle","2. Engenharia Reversa da Música",repertorio,1,0,0,1,0,2,0,"",disponivel,sem_link_remoto,metadados_catalogo,manter_aula_individual,""
aula-kaiser-26-3-resolvendo-problemas-de-digitacao,Kaiserplay,mod-11,"11. Violão Solo e Arranjo Fingerstyle","3. Resolvendo problemas de digitação",aula_pratica,2,0,0,1,0,3,0,"",disponivel,sem_link_remoto,metadados_catalogo,manter_aula_individual,""
aula-kaiser-27-4-os-principios-basicos-para-se-fazer-ar,Kaiserplay,mod-11,"11. Violão Solo e Arranjo Fingerstyle","4. Os Princípios Básicos para se fazer arranjos para Violão",aula_pratica,1,1,0,1,0,3,0,"",disponivel,sem_link_remoto,metadados_catalogo,manter_aula_individual,""
aula-kaiser-28-5-aprenda-a-fazer-arranjos-fingerstyle-e,Kaiserplay,mod-11,"11. Violão Solo e Arranjo Fingerstyle","5. Aprenda a fazer ARRANJOS FINGERSTYLE em UMA aula",aula_pratica,1,0,2,1,0,4,0,"",disponivel,sem_link_remoto,legenda_indexada,manter_aula_individual,""
aula-kaiser-29-6-preenchimento-ritmico-nos-arranjos,Kaiserplay,mod-11,"11. Violão Solo e Arranjo Fingerstyle","6. Preenchimento Rítmico nos Arranjos",aula_pratica,2,0,2,1,1,6,0,"",disponivel,sem_link_remoto,legenda_indexada,manter_aula_individual,"contem_arquivos_part"
aula-kaiser-30-7-entortando-uma-musica,Kaiserplay,mod-11,"11. Violão Solo e Arranjo Fingerstyle","7. _Entortando_ uma música",repertorio,3,0,0,1,0,4,0,"",disponivel,sem_link_remoto,metadados_catalogo,manter_aula_individual,""
aula-kaiser-31-8-como-criar-uma-introducao-de-uma-music,Kaiserplay,mod-11,"11. Violão Solo e Arranjo Fingerstyle","8. Como criar uma INTRODUÇÃO de uma música",orientacao,1,0,0,0,0,2,0,"",disponivel,sem_link_remoto,metadados_catalogo,revisao_apoio,""
aula-kaiser-32-9-inversoes-e-aberturas-de-acordes-avanc,Kaiserplay,mod-11,"11. Violão Solo e Arranjo Fingerstyle","9. Inversões e Aberturas de acordes (avançado)",aula_pratica,1,0,0,0,0,2,0,"",disponivel,sem_link_remoto,metadados_catalogo,manter_aula_individual,""
aula-kaiser-167-1-samba-da-bencao-baden-powell,Kaiserplay,mod-11,"11. Violão Solo e Arranjo Fingerstyle","1. Samba da Benção (Baden Powell)",repertorio,1,1,2,1,0,5,0,"",disponivel,sem_link_remoto,legenda_indexada,manter_aula_individual,""
aula-kaiser-168-10-rocky-um-lutador-tema-do-filme-6a-cor,Kaiserplay,mod-11,"11. Violão Solo e Arranjo Fingerstyle","10. Rocky, Um Lutador _ Tema do Filme _ 6a corda afinada em",aula_pratica,3,0,4,1,0,8,0,"",disponivel,sem_link_remoto,legenda_indexada,manter_aula_individual,""
aula-kaiser-169-11-swing-slow-blues-robson-miguel,Kaiserplay,mod-11,"11. Violão Solo e Arranjo Fingerstyle","11. Swing Slow Blues - Robson Miguel",aula_pratica,2,0,3,1,0,6,0,"",disponivel,sem_link_remoto,legenda_indexada,manter_aula_individual,""
aula-kaiser-170-12-noturno-marangoni-choro,Kaiserplay,mod-11,"11. Violão Solo e Arranjo Fingerstyle","12. Noturno (Marangoni) - Choro",repertorio,1,1,2,1,0,5,0,"",disponivel,sem_link_remoto,legenda_indexada,manter_aula_individual,""
aula-kaiser-171-13-fly-me-to-the-moon-jazz-arranjo-de-ro,Kaiserplay,mod-11,"11. Violão Solo e Arranjo Fingerstyle","13. Fly Me To The Moon - JAZZ - Arranjo de Robson Miguel",aula_pratica,3,0,2,1,0,6,0,"",disponivel,sem_link_remoto,legenda_indexada,manter_aula_individual,""
aula-kaiser-172-14-berimbau-baden-powell-afro-samba,Kaiserplay,mod-11,"11. Violão Solo e Arranjo Fingerstyle","14. Berimbau (Baden Powell) - Afro-Samba",aula_pratica,1,1,1,1,0,4,0,"",disponivel,sem_link_remoto,legenda_indexada,manter_aula_individual,""
aula-kaiser-173-15-caixa-de-fosforo-othon-da-rocha-filho,Kaiserplay,mod-11,"11. Violão Solo e Arranjo Fingerstyle","15. Caixa de Fósforo (Othon da Rocha Filho) - Choro",repertorio,1,0,1,1,0,3,0,"",disponivel,sem_link_remoto,legenda_indexada,manter_aula_individual,""
aula-kaiser-174-16-estudo-de-duas-vozes-matteo-carcassi-,Kaiserplay,mod-11,"11. Violão Solo e Arranjo Fingerstyle","16. Estudo de DUAS VOZES - Matteo Carcassi n11",aula_pratica,1,0,0,1,0,2,0,"",disponivel,sem_link_remoto,metadados_catalogo,manter_aula_individual,""
aula-kaiser-175-17-adagio-concerto-de-aranjuez,Kaiserplay,mod-11,"11. Violão Solo e Arranjo Fingerstyle","17. ADAGIO_ Concerto de Aranjuez",aula_pratica,3,0,0,1,0,4,0,"",disponivel,sem_link_remoto,metadados_catalogo,manter_aula_individual,""
aula-kaiser-176-18-eu-sei-que-vou-te-amar-tom-jobim,Kaiserplay,mod-11,"11. Violão Solo e Arranjo Fingerstyle","18. Eu sei que vou te amar (Tom Jobim)",aula_pratica,2,0,1,1,0,4,0,"",disponivel,sem_link_remoto,legenda_indexada,manter_aula_individual,""
aula-kaiser-177-19-bourree-j-s-bach-violao-classico,Kaiserplay,mod-11,"11. Violão Solo e Arranjo Fingerstyle","19. Bourrée (J. S. Bach) - Violão Clássico",repertorio,2,1,3,1,0,7,0,"",disponivel,sem_link_remoto,legenda_indexada,manter_aula_individual,""
aula-kaiser-178-2-estudo-para-mao-direita-leo-brouwer-es,Kaiserplay,mod-11,"11. Violão Solo e Arranjo Fingerstyle","2. Estudo para Mão Direita (Leo Brouwer) - Estudio Sensillos",aula_pratica,1,0,0,1,0,2,0,"",disponivel,sem_link_remoto,metadados_catalogo,manter_aula_individual,""
aula-kaiser-179-20-canto-de-ossanha-baden-powell-samba,Kaiserplay,mod-11,"11. Violão Solo e Arranjo Fingerstyle","20. Canto de Ossanha (Baden Powell) - Samba",aula_pratica,1,1,2,1,0,5,0,"",disponivel,sem_link_remoto,legenda_indexada,manter_aula_individual,""
aula-kaiser-180-21-samba-de-uma-nota-so-tom-jobim,Kaiserplay,mod-11,"11. Violão Solo e Arranjo Fingerstyle","21. Samba de Uma Nota Só (Tom Jobim)",aula_pratica,1,0,0,1,0,2,0,"",disponivel,sem_link_remoto,metadados_catalogo,manter_aula_individual,""
aula-kaiser-181-22-gente-humilde-garoto-mpb,Kaiserplay,mod-11,"11. Violão Solo e Arranjo Fingerstyle","22. Gente Humilde (Garoto) - MPB",aula_pratica,1,1,1,0,0,4,0,"",disponivel,sem_link_remoto,legenda_indexada,manter_aula_individual,""
aula-kaiser-182-23-aquarela-toquinho,Kaiserplay,mod-11,"11. Violão Solo e Arranjo Fingerstyle","23. Aquarela (Toquinho)",aula_pratica,2,0,0,1,0,3,0,"",disponivel,sem_link_remoto,metadados_catalogo,manter_aula_individual,""
aula-kaiser-183-24-exercicio-de-tremolo-dedilhado-avanca,Kaiserplay,mod-11,"11. Violão Solo e Arranjo Fingerstyle","24. Exercício de Tremolo (DEDILHADO AVANÇADO)",aula_pratica,1,0,2,1,0,4,0,"",disponivel,sem_link_remoto,legenda_indexada,manter_aula_individual,""
aula-kaiser-184-25-romance-de-amor-com-tecnica-tremolo,Kaiserplay,mod-11,"11. Violão Solo e Arranjo Fingerstyle","25. Romance de Amor com técnica TREMOLO",aula_pratica,1,0,0,0,0,2,0,"",disponivel,sem_link_remoto,metadados_catalogo,manter_aula_individual,""
aula-kaiser-185-26-uma-valsa-e-dois-amores-dilermando-re,Kaiserplay,mod-11,"11. Violão Solo e Arranjo Fingerstyle","26. Uma Valsa e Dois Amores (Dilermando Reis)",repertorio,2,0,0,1,0,3,0,"",disponivel,sem_link_remoto,metadados_catalogo,manter_aula_individual,""
aula-kaiser-186-27-se-ela-perguntar-dilermando-reis,Kaiserplay,mod-11,"11. Violão Solo e Arranjo Fingerstyle","27. Se Ela Perguntar (Dilermando Reis)",aula_pratica,3,0,1,1,0,5,0,"",disponivel,sem_link_remoto,legenda_indexada,manter_aula_individual,""
aula-kaiser-187-28-abismo-de-rosas-americo-jacobino-canh,Kaiserplay,mod-11,"11. Violão Solo e Arranjo Fingerstyle","28. Abismo de Rosas (Americo Jacobino Canhoto)",aula_pratica,2,0,1,1,0,4,0,"",disponivel,sem_link_remoto,legenda_indexada,manter_aula_individual,""
aula-kaiser-188-29-joao-e-maria-chico-buarque,Kaiserplay,mod-11,"11. Violão Solo e Arranjo Fingerstyle","29. João e Maria (Chico Buarque)",aula_pratica,2,0,0,1,0,3,0,"",disponivel,sem_link_remoto,metadados_catalogo,manter_aula_individual,""
aula-kaiser-189-3-pantera-cor-de-rosa-fingerstyle,Kaiserplay,mod-11,"11. Violão Solo e Arranjo Fingerstyle","3. Pantera Cor de Rosa - FINGERSTYLE",repertorio,1,1,0,1,0,3,0,"",disponivel,sem_link_remoto,metadados_catalogo,manter_aula_individual,""
aula-kaiser-190-30-tristeza-do-jeca-musica-caipira,Kaiserplay,mod-11,"11. Violão Solo e Arranjo Fingerstyle","30. Tristeza do Jeca (Música Caipira)",repertorio,2,0,0,1,0,3,0,"",disponivel,sem_link_remoto,metadados_catalogo,manter_aula_individual,""
aula-kaiser-191-31-tristeza-samba,Kaiserplay,mod-11,"11. Violão Solo e Arranjo Fingerstyle","31. Tristeza (Samba)",aula_pratica,2,0,0,1,0,3,0,"",disponivel,sem_link_remoto,metadados_catalogo,manter_aula_individual,""
aula-kaiser-192-32-the-doctor-blues-marcos-kaiser-finger,Kaiserplay,mod-11,"11. Violão Solo e Arranjo Fingerstyle","32. The Doctor Blues (Marcos Kaiser) - FINGERSTYLE",aula_pratica,1,1,0,0,0,3,0,"",disponivel,sem_link_remoto,metadados_catalogo,manter_aula_individual,""
aula-kaiser-193-33-rumbita-rumba-flamenca-de-robson-migu,Kaiserplay,mod-11,"11. Violão Solo e Arranjo Fingerstyle","33. RUMBITA - Rumba Flamenca de Robson Miguel",aula_pratica,2,0,2,1,0,5,0,"",disponivel,sem_link_remoto,legenda_indexada,manter_aula_individual,""
aula-kaiser-194-34-dragon-ball-gt-sorriso-resplandecente,Kaiserplay,mod-11,"11. Violão Solo e Arranjo Fingerstyle","34. Dragon Ball GT - Sorriso Resplandecente",aula_pratica,4,0,3,1,0,8,0,"",disponivel,sem_link_remoto,legenda_indexada,manter_aula_individual,""
aula-kaiser-195-35-canon-in-d-pachelbel-violao-classico,Kaiserplay,mod-11,"11. Violão Solo e Arranjo Fingerstyle","35. Canon in D (Pachelbel) - Violão Clássico",repertorio,2,1,2,1,0,6,0,"",disponivel,sem_link_remoto,legenda_indexada,manter_aula_individual,""
aula-kaiser-196-36-noite-de-lua-dilermando-reis,Kaiserplay,mod-11,"11. Violão Solo e Arranjo Fingerstyle","36. Noite de Lua (Dilermando Reis)",aula_pratica,2,0,0,1,0,3,0,"",disponivel,sem_link_remoto,metadados_catalogo,manter_aula_individual,""
aula-kaiser-197-37-carinhoso-pixinguinha,Kaiserplay,mod-11,"11. Violão Solo e Arranjo Fingerstyle","37. Carinhoso (Pixinguinha)",aula_pratica,2,0,1,1,0,4,0,"",disponivel,sem_link_remoto,legenda_indexada,manter_aula_individual,""
aula-kaiser-198-38-o-trenzinho-do-caipira-villa-lobos,Kaiserplay,mod-11,"11. Violão Solo e Arranjo Fingerstyle","38. O Trenzinho do Caipira (Villa-Lobos)",aula_pratica,2,0,1,1,0,4,0,"",disponivel,sem_link_remoto,legenda_indexada,manter_aula_individual,""
aula-kaiser-199-39-samba-do-aviao-tom-jobim,Kaiserplay,mod-11,"11. Violão Solo e Arranjo Fingerstyle","39. Samba do Avião (Tom Jobim)",aula_pratica,2,0,0,1,0,3,0,"",disponivel,sem_link_remoto,metadados_catalogo,manter_aula_individual,""
aula-kaiser-200-4-divagando-domingos-semenzato-choro,Kaiserplay,mod-11,"11. Violão Solo e Arranjo Fingerstyle","4. Divagando (Domingos Semenzato) - Choro",repertorio,1,0,1,1,0,3,0,"",disponivel,sem_link_remoto,legenda_indexada,manter_aula_individual,""
aula-kaiser-201-40-malaguena-flamenco,Kaiserplay,mod-11,"11. Violão Solo e Arranjo Fingerstyle","40. Malagueña (Flamenco)",repertorio,1,1,0,1,0,3,0,"",disponivel,sem_link_remoto,metadados_catalogo,manter_aula_individual,""
aula-kaiser-202-41-zorro-flamenco,Kaiserplay,mod-11,"11. Violão Solo e Arranjo Fingerstyle","41. Zorro (Flamenco)",aula_pratica,2,1,0,1,0,4,0,"",disponivel,sem_link_remoto,metadados_catalogo,manter_aula_individual,""
aula-kaiser-203-42-samba-em-preludio-versao-baden-powell,Kaiserplay,mod-11,"11. Violão Solo e Arranjo Fingerstyle","42. Samba em Prelúdio _ Versão Baden Powell",aula_pratica,2,0,2,1,0,5,0,"",disponivel,sem_link_remoto,legenda_indexada,manter_aula_individual,""
aula-kaiser-204-43-estudo-para-mao-direita-marcos-kaiser,Kaiserplay,mod-11,"11. Violão Solo e Arranjo Fingerstyle","43. ESTUDO para Mão Direita (Marcos Kaiser)",aula_pratica,1,1,0,0,0,3,0,"",disponivel,sem_link_remoto,metadados_catalogo,manter_aula_individual,""
aula-kaiser-205-44-estudo-de-arpejos-marcos-kaiser,Kaiserplay,mod-11,"11. Violão Solo e Arranjo Fingerstyle","44. ESTUDO de Arpejos (Marcos Kaiser)",aula_pratica,1,1,0,1,0,3,0,"",disponivel,sem_link_remoto,metadados_catalogo,manter_aula_individual,""
aula-kaiser-206-45-o-bebado-e-a-equilibrista-samba,Kaiserplay,mod-11,"11. Violão Solo e Arranjo Fingerstyle","45. O Bêbado e a Equilibrista (Samba)",aula_pratica,2,0,0,1,0,3,0,"",disponivel,sem_link_remoto,metadados_catalogo,manter_aula_individual,""
aula-kaiser-207-46-por-una-cabeza-tango,Kaiserplay,mod-11,"11. Violão Solo e Arranjo Fingerstyle","46. Por Una Cabeza (Tango)",repertorio,0,0,0,1,0,1,0,"",parcial,sem_link_remoto,metadados_catalogo,manter_aula_individual,"apenas_documentacao_sem_midia, sem_link_remoto"
aula-kaiser-208-47-pedacinhos-do-ceu-choro,Kaiserplay,mod-11,"11. Violão Solo e Arranjo Fingerstyle","47. Pedacinhos do Céu (Choro)",repertorio,2,0,0,1,0,3,0,"",disponivel,sem_link_remoto,metadados_catalogo,manter_aula_individual,""
aula-kaiser-209-48-stairway-to-heaven-led-zepellin-finge,Kaiserplay,mod-11,"11. Violão Solo e Arranjo Fingerstyle","48. Stairway to Heaven (Led Zepellin) - FINGERSTYLE",aula_pratica,2,0,2,1,0,5,0,"",disponivel,sem_link_remoto,legenda_indexada,manter_aula_individual,""
aula-kaiser-210-49-deixa-samba-baden-powell,Kaiserplay,mod-11,"11. Violão Solo e Arranjo Fingerstyle","49. Deixa (Samba) - Baden Powell",aula_pratica,3,0,3,1,0,7,0,"",disponivel,sem_link_remoto,legenda_indexada,manter_aula_individual,""
aula-kaiser-211-5-mortal-kombat-fingerstyle,Kaiserplay,mod-11,"11. Violão Solo e Arranjo Fingerstyle","5. Mortal Kombat - (Fingerstyle)",aula_pratica,2,1,2,1,0,6,0,"",disponivel,sem_link_remoto,legenda_indexada,manter_aula_individual,""
aula-kaiser-212-6-aleluia-hallelujah-fingerstyle,Kaiserplay,mod-11,"11. Violão Solo e Arranjo Fingerstyle","6. ALELUIA - Hallelujah - Fingerstyle",aula_pratica,2,0,0,1,0,3,0,"",disponivel,sem_link_remoto,metadados_catalogo,manter_aula_individual,""
aula-kaiser-213-7-the-sound-of-silence-fingerstyle,Kaiserplay,mod-11,"11. Violão Solo e Arranjo Fingerstyle","7. The Sound of Silence (Fingerstyle)",aula_pratica,2,0,0,1,0,3,0,"",disponivel,sem_link_remoto,metadados_catalogo,manter_aula_individual,""
aula-kaiser-214-8-estudo-n-1-carcassi-violao-classico,Kaiserplay,mod-11,"11. Violão Solo e Arranjo Fingerstyle","8. Estudo n.1 (Carcassi) - Violão Clássico",aula_pratica,2,1,0,1,0,4,0,"",disponivel,sem_link_remoto,metadados_catalogo,manter_aula_individual,""
aula-kaiser-215-9-gloria-gloria-aleluia,Kaiserplay,mod-11,"11. Violão Solo e Arranjo Fingerstyle","9. Glória Glória Aleluia",aula_pratica,2,0,0,1,0,3,0,"",disponivel,sem_link_remoto,metadados_catalogo,manter_aula_individual,""
aula-kaiser-216-1-preludio-em-do-bach,Kaiserplay,mod-11,"11. Violão Solo e Arranjo Fingerstyle","1. Prelúdio em Dó (Bach)",aula_pratica,1,1,3,1,0,6,0,"",disponivel,sem_link_remoto,legenda_indexada,manter_aula_individual,""
aula-kaiser-217-10-qui-nem-jilo-luiz-gonzaga,Kaiserplay,mod-11,"11. Violão Solo e Arranjo Fingerstyle","10. Qui Nem Jiló (Luiz Gonzaga)",aula_pratica,2,1,2,1,0,6,0,"",disponivel,sem_link_remoto,legenda_indexada,manter_aula_individual,""
aula-kaiser-218-11-aria-da-quarta-corda-bach-versao-paul,Kaiserplay,mod-11,"11. Violão Solo e Arranjo Fingerstyle","11. Ária da Quarta Corda (Bach) - Versão Paulinho Nogueira",aula_pratica,2,0,2,1,0,5,0,"",disponivel,sem_link_remoto,legenda_indexada,manter_aula_individual,""
aula-kaiser-219-12-aquarela-do-brasil-ary-barroso,Kaiserplay,mod-11,"11. Violão Solo e Arranjo Fingerstyle","12. Aquarela do Brasil (Ary Barroso)",aula_pratica,1,0,1,1,0,3,0,"",disponivel,sem_link_remoto,legenda_indexada,manter_aula_individual,""
aula-kaiser-220-13-as-rosas-nao-falam-choro,Kaiserplay,mod-11,"11. Violão Solo e Arranjo Fingerstyle","13. As Rosas Não Falam (Choro)",repertorio,2,0,0,1,0,3,0,"",disponivel,sem_link_remoto,metadados_catalogo,manter_aula_individual,""
aula-kaiser-221-14-sampa-caetano-veloso,Kaiserplay,mod-11,"11. Violão Solo e Arranjo Fingerstyle","14. Sampa (Caetano Veloso)",aula_pratica,2,0,0,1,0,3,0,"",disponivel,sem_link_remoto,metadados_catalogo,manter_aula_individual,""
aula-kaiser-222-15-wave-tom-jobim-bossa-nova,Kaiserplay,mod-11,"11. Violão Solo e Arranjo Fingerstyle","15. Wave (Tom Jobim) - Bossa Nova",aula_pratica,2,0,1,1,0,4,0,"",disponivel,sem_link_remoto,legenda_indexada,manter_aula_individual,""
aula-kaiser-223-16-sons-de-carrilhoes-joao-pernambuco-ch,Kaiserplay,mod-11,"11. Violão Solo e Arranjo Fingerstyle","16. Sons de Carrilhões (João Pernambuco) - Choro",repertorio,1,0,1,0,0,3,0,"",disponivel,sem_link_remoto,legenda_indexada,manter_aula_individual,""
aula-kaiser-224-17-bachianinha-n-2-paulinho-nogueira,Kaiserplay,mod-11,"11. Violão Solo e Arranjo Fingerstyle","17. Bachianinha n.2 (Paulinho Nogueira)",aula_pratica,2,0,1,1,0,4,0,"",disponivel,sem_link_remoto,legenda_indexada,manter_aula_individual,""
aula-kaiser-225-18-piano-som-arranjo-de-robson-miguel,Kaiserplay,mod-11,"11. Violão Solo e Arranjo Fingerstyle","18. Piano som - Arranjo de Robson Miguel",aula_pratica,3,0,0,1,0,4,0,"",disponivel,sem_link_remoto,metadados_catalogo,manter_aula_individual,""
aula-kaiser-226-19-lamentos-pixinguinha,Kaiserplay,mod-11,"11. Violão Solo e Arranjo Fingerstyle","19. Lamentos (Pixinguinha)",aula_pratica,2,0,0,1,1,4,0,"",disponivel,sem_link_remoto,metadados_catalogo,manter_aula_individual,"contem_arquivos_part"
aula-kaiser-227-2-piratas-do-caribe-tema-do-filme-finger,Kaiserplay,mod-11,"11. Violão Solo e Arranjo Fingerstyle","2. Piratas do Caribe (Tema do Filme) - Fingerstyle",aula_pratica,2,0,3,1,2,8,0,"",disponivel,sem_link_remoto,legenda_indexada,manter_aula_individual,"contem_arquivos_part"
aula-kaiser-228-20-trem-das-onze-samba,Kaiserplay,mod-11,"11. Violão Solo e Arranjo Fingerstyle","20. Trem das Onze (Samba)",aula_pratica,2,0,2,1,0,5,0,"",disponivel,sem_link_remoto,legenda_indexada,manter_aula_individual,""
aula-kaiser-229-21-sonata-ao-luar-beethoven,Kaiserplay,mod-11,"11. Violão Solo e Arranjo Fingerstyle","21. Sonata ao Luar (Beethoven)",aula_pratica,2,0,1,1,0,4,0,"",disponivel,sem_link_remoto,legenda_indexada,manter_aula_individual,""
aula-kaiser-230-22-evidencias-chitaozinho-xororo,Kaiserplay,mod-11,"11. Violão Solo e Arranjo Fingerstyle","22. Evidências (Chitãozinho & Xororó)",repertorio,3,0,2,1,0,6,0,"",disponivel,sem_link_remoto,legenda_indexada,manter_aula_individual,""
aula-kaiser-231-23-baiao-do-meio-dia-marcos-kaiser,Kaiserplay,mod-11,"11. Violão Solo e Arranjo Fingerstyle","23. Baião do Meio-Dia (Marcos Kaiser)",aula_pratica,2,1,3,1,0,7,0,"",disponivel,sem_link_remoto,legenda_indexada,manter_aula_individual,""
aula-kaiser-232-24-saudosa-maloca-samba,Kaiserplay,mod-11,"11. Violão Solo e Arranjo Fingerstyle","24. Saudosa Maloca (Samba)",aula_pratica,2,1,3,1,0,7,0,"",disponivel,sem_link_remoto,legenda_indexada,manter_aula_individual,""
aula-kaiser-233-25-preciso-me-encontrar-versao-cartola,Kaiserplay,mod-11,"11. Violão Solo e Arranjo Fingerstyle","25. Preciso Me Encontrar (Versão Cartola)",aula_pratica,2,2,2,1,0,7,0,"",disponivel,sem_link_remoto,legenda_indexada,manter_aula_individual,""
aula-kaiser-234-26-naquela-mesa-choro,Kaiserplay,mod-11,"11. Violão Solo e Arranjo Fingerstyle","26. Naquela Mesa (Choro)",repertorio,2,0,0,1,0,3,0,"",disponivel,sem_link_remoto,metadados_catalogo,manter_aula_individual,""
aula-kaiser-235-27-o-astronauta-baden-powell,Kaiserplay,mod-11,"11. Violão Solo e Arranjo Fingerstyle","27. O Astronauta (Baden Powell)",aula_pratica,1,1,0,1,0,3,0,"",disponivel,sem_link_remoto,metadados_catalogo,manter_aula_individual,""
aula-kaiser-236-28-chorrindo-marcos-kaiser,Kaiserplay,mod-11,"11. Violão Solo e Arranjo Fingerstyle","28. Chorrindo (Marcos Kaiser)",aula_pratica,2,0,0,1,0,3,0,"",disponivel,sem_link_remoto,metadados_catalogo,manter_aula_individual,""
aula-kaiser-237-29-brejeiro-e-nazareth-choro,Kaiserplay,mod-11,"11. Violão Solo e Arranjo Fingerstyle","29. Brejeiro (E. Nazareth) - Choro",repertorio,1,0,1,0,0,3,0,"",disponivel,sem_link_remoto,legenda_indexada,manter_aula_individual,""
aula-kaiser-238-3-fingerpicking-blues-fingerstyle,Kaiserplay,mod-11,"11. Violão Solo e Arranjo Fingerstyle","3. Fingerpicking Blues - FINGERSTYLE",aula_pratica,1,0,0,0,0,2,0,"",disponivel,sem_link_remoto,metadados_catalogo,manter_aula_individual,""
aula-kaiser-239-30-on-the-road-blues,Kaiserplay,mod-11,"11. Violão Solo e Arranjo Fingerstyle","30. On the Road (Blues)",aula_pratica,2,1,2,1,0,6,0,"",disponivel,sem_link_remoto,legenda_indexada,manter_aula_individual,""
aula-kaiser-240-31-marcha-dos-marinheiros-americo-jacobi,Kaiserplay,mod-11,"11. Violão Solo e Arranjo Fingerstyle","31. Marcha dos Marinheiros (Americo Jacobino Canhoto)",aula_pratica,2,0,0,1,0,3,0,"",disponivel,sem_link_remoto,metadados_catalogo,manter_aula_individual,""
aula-kaiser-241-32-regra-tres-toquinho-vinicius,Kaiserplay,mod-11,"11. Violão Solo e Arranjo Fingerstyle","32. Regra Três (Toquinho & Vinicius)",aula_pratica,2,1,1,1,0,5,0,"",disponivel,sem_link_remoto,legenda_indexada,manter_aula_individual,""
aula-kaiser-242-33-odeon-nazareth-choro,Kaiserplay,mod-11,"11. Violão Solo e Arranjo Fingerstyle","33. Odeon (Nazareth) - Choro",repertorio,1,0,1,1,0,3,0,"",disponivel,sem_link_remoto,legenda_indexada,manter_aula_individual,""
aula-kaiser-243-34-magoado-dilermando-reis-choro,Kaiserplay,mod-11,"11. Violão Solo e Arranjo Fingerstyle","34. Magoado (Dilermando Reis) - Choro",repertorio,1,0,0,0,0,2,0,"",disponivel,sem_link_remoto,metadados_catalogo,manter_aula_individual,""
aula-kaiser-244-35-samba-triste-baden-powell,Kaiserplay,mod-11,"11. Violão Solo e Arranjo Fingerstyle","35. Samba Triste (Baden Powell)",aula_pratica,2,0,0,1,0,3,0,"",disponivel,sem_link_remoto,metadados_catalogo,manter_aula_individual,""
aula-kaiser-245-36-choro-n-1-villa-lobos,Kaiserplay,mod-11,"11. Violão Solo e Arranjo Fingerstyle","36. Choro N.1 (Villa-Lobos)",repertorio,2,0,1,1,0,4,0,"",disponivel,sem_link_remoto,legenda_indexada,manter_aula_individual,""
aula-kaiser-246-37-noites-cariocas-jacob-do-bandolim,Kaiserplay,mod-11,"11. Violão Solo e Arranjo Fingerstyle","37. Noites Cariocas (Jacob do Bandolim)",aula_pratica,2,0,0,1,0,3,0,"",disponivel,sem_link_remoto,metadados_catalogo,manter_aula_individual,""
aula-kaiser-247-38-tempo-de-crianca-dilermando-reis,Kaiserplay,mod-11,"11. Violão Solo e Arranjo Fingerstyle","38. Tempo de Criança (Dilermando Reis)",aula_pratica,2,0,0,1,0,3,0,"",disponivel,sem_link_remoto,metadados_catalogo,manter_aula_individual,""
aula-kaiser-248-39-bachianinha-n-1-paulinho-nogueira,Kaiserplay,mod-11,"11. Violão Solo e Arranjo Fingerstyle","39. Bachianinha n.1 (Paulinho Nogueira)",aula_pratica,1,0,1,0,0,3,0,"",disponivel,sem_link_remoto,legenda_indexada,manter_aula_individual,""
aula-kaiser-249-4-o-mundo-e-um-moinho-cartola,Kaiserplay,mod-11,"11. Violão Solo e Arranjo Fingerstyle","4. O Mundo é Um Moinho (Cartola)",aula_pratica,2,0,0,1,1,4,0,"",disponivel,sem_link_remoto,metadados_catalogo,manter_aula_individual,"contem_arquivos_part"
aula-kaiser-250-40-segundo-violao-da-bachianinha-n1,Kaiserplay,mod-11,"11. Violão Solo e Arranjo Fingerstyle","40. Segundo Violão da Bachianinha n1",aula_pratica,2,0,6,1,0,9,0,"",disponivel,sem_link_remoto,legenda_indexada,manter_aula_individual,""
aula-kaiser-251-41-grauna-choro,Kaiserplay,mod-11,"11. Violão Solo e Arranjo Fingerstyle","41. Graúna (Choro)",repertorio,2,0,0,1,0,3,0,"",disponivel,sem_link_remoto,metadados_catalogo,manter_aula_individual,""
aula-kaiser-252-42-feira-de-mangaio-forro,Kaiserplay,mod-11,"11. Violão Solo e Arranjo Fingerstyle","42. Feira de Mangaio (Forró)",aula_pratica,3,0,1,1,0,5,0,"",disponivel,sem_link_remoto,legenda_indexada,manter_aula_individual,""
aula-kaiser-253-43-hino-nacional-brasileiro,Kaiserplay,mod-11,"11. Violão Solo e Arranjo Fingerstyle","43. Hino Nacional Brasileiro",aula_pratica,2,0,1,1,0,4,0,"",disponivel,sem_link_remoto,legenda_indexada,manter_aula_individual,""
aula-kaiser-254-5-estudo-n-1-de-villa-lobos-classico,Kaiserplay,mod-11,"11. Violão Solo e Arranjo Fingerstyle","5. Estudo n.1 de Villa Lobos - Clássico",aula_pratica,1,0,0,0,0,2,0,"",disponivel,sem_link_remoto,metadados_catalogo,manter_aula_individual,""
aula-kaiser-255-6-blues-in-the-woods,Kaiserplay,mod-11,"11. Violão Solo e Arranjo Fingerstyle","6. Blues in the Woods",aula_pratica,2,1,2,1,1,7,0,"",disponivel,sem_link_remoto,legenda_indexada,manter_aula_individual,"contem_arquivos_part"
aula-kaiser-256-7-na-mosca-marcos-kaiser-choro,Kaiserplay,mod-11,"11. Violão Solo e Arranjo Fingerstyle","7. Na Mosca (Marcos Kaiser) - Choro",repertorio,1,1,0,0,0,3,0,"",disponivel,sem_link_remoto,metadados_catalogo,manter_aula_individual,""
aula-kaiser-257-8-gotas-de-lagrimas-valsa,Kaiserplay,mod-11,"11. Violão Solo e Arranjo Fingerstyle","8. Gotas de Lágrimas (Valsa)",repertorio,2,0,0,1,0,3,0,"",disponivel,sem_link_remoto,metadados_catalogo,manter_aula_individual,""
aula-kaiser-258-9-jesus-alegria-dos-homens-bach,Kaiserplay,mod-11,"11. Violão Solo e Arranjo Fingerstyle","9. Jesus Alegria dos Homens (Bach)",aula_pratica,1,0,0,0,0,2,0,"",disponivel,sem_link_remoto,metadados_catalogo,manter_aula_individual,""
aula-mod-5-15,Método Tríade,mod-12,"12. Nível Master — Expressão, Blues e Harmonização","Violão - 17.1 - Leitura C D E (pág 45)",leitura_notacao,1,0,0,0,0,1,0,"",disponivel,sem_link_remoto,metadados_catalogo,manter_aula_individual,""
aula-mod-5-16,Método Tríade,mod-12,"12. Nível Master — Expressão, Blues e Harmonização","Violão - 17.2 - Leitura C D E F e G",leitura_notacao,1,1,0,0,0,2,0,"",disponivel,sem_link_remoto,metadados_catalogo,manter_aula_individual,""
aula-mod-5-17,Método Tríade,mod-12,"12. Nível Master — Expressão, Blues e Harmonização","Violão - 17.3 - Leitura Região Média (ág 46)",leitura_notacao,1,1,0,0,0,2,0,"",disponivel,sem_link_remoto,metadados_catalogo,manter_aula_individual,""
aula-mod-5-18,Método Tríade,mod-12,"12. Nível Master — Expressão, Blues e Harmonização","Violão - 17.4 - Região Aguda",sem_material_local,0,0,0,0,0,0,0,"",sem_material,sem_link_remoto,nao_inspecionado,aguardar_material,"sem_arquivos_locais, sem_link_remoto"
aula-mod-5-19,Método Tríade,mod-12,"12. Nível Master — Expressão, Blues e Harmonização","Violão - 17.5 - Aceleração de Leitura de Partituras",leitura_notacao,2,1,2,1,0,6,0,"",disponivel,sem_link_remoto,legenda_indexada,manter_aula_individual,""
aula-mod-5-1,Método Tríade,mod-12,"12. Nível Master — Expressão, Blues e Harmonização","07 - Violão - 17.6 - A OITAVA",sem_material_local,0,0,0,0,0,0,3,"https://drive.google.com/file/d/1gKBTb198_whYYgIwgD7jqAojJS18jYfh/view?usp=drivesdk; https://drive.google.com/file/d/1txc1Lr3FCuU11QWDHirm5QNKIwIFe4XJ/view?usp=drivesdk; https://drive.google.com/file/d/12aB5DXJuy4fdFTqROrdQRNfj2DlPKyoU/view?usp=drivesdk",sem_material,link_preservado_nao_testado,nao_inspecionado,aguardar_material,"sem_arquivos_locais"
aula-mod-5-22,Método Tríade,mod-12,"12. Nível Master — Expressão, Blues e Harmonização","Violão - 18.1 - Dedilhado Vai e Vem (Pág 47) (batida)",sem_material_local,0,0,0,0,0,0,0,"",sem_material,sem_link_remoto,nao_inspecionado,aguardar_material,"sem_arquivos_locais, sem_link_remoto"
aula-mod-5-23,Método Tríade,mod-12,"12. Nível Master — Expressão, Blues e Harmonização","Violão - 18.2 - Dedilhado vai e vem - Você (Pág 47)",sem_material_local,0,0,0,0,0,0,0,"",sem_material,sem_link_remoto,nao_inspecionado,aguardar_material,"sem_arquivos_locais, sem_link_remoto"
aula-mod-5-2,Método Tríade,mod-12,"12. Nível Master — Expressão, Blues e Harmonização","13 - Violão - 18.4 - A Notação mais FÁCIL do mundo",sem_material_local,0,0,0,0,0,0,1,"https://drive.google.com/file/d/18hCF5CWPN8vOAJjDZBJ_G5lmd4z_Sfqf/view?usp=drivesdk",sem_material,link_preservado_nao_testado,nao_inspecionado,aguardar_material,"sem_arquivos_locais"
aula-mod-5-3,Método Tríade,mod-12,"12. Nível Master — Expressão, Blues e Harmonização","14 - Violão - 18.5 - UPGRADE 6.0 simplificando acordes",sem_material_local,0,0,0,0,0,0,1,"https://drive.google.com/file/d/1xZcZZlyQtfvZ_a-MOMGk_ASMx6uZg952/view?usp=drivesdk",sem_material,link_preservado_nao_testado,nao_inspecionado,aguardar_material,"sem_arquivos_locais"
aula-mod-5-4,Método Tríade,mod-12,"12. Nível Master — Expressão, Blues e Harmonização","15 - UPGRADE 7.0 Violão - 18.6 Quais cordas dedilhar",sem_material_local,0,0,0,0,0,0,1,"https://drive.google.com/file/d/1FXOuF_Aty8H9xZ9E0G544d-do41V7dgf/view?usp=drivesdk",sem_material,link_preservado_nao_testado,nao_inspecionado,aguardar_material,"sem_arquivos_locais"
aula-mod-5-5,Método Tríade,mod-12,"12. Nível Master — Expressão, Blues e Harmonização","16 - UPGRADE 7.0 Violão 18.7 Momento GOSPEL - Aleluia",sem_material_local,0,0,0,0,0,0,2,"https://drive.google.com/file/d/1XmG436fQmC1s4vc1l30EYPIwzKHHHyoJ/view?usp=drivesdk; https://drive.google.com/file/d/1Fyg4GFc84C4QtRUCvA_PO2JXGS1XPwN3/view?usp=drivesdk",sem_material,link_preservado_nao_testado,nao_inspecionado,aguardar_material,"sem_arquivos_locais"
aula-mod-5-6,Método Tríade,mod-12,"12. Nível Master — Expressão, Blues e Harmonização","17 - UPGRADE 7.0 Violão 18.8 Aleluia com I.A",sem_material_local,0,0,0,0,0,0,2,"https://drive.google.com/file/d/1H_K5VgfMpMSZkqvJjxxfQUTt8BQK0LQ2/view?usp=drivesdk; https://drive.google.com/file/d/1dUExJtvLKV-wp_4lbzBceWHzr2Uruupu/view?usp=drivesdk",sem_material,link_preservado_nao_testado,nao_inspecionado,aguardar_material,"sem_arquivos_locais"
aula-mod-5-7,Método Tríade,mod-12,"12. Nível Master — Expressão, Blues e Harmonização","19 - Violão - 19.1 - VILAREJO",aula_pratica,3,0,0,0,0,3,3,"https://drive.google.com/file/d/1onjp6tyyXEIQnqvqXExNafvJ6XA-_GEP/view?usp=drivesdk; https://drive.google.com/file/d/1gX_m6CE3t9cwLiJs7arCcuOrCXdDhWWr/view?usp=drivesdk; https://drive.google.com/file/d/17RweEZ0AOfN7G15ngn69y9e903wNmMZs/view?usp=drivesdk",disponivel,link_preservado_nao_testado,metadados_catalogo,manter_aula_individual,""
aula-mod-5-8,Método Tríade,mod-12,"12. Nível Master — Expressão, Blues e Harmonização","20 - Violão - 19.2 - TOCA que EU CANTO! - VILAREJO",sem_material_local,0,0,0,0,0,0,1,"https://drive.google.com/file/d/11tX_QJ09q578sDfPJTRapKg1ITaKK2K1/view?usp=drivesdk",sem_material,link_preservado_nao_testado,nao_inspecionado,aguardar_material,"sem_arquivos_locais"
aula-mod-5-27,Método Tríade,mod-12,"12. Nível Master — Expressão, Blues e Harmonização","Violão - 19.4 - Leitura Oitava Completa (Pág 51)",sem_material_local,0,0,0,0,0,0,0,"",sem_material,sem_link_remoto,nao_inspecionado,aguardar_material,"sem_arquivos_locais, sem_link_remoto"
aula-mod-5-28,Método Tríade,mod-12,"12. Nível Master — Expressão, Blues e Harmonização","Violão - 19.5 - Trenzinho C. Villa Lobos  (Pág 51)",sem_material_local,0,0,0,0,0,0,0,"",sem_material,sem_link_remoto,nao_inspecionado,aguardar_material,"sem_arquivos_locais, sem_link_remoto"
aula-mod-5-9,Método Tríade,mod-12,"12. Nível Master — Expressão, Blues e Harmonização","24 - 19.6 UPGRADE 6.0 Revisão DOMINE o BRAÇO - Onde está a",sem_material_local,0,0,0,0,0,0,1,"https://drive.google.com/file/d/1mI40Ql8HsrhdhGu4UT1nh4Yi5hVQwLte/view?usp=drivesdk",sem_material,link_preservado_nao_testado,nao_inspecionado,aguardar_material,"sem_arquivos_locais"
aula-mod-5-10,Método Tríade,mod-12,"12. Nível Master — Expressão, Blues e Harmonização","25 - UPGRADE 5.0 19.6 - MOMENTO GOSPEL Lindo és (+Variaçã",sem_material_local,0,0,0,0,0,0,3,"https://drive.google.com/file/d/1RqH5gl6s5rmnxknWPPdulS5DpQgds2f7/view?usp=drivesdk; https://drive.google.com/file/d/1ivrx7i7J5Fz8fy38sDl2QmMKTcRI1RDC/view?usp=drivesdk; https://drive.google.com/file/d/1MFeG9c_v5BN8PdKMJTADIHLesjYxzMk7/view?usp=drivesdk",sem_material,link_preservado_nao_testado,nao_inspecionado,aguardar_material,"sem_arquivos_locais"
aula-mod-5-31,Método Tríade,mod-12,"12. Nível Master — Expressão, Blues e Harmonização","Violão - 20.2 - FINGERSTYLE (Natalina)",sem_material_local,0,0,0,0,0,0,0,"",sem_material,sem_link_remoto,nao_inspecionado,aguardar_material,"sem_arquivos_locais, sem_link_remoto"
aula-mod-5-34,Método Tríade,mod-12,"12. Nível Master — Expressão, Blues e Harmonização","Violão - 20.5 - BÔNUS! Fingerstyle de _LINDA_ (Roupa Nov",aula_pratica,2,1,2,1,0,6,0,"",disponivel,sem_link_remoto,legenda_indexada,integrar_aula,""
aula-mod-5-35,Método Tríade,mod-12,"12. Nível Master — Expressão, Blues e Harmonização","20.6 - HIPER DETALHAMENTO- Me Chama",aula_pratica,1,0,1,0,0,2,0,"",disponivel,sem_link_remoto,legenda_indexada,manter_aula_individual,""
aula-mod-5-11,Método Tríade,mod-12,"12. Nível Master — Expressão, Blues e Harmonização","33 - UPGRADE 7.0 20.7 - VIOLÁO - Como DECORAR",sem_material_local,0,0,0,0,0,0,1,"https://drive.google.com/file/d/1IYTMbWYbDm76eGWDWZonHvgZU0ylQX5f/view?usp=drivesdk",sem_material,link_preservado_nao_testado,nao_inspecionado,aguardar_material,"sem_arquivos_locais"
aula-mod-5-12,Método Tríade,mod-12,"12. Nível Master — Expressão, Blues e Harmonização","34 - UPGRADE 8.0 Pra Melhorar - Marisa monte",sem_material_local,0,0,0,0,0,0,3,"https://drive.google.com/file/d/1jGV_CNDl3hPzVuP_0HbDppbp_Hy9B_Mw/view?usp=drivesdk; https://drive.google.com/file/d/1Rh6VLprrv2DexBCCPwnCyA5CkXGRfgVu/view?usp=drivesdk; https://drive.google.com/file/d/1BUKP9eWX5Y5wQwT7nfG-5y4szlHmcyWO/view?usp=drivesdk",sem_material,link_preservado_nao_testado,nao_inspecionado,aguardar_material,"sem_arquivos_locais"
aula-mod-5-13,Método Tríade,mod-12,"12. Nível Master — Expressão, Blues e Harmonização","35 - UPGRADE 8.0 TOCA QUE EU CANTO - Pra Melhorar",aula_pratica,1,0,0,1,0,2,1,"https://drive.google.com/file/d/13N4WLJPP_XgwO1iB87qc_pWwf8dLSU5R/view?usp=drivesdk",disponivel,link_preservado_nao_testado,metadados_catalogo,integrar_aula,""
aula-mod-9-1,Método Tríade,mod-12,"12. Nível Master — Expressão, Blues e Harmonização","02 - Violão - 36.1 Dedilhado BLOCADO 1 - Careless UPGRADE 5",sem_material_local,0,0,0,0,0,0,2,"https://drive.google.com/file/d/12wpE7HrUzyHYxSBGveRQpAY7IIdvxqvg/view?usp=drivesdk; https://drive.google.com/file/d/1q0yIp2i8EfrD4Ye2Kh5bCKeYVPju1J9i/view?usp=drivesdk",sem_material,link_preservado_nao_testado,nao_inspecionado,aguardar_material,"sem_arquivos_locais"
aula-mod-9-2,Método Tríade,mod-12,"12. Nível Master — Expressão, Blues e Harmonização","03 - Violão - 36.2 Dedilhado BLOCADO 1 Variação Final UPGR",aula_pratica,1,1,1,0,0,3,1,"https://drive.google.com/file/d/1zi8D9uf8Oha2OjXJzNDgohmwPTfsvMDD/view?usp=drivesdk",disponivel,link_preservado_nao_testado,legenda_indexada,manter_aula_individual,""
aula-mod-9-3,Método Tríade,mod-12,"12. Nível Master — Expressão, Blues e Harmonização","04 - Violão - 36.3 CHAMA o SAX! - Levada Blocada 01 UPGRADE",aula_pratica,1,0,1,0,0,2,1,"https://drive.google.com/file/d/1LtwmF_qKyWoy22anPoSVYdCGq4sv6U6X/view?usp=drivesdk",disponivel,link_preservado_nao_testado,legenda_indexada,integrar_aula,""
aula-mod-9-15,Método Tríade,mod-12,"12. Nível Master — Expressão, Blues e Harmonização","Violão - 37 _Explicação da Prova Prática",aula_pratica,1,0,1,0,0,2,0,"",disponivel,sem_link_remoto,legenda_indexada,manter_aula_individual,""
aula-mod-9-5,Método Tríade,mod-12,"12. Nível Master — Expressão, Blues e Harmonização","08 - UPGRADE 8.0 - 2025 38.2 Sofrência Avançada (Bolero!) Tu",sem_material_local,0,0,0,0,0,0,2,"https://drive.google.com/file/d/1gwL0eSzDbHMLJANNXr7UuoNpTLiVxRzM/view?usp=drivesdk; https://drive.google.com/file/d/139yuqQb0TC6uZKU_67m4WX_rMCZrcoxJ/view?usp=drivesdk",sem_material,link_preservado_nao_testado,nao_inspecionado,aguardar_material,"sem_arquivos_locais"
aula-mod-9-6,Método Tríade,mod-12,"12. Nível Master — Expressão, Blues e Harmonização","09 - UPGRADE 8.0 - 2025 38.3 Fluência na Sofrência Avançada",aula_pratica,2,1,2,0,0,5,2,"https://drive.google.com/file/d/1ZVHs1AACijWdaJD7M9mt3X2Vt2fqYDb3/view?usp=drivesdk; https://drive.google.com/file/d/1xEMjISWTHsgv60BuOq3g6h02_jf3Th1O/view?usp=drivesdk",disponivel,link_preservado_nao_testado,legenda_indexada,integrar_aula,""
aula-mod-9-7,Método Tríade,mod-12,"12. Nível Master — Expressão, Blues e Harmonização","10 - VERSÁO 4.0 Violão 39.1 - Revisão Intevalos no Braço",sem_material_local,0,0,0,0,0,0,1,"https://drive.google.com/file/d/1Ita_C_BrVKLFrVqHtPJDRrD7HkNK7nKG/view?usp=drivesdk",sem_material,link_preservado_nao_testado,nao_inspecionado,aguardar_material,"sem_arquivos_locais"
aula-mod-9-9,Método Tríade,mod-12,"12. Nível Master — Expressão, Blues e Harmonização","12 - Violão - 39.3 - 9's em TRÍADES de 5a corda",aula_teorica,2,0,2,0,0,4,1,"https://drive.google.com/file/d/1CDhGqrC-27WdHMu0dRG6O63WBoxeqweN/view?usp=drivesdk",disponivel,link_preservado_nao_testado,legenda_indexada,manter_aula_individual,""
aula-mod-11-1,Método Tríade,mod-12,"12. Nível Master — Expressão, Blues e Harmonização","01 - SORTEIO VIOLÁO [30 07 2026]",suporte_administrativo,0,0,0,1,0,1,0,"",parcial,sem_link_remoto,metadados_catalogo,avaliar_descarte_administrativo,"apenas_documentacao_sem_midia, item_administrativo, sem_link_remoto"
aula-mod-11-2,Método Tríade,mod-12,"12. Nível Master — Expressão, Blues e Harmonização","02 - AULA LIVE [30 07 2026]",aula_pratica,3,0,0,1,0,4,0,"",disponivel,sem_link_remoto,metadados_catalogo,manter_aula_individual,""
aula-kaiser-73-1-introducao-composicao-e-improvisacao,Kaiserplay,mod-12,"12. Nível Master — Expressão, Blues e Harmonização","1. Introdução_ Composição e Improvisação",orientacao,1,0,0,1,0,2,0,"",disponivel,sem_link_remoto,metadados_catalogo,revisao_apoio,""
aula-kaiser-74-10-dica-de-composicao-domine-o-braco-do-,Kaiserplay,mod-12,"12. Nível Master — Expressão, Blues e Harmonização","10. Dica de COMPOSIÇÃO_ Domine o Braço do Violão",aula_pratica,1,0,0,0,0,2,0,"",disponivel,sem_link_remoto,metadados_catalogo,manter_aula_individual,""
aula-kaiser-75-11-improviso-em-dominantes-secundarios,Kaiserplay,mod-12,"12. Nível Master — Expressão, Blues e Harmonização","11. Improviso em DOMINANTES SECUNDÁRIOS",aula_pratica,8,0,0,1,1,10,0,"",disponivel,sem_link_remoto,metadados_catalogo,manter_aula_individual,"contem_arquivos_part"
aula-kaiser-76-12-exemplo-de-improviso-em-dominantes-se,Kaiserplay,mod-12,"12. Nível Master — Expressão, Blues e Harmonização","12. EXEMPLO de improviso em Dominantes Secundários",aula_pratica,1,0,0,1,0,2,0,"",disponivel,sem_link_remoto,metadados_catalogo,manter_aula_individual,""
aula-kaiser-77-13-improviso-em-subdominantes-secundario,Kaiserplay,mod-12,"12. Nível Master — Expressão, Blues e Harmonização","13. Improviso em SUBDOMINANTES SECUNDÁRIOS",aula_pratica,1,0,0,1,0,2,0,"",disponivel,sem_link_remoto,metadados_catalogo,manter_aula_individual,""
aula-kaiser-78-14-improviso-em-dominantes-substitutos-s,Kaiserplay,mod-12,"12. Nível Master — Expressão, Blues e Harmonização","14. Improviso em DOMINANTES SUBSTITUTOS (SubV7)",aula_pratica,2,0,0,1,2,5,0,"",disponivel,sem_link_remoto,metadados_catalogo,manter_aula_individual,""
aula-kaiser-79-15-exemplo-de-improviso-em-dominantes-su,Kaiserplay,mod-12,"12. Nível Master — Expressão, Blues e Harmonização","15. EXEMPLO de improviso em Dominantes Substitutos",aula_pratica,1,0,0,1,0,2,0,"",disponivel,sem_link_remoto,metadados_catalogo,manter_aula_individual,""
aula-kaiser-80-16-improvisacao-em-diminutos,Kaiserplay,mod-12,"12. Nível Master — Expressão, Blues e Harmonização","16. Improvisação em DIMINUTOS",aula_pratica,3,0,0,1,2,6,0,"",disponivel,sem_link_remoto,metadados_catalogo,manter_aula_individual,""
aula-kaiser-81-17-exemplo-de-improviso-em-diminutos,Kaiserplay,mod-12,"12. Nível Master — Expressão, Blues e Harmonização","17. EXEMPLO de Improviso em Diminutos",aula_pratica,1,0,0,1,0,2,0,"",disponivel,sem_link_remoto,metadados_catalogo,manter_aula_individual,""
aula-kaiser-82-18-escalas-horizontais,Kaiserplay,mod-12,"12. Nível Master — Expressão, Blues e Harmonização","18. Escalas Horizontais",aula_teorica,1,0,0,0,0,2,0,"",disponivel,sem_link_remoto,metadados_catalogo,manter_aula_individual,""
aula-kaiser-83-2-desenvolva-sua-musicalidade,Kaiserplay,mod-12,"12. Nível Master — Expressão, Blues e Harmonização","2. Desenvolva sua musicalidade",repertorio,1,0,0,1,0,2,0,"",disponivel,sem_link_remoto,metadados_catalogo,manter_aula_individual,""
aula-kaiser-84-3-o-basico-do-basico,Kaiserplay,mod-12,"12. Nível Master — Expressão, Blues e Harmonização","3. O Básico do Básico",aula_pratica,1,0,0,1,0,2,0,"",disponivel,sem_link_remoto,metadados_catalogo,manter_aula_individual,""
aula-kaiser-85-4-aplicacoes-do-modo-mixolidio-resolucao,Kaiserplay,mod-12,"12. Nível Master — Expressão, Blues e Harmonização","4. Aplicações do Modo Mixolídio - Resolução em tons Maiores",aula_pratica,1,0,0,1,2,4,0,"",disponivel,sem_link_remoto,metadados_catalogo,manter_aula_individual,""
aula-kaiser-86-5-flamenco,Kaiserplay,mod-12,"12. Nível Master — Expressão, Blues e Harmonização","5. Flamenco",aula_pratica,1,0,0,1,0,2,0,"",disponivel,sem_link_remoto,metadados_catalogo,manter_aula_individual,""
aula-kaiser-87-6-funk-blues,Kaiserplay,mod-12,"12. Nível Master — Expressão, Blues e Harmonização","6. Funk Blues",aula_pratica,1,0,0,1,0,2,0,"",disponivel,sem_link_remoto,metadados_catalogo,manter_aula_individual,""
aula-kaiser-88-7-funk-com-modulacoes,Kaiserplay,mod-12,"12. Nível Master — Expressão, Blues e Harmonização","7. Funk com Modulações",aula_pratica,1,0,0,1,0,2,0,"",disponivel,sem_link_remoto,metadados_catalogo,manter_aula_individual,""
aula-kaiser-89-8-flamenco-cadencia-andaluza,Kaiserplay,mod-12,"12. Nível Master — Expressão, Blues e Harmonização","8. Flamenco (Cadência Andaluza)",aula_pratica,2,0,4,1,0,7,0,"",disponivel,sem_link_remoto,legenda_indexada,manter_aula_individual,""
aula-kaiser-90-9-samba,Kaiserplay,mod-12,"12. Nível Master — Expressão, Blues e Harmonização","9. Samba",aula_pratica,1,0,0,1,0,2,0,"",disponivel,sem_link_remoto,metadados_catalogo,manter_aula_individual,""
aula-kaiser-91-1-crie-novos-acordes,Kaiserplay,mod-12,"12. Nível Master — Expressão, Blues e Harmonização","1. CRIE NOVOS ACORDES",aula_pratica,1,0,0,1,0,2,0,"",disponivel,sem_link_remoto,metadados_catalogo,manter_aula_individual,""
aula-kaiser-92-2-padroes-ritmicos,Kaiserplay,mod-12,"12. Nível Master — Expressão, Blues e Harmonização","2. PADRÕES RÍTMICOS",aula_pratica,1,0,0,0,0,2,0,"",disponivel,sem_link_remoto,metadados_catalogo,manter_aula_individual,""
aula-kaiser-93-3-inspiracao-harmonica,Kaiserplay,mod-12,"12. Nível Master — Expressão, Blues e Harmonização","3. INSPIRAÇÃO HARMÔNICA",aula_pratica,1,0,0,0,0,2,0,"",disponivel,sem_link_remoto,metadados_catalogo,manter_aula_individual,""
aula-kaiser-94-4-composicao-precisa-de-treino,Kaiserplay,mod-12,"12. Nível Master — Expressão, Blues e Harmonização","4. Composição precisa de TREINO!",aula_pratica,1,0,0,0,0,2,0,"",disponivel,sem_link_remoto,metadados_catalogo,manter_aula_individual,""
aula-kaiser-115-1-209-arranjos-pra-violao,Kaiserplay,mod-12,"12. Nível Master — Expressão, Blues e Harmonização","1. 209 arranjos pra violão",aula_pratica,0,0,0,0,0,1,0,"",parcial,sem_link_remoto,metadados_catalogo,manter_aula_individual,"apenas_documentacao_sem_midia, sem_link_remoto"
aula-kaiser-116-1-ebook-a-arte-auditiva-do-violao,Kaiserplay,mod-12,"12. Nível Master — Expressão, Blues e Harmonização","1. Ebook_ A Arte Auditiva do Violão",aula_pratica,0,0,0,0,0,1,0,"",parcial,sem_link_remoto,metadados_catalogo,manter_aula_individual,"apenas_documentacao_sem_midia, sem_link_remoto"
aula-kaiser-128-1-formatos-do-blues,Kaiserplay,mod-12,"12. Nível Master — Expressão, Blues e Harmonização","1. Formatos do Blues",aula_pratica,1,0,0,1,8,10,0,"",disponivel,sem_link_remoto,metadados_catalogo,manter_aula_individual,""
aula-kaiser-129-2-escalas-do-blues,Kaiserplay,mod-12,"12. Nível Master — Expressão, Blues e Harmonização","2. Escalas do Blues",aula_teorica,1,0,0,1,0,2,0,"",disponivel,sem_link_remoto,metadados_catalogo,manter_aula_individual,""
aula-kaiser-130-3-bases-pra-solar-blues-maior,Kaiserplay,mod-12,"12. Nível Master — Expressão, Blues e Harmonização","3. Bases pra Solar BLUES MAIOR",aula_pratica,1,0,0,1,0,2,0,"",disponivel,sem_link_remoto,metadados_catalogo,manter_aula_individual,""
aula-kaiser-131-4-bases-para-solar-blues-menor,Kaiserplay,mod-12,"12. Nível Master — Expressão, Blues e Harmonização","4. Bases para Solar BLUES MENOR",aula_pratica,1,0,0,1,0,2,0,"",disponivel,sem_link_remoto,metadados_catalogo,manter_aula_individual,""
aula-kaiser-132-5-turnarounds,Kaiserplay,mod-12,"12. Nível Master — Expressão, Blues e Harmonização","5. Turnarounds",aula_pratica,1,1,0,0,1,4,0,"",disponivel,sem_link_remoto,metadados_catalogo,manter_aula_individual,"contem_arquivos_part"
aula-kaiser-133-6-ritmos-do-blues,Kaiserplay,mod-12,"12. Nível Master — Expressão, Blues e Harmonização","6. Ritmos do Blues",aula_pratica,1,0,0,0,0,2,0,"",disponivel,sem_link_remoto,metadados_catalogo,manter_aula_individual,""
aula-kaiser-134-7-exercicio-de-blues,Kaiserplay,mod-12,"12. Nível Master — Expressão, Blues e Harmonização","7. Exercício de Blues",aula_pratica,2,0,0,1,0,3,0,"",disponivel,sem_link_remoto,metadados_catalogo,manter_aula_individual,""
aula-kaiser-135-8-aprenda-um-blues-fingerstyle,Kaiserplay,mod-12,"12. Nível Master — Expressão, Blues e Harmonização","8. Aprenda um Blues Fingerstyle",aula_pratica,1,0,0,1,0,2,0,"",disponivel,sem_link_remoto,metadados_catalogo,manter_aula_individual,""
aula-kaiser-259-1-choro-chorado-pra-paulinho-nogueira,Kaiserplay,mod-12,"12. Nível Master — Expressão, Blues e Harmonização","1. Choro Chorado pra Paulinho Nogueira",repertorio,2,0,0,1,0,3,0,"",disponivel,sem_link_remoto,metadados_catalogo,manter_aula_individual,""
aula-kaiser-260-2-jerry-s-breakdown-musica-country,Kaiserplay,mod-12,"12. Nível Master — Expressão, Blues e Harmonização","2. Jerry´s Breakdown (Música Country)",repertorio,2,0,0,1,0,3,0,"",disponivel,sem_link_remoto,metadados_catalogo,manter_aula_individual,""
aula-kaiser-261-3-luiza-tom-jobim-arranjo-raphael-rabell,Kaiserplay,mod-12,"12. Nível Master — Expressão, Blues e Harmonização","3. Luiza (Tom Jobim) -  Arranjo Raphael Rabello",aula_pratica,2,0,1,1,0,4,0,"",disponivel,sem_link_remoto,legenda_indexada,manter_aula_individual,""
aula-kaiser-262-4-samba-em-preludio-versao-paulinho-nogu,Kaiserplay,mod-12,"12. Nível Master — Expressão, Blues e Harmonização","4. Samba em Prelúdio _ Versão Paulinho Nogueira",aula_pratica,2,0,3,1,0,6,0,"",disponivel,sem_link_remoto,legenda_indexada,manter_aula_individual,""
aula-kaiser-263-5-lamentos-do-morro-garoto,Kaiserplay,mod-12,"12. Nível Master — Expressão, Blues e Harmonização","5. Lamentos do Morro (Garoto)",aula_pratica,2,0,0,1,0,3,0,"",disponivel,sem_link_remoto,metadados_catalogo,manter_aula_individual,""
aula-kaiser-264-6-cheio-de-dedos-guinga,Kaiserplay,mod-12,"12. Nível Master — Expressão, Blues e Harmonização","6. Cheio de Dedos (Guinga)",aula_pratica,2,0,0,1,0,3,0,"",disponivel,sem_link_remoto,metadados_catalogo,manter_aula_individual,""
aula-kaiser-265-7-tico-tico-no-fuba-zequinha-de-abreu,Kaiserplay,mod-12,"12. Nível Master — Expressão, Blues e Harmonização","7. Tico-tico no Fubá (Zequinha de Abreu)",aula_pratica,2,0,1,1,0,4,0,"",disponivel,sem_link_remoto,legenda_indexada,manter_aula_individual,""
aula-kaiser-266-8-mediterranean-sundance-al-di-meola,Kaiserplay,mod-12,"12. Nível Master — Expressão, Blues e Harmonização","8. Mediterranean Sundance (Al Di Meola)",aula_pratica,2,0,0,1,0,3,0,"",disponivel,sem_link_remoto,metadados_catalogo,manter_aula_individual,""
aula-mod-1-32,Método Tríade,mod-12,"12. Nível Master — Expressão, Blues e Harmonização","32 - Violão - 4.6 - Com qual dedo",aula_pratica,1,0,1,0,0,2,1,"https://drive.google.com/file/d/16DhUx1HiiUIOug258lVMLaNr4c-oBwqy/view?usp=drivesdk",disponivel,link_preservado_nao_testado,legenda_indexada,manter_aula_individual,""
aula-mod-1-33,Método Tríade,mod-12,"12. Nível Master — Expressão, Blues e Harmonização","33 - Violão - 4.7 - TOCA que eu CANTO - POP Básica (Wicked Ga",aula_pratica,3,0,3,1,0,7,3,"https://drive.google.com/file/d/1EWRd5LKw8rg40C6D825wgOiwkH6CnP87/view?usp=drivesdk; https://drive.google.com/file/d/1f2ic9z-gg94ARycTU5B6PcD4EpADBgle/view?usp=drivesdk; https://drive.google.com/file/d/1OPtJpynCllOcfn4F4N0IU7RE6qiwP660/view?usp=drivesdk",disponivel,link_preservado_nao_testado,legenda_indexada,manter_aula_individual,""
aula-mod-1-34,Método Tríade,mod-12,"12. Nível Master — Expressão, Blues e Harmonização","34 - Violão - 4.8 - BÔNUS - MOMENTO GOSPEL -",aula_pratica,1,1,1,1,0,4,2,"https://drive.google.com/file/d/1jCp5gBS0SqAFtmAtdMyFuk8jPJb1-0O1/view?usp=drivesdk; https://drive.google.com/file/d/1MzZCppk7ZsVjvZtGOkizZ2xPqp70Y2gc/view?usp=drivesdk",disponivel,link_preservado_nao_testado,legenda_indexada,integrar_aula,""
aula-mod-1-35,Método Tríade,mod-12,"12. Nível Master — Expressão, Blues e Harmonização","35 - Violão - 4.9 - Bônus - Músicas inteiras",repertorio,1,0,1,1,0,3,1,"https://drive.google.com/file/d/1bA0anW4oKYL3Iy83JITi9LXrXM6QO914/view?usp=drivesdk",disponivel,link_preservado_nao_testado,legenda_indexada,integrar_aula,""
aula-mod-1-36,Método Tríade,mod-12,"12. Nível Master — Expressão, Blues e Harmonização","36 - Violão - 4.10 - Bônus - Knocking on Heavens Door (Pág 05",aula_pratica,1,0,1,0,0,2,1,"https://drive.google.com/file/d/1ZOjE-WZNETV2vBFVFhaw4-pMQBWDgGd4/view?usp=drivesdk",disponivel,link_preservado_nao_testado,legenda_indexada,integrar_aula,""
aula-mod-1-37,Método Tríade,mod-12,"12. Nível Master — Expressão, Blues e Harmonização","37 - Violão - 4.11- Bônus - É o Amor (Pág 06)",aula_pratica,1,0,1,0,1,3,1,"https://drive.google.com/file/d/1IJJHwwbkXenZVQ74196CNZZYdGCrPdXZ/view?usp=drivesdk",disponivel,link_preservado_nao_testado,legenda_indexada,integrar_aula,""
aula-mod-1-38,Método Tríade,mod-12,"12. Nível Master — Expressão, Blues e Harmonização","38 - Violão - 4.12 - Bônus - Let it Be (Pág 06)",repertorio,1,0,1,0,0,2,1,"https://drive.google.com/file/d/1If6QCgyEyriX8JN4fKi9ZF2ahKg7S7sa/view?usp=drivesdk",disponivel,link_preservado_nao_testado,legenda_indexada,integrar_aula,""
aula-mod-1-39,Método Tríade,mod-12,"12. Nível Master — Expressão, Blues e Harmonização","39 - Violão - 4.13 - Bônus - Ovelha Negra (Pág 08)",repertorio,1,0,1,0,0,2,1,"https://drive.google.com/file/d/10WI3oq-CjAjgAC4qzbEMHBP59_ER9DGk/view?usp=drivesdk",disponivel,link_preservado_nao_testado,legenda_indexada,integrar_aula,""
aula-mod-1-40,Método Tríade,mod-12,"12. Nível Master — Expressão, Blues e Harmonização","40 - Violão - 4.14 - Bônus - Patience (Pág 09)",aula_pratica,1,0,1,1,0,3,1,"https://drive.google.com/file/d/17cR_DCFQtBlEBv2CNx5W5NgI6x3mqr19/view?usp=drivesdk",disponivel,link_preservado_nao_testado,legenda_indexada,integrar_aula,""
aula-mod-1-41,Método Tríade,mod-12,"12. Nível Master — Expressão, Blues e Harmonização","41 - BÔNUS versão AO VIVO H P - Aula 1 Noções Básicas de Ri",percepcao_auditiva,2,0,2,1,0,5,2,"https://drive.google.com/file/d/11A_Hxa4jeGI5ErYj77dLjQ58YgN5PWow/view?usp=drivesdk; https://drive.google.com/file/d/1JOMcjH3NVqU2inp3A8RgCXR28ff7dESj/view?usp=drivesdk",disponivel,link_preservado_nao_testado,legenda_indexada,integrar_aula,""
aula-mod-1-42,Método Tríade,mod-12,"12. Nível Master — Expressão, Blues e Harmonização","42 - BÔNUS versão AO VIVO H P - Aula 2 - H P Compassos",percepcao_auditiva,2,0,2,1,0,5,2,"https://drive.google.com/file/d/1i0YwS_7JYI0B5HKzb3CUhhGlNpMTusES/view?usp=drivesdk; https://drive.google.com/file/d/1tP-HQAMwe5J1cp30dGiNyPCRH3fMKrvE/view?usp=drivesdk",disponivel,link_preservado_nao_testado,legenda_indexada,integrar_aula,""
aula-mod-1-44,Método Tríade,mod-12,"12. Nível Master — Expressão, Blues e Harmonização","44 - BÔNUS versão AO VIVO H P - Aula 4 As Notas Musicais (P",percepcao_auditiva,3,0,3,1,0,7,3,"https://drive.google.com/file/d/1ZqsLsdliqFvk6H3wSUqXLXsAnFA7oyl1/view?usp=drivesdk; https://drive.google.com/file/d/1YDgxfUW8X_MbLQ5UgvsUQKYkGnAmvnJK/view?usp=drivesdk; https://drive.google.com/file/d/15hMzq1dkHiziQXqlxxjeQXygeIJeb5qp/view?usp=drivesdk",disponivel,link_preservado_nao_testado,legenda_indexada,integrar_aula,""
aula-mod-1-45,Método Tríade,mod-12,"12. Nível Master — Expressão, Blues e Harmonização","45 - Você é CANHOTO Qual a forma CERTA de aprender (UPGRADE",aula_pratica,1,0,0,0,0,1,1,"https://drive.google.com/file/d/1Esk1Bf45cLKAdZFwSCHN569KOJM7qJs8/view?usp=drivesdk",disponivel,link_preservado_nao_testado,metadados_catalogo,integrar_aula,""
aula-mod-1-46,Método Tríade,mod-12,"12. Nível Master — Expressão, Blues e Harmonização","46 - Trilhas",aula_pratica,1,0,1,0,0,2,1,"https://drive.google.com/file/d/1Fx3ripEvo9PqrsUyG2ndDLO5F2VFwDJ1/view?usp=drivesdk",disponivel,link_preservado_nao_testado,legenda_indexada,manter_aula_individual,""
aula-mod-2-27,Método Tríade,mod-12,"12. Nível Master — Expressão, Blues e Harmonização","28 - Violão - 8.9.2 - Bônus Como Eu Quero",aula_pratica,1,1,1,1,0,4,1,"https://drive.google.com/file/d/1460a5SfMuBZitKsDfXDUBcR8t2O-taZF/view?usp=drivesdk",disponivel,link_preservado_nao_testado,legenda_indexada,integrar_aula,""
aula-mod-2-28,Método Tríade,mod-12,"12. Nível Master — Expressão, Blues e Harmonização","29 - Violão - 8.9.2 - Bônus Menina Veneno",aula_pratica,1,0,1,1,0,3,1,"https://drive.google.com/file/d/1s-aLwGEm3ptP0PHwyuEZWCp_BL8eM1SJ/view?usp=drivesdk",disponivel,link_preservado_nao_testado,legenda_indexada,integrar_aula,""
aula-mod-2-29,Método Tríade,mod-12,"12. Nível Master — Expressão, Blues e Harmonização","30 - Violão - 8.9.3 - Bônus Natasha",aula_pratica,1,0,1,1,0,3,1,"https://drive.google.com/file/d/1HWLPSQGya7YkXvfd82UJupFaCxl3r5qw/view?usp=drivesdk",disponivel,link_preservado_nao_testado,legenda_indexada,integrar_aula,""
aula-mod-2-30,Método Tríade,mod-12,"12. Nível Master — Expressão, Blues e Harmonização","31 - Violão - 8.9.4 - Bônus Que País é esse",aula_pratica,1,0,1,0,0,2,1,"https://drive.google.com/file/d/1XYlPgPbavvOe7t66oFNGoSQMtLt1njvX/view?usp=drivesdk",disponivel,link_preservado_nao_testado,legenda_indexada,integrar_aula,""
aula-mod-2-31,Método Tríade,mod-12,"12. Nível Master — Expressão, Blues e Harmonização","32 - 08.10 - Hiper detalhamento - Batida Rock Inglês - Mais u",aula_pratica,1,0,1,0,0,2,2,"https://drive.google.com/file/d/1A7B_eMNfEEJzmCjPPRxxf044-Oxg127H/view?usp=drivesdk; https://drive.google.com/file/d/1uYf8nOy1EBjwkEPw8Gji3leilHU86RFa/view?usp=drivesdk",disponivel,link_preservado_nao_testado,legenda_indexada,manter_aula_individual,""
aula-mod-2-35,Método Tríade,mod-12,"12. Nível Master — Expressão, Blues e Harmonização","36 - BÔNUS versão AO VIVO H P - 7 - Id. Acordes Maiores e Men",percepcao_auditiva,1,0,1,0,0,2,1,"https://drive.google.com/file/d/1Bjzs7wcrgx8Smk0Leps6esNlAfnzWGry/view?usp=drivesdk",disponivel,link_preservado_nao_testado,legenda_indexada,integrar_aula,""
aula-mod-2-37,Método Tríade,mod-12,"12. Nível Master — Expressão, Blues e Harmonização","38 - UPGRADE 6.0 Parabéns pra Você em 3 Níveis de Complexid",aula_pratica,1,0,1,1,0,3,1,"https://drive.google.com/file/d/1GNlkuH6Qx0SQqGlWbuvSOtlzVlE_Tc7h/view?usp=drivesdk",disponivel,link_preservado_nao_testado,legenda_indexada,integrar_aula,""
aula-mod-3-43,Método Tríade,mod-12,"12. Nível Master — Expressão, Blues e Harmonização","Quiz para ir ao mês 3",quiz,1,1,1,0,0,3,0,"",disponivel,sem_link_remoto,legenda_indexada,avaliar_descarte_administrativo,"quiz_plataforma"
aula-mod-3-1,Método Tríade,mod-12,"12. Nível Master — Expressão, Blues e Harmonização","02 - Violão - 9.1 - O que veremos no mês 3",sem_material_local,0,0,0,0,0,0,1,"https://drive.google.com/file/d/1HyfIxl8WivGUHGCI0NQCq7ZNCuo997OU/view?usp=drivesdk",sem_material,link_preservado_nao_testado,nao_inspecionado,aguardar_material,"sem_arquivos_locais"
aula-mod-3-2,Método Tríade,mod-12,"12. Nível Master — Expressão, Blues e Harmonização","03 - H P - 9.1 - Revisão id. Acordes Maiores e Menores",percepcao_auditiva,1,0,1,0,0,2,1,"https://drive.google.com/file/d/1q_51bBzLvET0Vk0VYEa08sdho3rfzkXr/view?usp=drivesdk",disponivel,link_preservado_nao_testado,legenda_indexada,manter_aula_individual,""
aula-mod-3-3,Método Tríade,mod-12,"12. Nível Master — Expressão, Blues e Harmonização","04 - H P - 9.2 - Figuras Rítmicas (todas) Pág 23",percepcao_auditiva,1,0,1,0,0,2,3,"https://drive.google.com/file/d/1W9nSNShpps_i7pZm-NfCV0SRv3qMwJXz/view?usp=drivesdk; https://drive.google.com/file/d/13xFnwSSGUx3CwewMMxpbU8sEUkW8pJRY/view?usp=drivesdk; https://drive.google.com/file/d/1jvP8OWZqO6meZs4ecTXD9I-1KxHz4kAo/view?usp=drivesdk",disponivel,link_preservado_nao_testado,legenda_indexada,manter_aula_individual,""
aula-mod-3-5,Método Tríade,mod-12,"12. Nível Master — Expressão, Blues e Harmonização","06 - Violão - 9.3 TOCA que eu CANTO Mais uma de Amor",aula_pratica,1,0,1,1,0,3,1,"https://drive.google.com/file/d/1vFYznIzDNli9d1p2thB-pVMmsMiZs8Jk/view?usp=drivesdk",disponivel,link_preservado_nao_testado,legenda_indexada,manter_aula_individual,""
aula-mod-3-6,Método Tríade,mod-12,"12. Nível Master — Expressão, Blues e Harmonização","07 - Violão - 9.4 Batida Rock Inglês Variação",aula_pratica,1,0,1,1,0,3,1,"https://drive.google.com/file/d/1zcdy19GvYFlgAF28S2VqkychQWwIvk7S/view?usp=drivesdk",disponivel,link_preservado_nao_testado,legenda_indexada,manter_aula_individual,""
aula-mod-3-7,Método Tríade,mod-12,"12. Nível Master — Expressão, Blues e Harmonização","08 - Violão - 9.5 - VOCÊ SABIA -",aula_pratica,1,0,1,0,0,2,1,"https://drive.google.com/file/d/13EYTn2u6AYpUaeUm_GibHgCA9Jy3G8Lp/view?usp=drivesdk",disponivel,link_preservado_nao_testado,legenda_indexada,manter_aula_individual,""
aula-mod-3-8,Método Tríade,mod-12,"12. Nível Master — Expressão, Blues e Harmonização","09 - Violão 9.6 BÔNUS Solinho Aonde quer que eu vá (Letra na",aula_pratica,1,0,1,1,0,3,1,"https://drive.google.com/file/d/1u4YBgDNgBpbLfF3BE3KGYtXAu_wIVYJ2/view?usp=drivesdk",disponivel,link_preservado_nao_testado,legenda_indexada,integrar_aula,""
aula-mod-6-20,Método Tríade,mod-12,"12. Nível Master — Expressão, Blues e Harmonização","Violão - 23.1 - Campo Harmômico na Prática",sem_material_local,0,0,0,0,0,0,0,"",sem_material,sem_link_remoto,nao_inspecionado,aguardar_material,"sem_arquivos_locais, sem_link_remoto"
aula-mod-6-21,Método Tríade,mod-12,"12. Nível Master — Expressão, Blues e Harmonização","Violão - 23.2 - Reggae (pág 62)",sem_material_local,0,0,0,0,0,0,0,"",sem_material,sem_link_remoto,nao_inspecionado,aguardar_material,"sem_arquivos_locais, sem_link_remoto"
aula-mod-6-22,Método Tríade,mod-12,"12. Nível Master — Expressão, Blues e Harmonização","_UPGRADE 5.0_ 23.3 Dedihado SIMPLES e acordes de UM dedo",sem_material_local,0,0,0,0,0,0,0,"",sem_material,sem_link_remoto,nao_inspecionado,aguardar_material,"sem_arquivos_locais, sem_link_remoto"
aula-mod-6-23,Método Tríade,mod-12,"12. Nível Master — Expressão, Blues e Harmonização","_UPGRADE 5.0_ 23.4 Entendendo os acordes 'simplificados'",sem_material_local,0,0,0,0,0,0,0,"",sem_material,sem_link_remoto,nao_inspecionado,aguardar_material,"sem_arquivos_locais, sem_link_remoto"
aula-mod-6-25,Método Tríade,mod-12,"12. Nível Master — Expressão, Blues e Harmonização","Violão - 24.1 - Levada Pop Swing",aula_pratica,2,0,2,0,0,4,0,"",disponivel,sem_link_remoto,legenda_indexada,manter_aula_individual,""
aula-mod-6-4,Método Tríade,mod-12,"12. Nível Master — Expressão, Blues e Harmonização","25 - Violão - 24.2 - Chama o FLAUTISTA - Mentiras (Dedilhado)",sem_material_local,0,0,0,0,0,0,2,"https://drive.google.com/file/d/1wyMszMDtr3WPq1owmuyQBG-B_kOsjuUm/view?usp=drivesdk; https://drive.google.com/file/d/14lav7LuPZ_cDyDEp1NVKZBkF7upfAbKj/view?usp=drivesdk",sem_material,link_preservado_nao_testado,nao_inspecionado,aguardar_material,"sem_arquivos_locais"
aula-mod-6-26,Método Tríade,mod-12,"12. Nível Master — Expressão, Blues e Harmonização","Violão - 24.3 - BÔNUS! Conheça o macete 151351",sem_material_local,0,0,0,0,0,0,0,"",sem_material,sem_link_remoto,nao_inspecionado,aguardar_material,"sem_arquivos_locais, sem_link_remoto"
aula-mod-6-27,Método Tríade,mod-12,"12. Nível Master — Expressão, Blues e Harmonização","Violão - 24.4 - BÔNUS_ Macete 151351 - AULA  2",sem_material_local,0,0,0,0,0,0,0,"",sem_material,sem_link_remoto,nao_inspecionado,aguardar_material,"sem_arquivos_locais, sem_link_remoto"
aula-mod-6-28,Método Tríade,mod-12,"12. Nível Master — Expressão, Blues e Harmonização","Violão - 24.5 - IMPRESSIONE a todos com este ROCK CLÁSSI",sem_material_local,0,0,0,0,0,0,0,"",sem_material,sem_link_remoto,nao_inspecionado,aguardar_material,"sem_arquivos_locais, sem_link_remoto"
aula-mod-6-29,Método Tríade,mod-12,"12. Nível Master — Expressão, Blues e Harmonização","Violão - 24.6 - LIMPEZA DEDILHADO MOTIVAÇÁO",sem_material_local,0,0,0,0,0,0,0,"",sem_material,sem_link_remoto,nao_inspecionado,aguardar_material,"sem_arquivos_locais, sem_link_remoto"
aula-mod-6-30,Método Tríade,mod-12,"12. Nível Master — Expressão, Blues e Harmonização","Violão - 24.7 - BÔNUS_ Escala PENTATÔNICA",sem_material_local,0,0,0,0,0,0,0,"",sem_material,sem_link_remoto,nao_inspecionado,aguardar_material,"sem_arquivos_locais, sem_link_remoto"