evidencia_id,entidade_id,tipo_entidade,fonte_tipo,referencia_arquivo_ou_id,afirmacao_ou_operacao_executada,status_verificacao,data_registro,observacoes
evid-dag-habilidades,mapa-habilidades,grafo_dag,MAPA-HABILIDADES.json,"MAPA-HABILIDADES.json",Grafo acíclico de 29 habilidades validado via algoritmo DFS recursivo sem nenhum ciclo,verificado_programatico,2026-09-14,Validado com 0 ciclos
evid-dag-aulas,aulas-propostas,grafo_dag,AULAS-PROPOSTAS.json,"AULAS-PROPOSTAS.json",Grafo acíclico de 33 propostas de aulas validado via algoritmo DFS recursivo sem nenhum ciclo,verificado_programatico,2026-09-14,Validado com 0 ciclos
evid-matriz-cobertura,matriz-cobertura,sistema,MATRIZ-FONTE-AULA.csv,"MATRIZ-FONTE-AULA.csv",Mapeamento exaustivo de todas as 631 entradas canônicas do catálogo original,verificado_programatico,2026-09-14,100% das entradas cobertas
evid-hab-hab-rit-001,hab-rit-001,habilidade,curriculo,MAPA-HABILIDADES.json,"Definição pedagógica de Manutenção de Pulso Isócrono no domínio ritmo",verificado_documental,2026-09-14,Habilidade cadastrada no DAG
evid-hab-hab-rit-002,hab-rit-002,habilidade,curriculo,MAPA-HABILIDADES.json,"Definição pedagógica de Subdivisão Rítmica de Colcheias no domínio ritmo",verificado_documental,2026-09-14,Habilidade cadastrada no DAG
evid-hab-hab-rit-003,hab-rit-003,habilidade,curriculo,MAPA-HABILIDADES.json,"Definição pedagógica de Execução da Levada Balada Básica no domínio ritmo",verificado_documental,2026-09-14,Habilidade cadastrada no DAG
evid-hab-hab-rit-004,hab-rit-004,habilidade,curriculo,MAPA-HABILIDADES.json,"Definição pedagógica de Levada com Elemento Percussivo (Thumb Slap) no domínio ritmo",verificado_documental,2026-09-14,Habilidade cadastrada no DAG
evid-hab-hab-rit-005,hab-rit-005,habilidade,curriculo,MAPA-HABILIDADES.json,"Definição pedagógica de Levada de Bossa Nova Básica (Estilo João Gilberto) no domínio ritmo",verificado_documental,2026-09-14,Habilidade cadastrada no DAG
evid-hab-hab-rit-006,hab-rit-006,habilidade,curriculo,MAPA-HABILIDADES.json,"Definição pedagógica de Levada de Samba e Condução de Choro no domínio ritmo",verificado_documental,2026-09-14,Habilidade cadastrada no DAG
evid-hab-hab-rit-007,hab-rit-007,habilidade,curriculo,MAPA-HABILIDADES.json,"Definição pedagógica de As Levadas de Baden Powell (Mão Direita) no domínio ritmo",verificado_documental,2026-09-14,Habilidade cadastrada no DAG
evid-hab-hab-ouv-001,hab-ouv-001,habilidade,curriculo,MAPA-HABILIDADES.json,"Definição pedagógica de Discriminação de Alturas Relativas (Grave vs. Agudo) no domínio ouvido",verificado_documental,2026-09-14,Habilidade cadastrada no DAG
evid-hab-hab-ouv-002,hab-ouv-002,habilidade,curriculo,MAPA-HABILIDADES.json,"Definição pedagógica de Reconhecimento Auditivo de Intervalos Diatônicos (2ªM e 3ªM) no domínio ouvido",verificado_documental,2026-09-14,Habilidade cadastrada no DAG
evid-hab-hab-ouv-003,hab-ouv-003,habilidade,curriculo,MAPA-HABILIDADES.json,"Definição pedagógica de Entoação Vocal de Intervalos Diatônicos no domínio ouvido",verificado_documental,2026-09-14,Habilidade cadastrada no DAG
evid-hab-hab-ouv-004,hab-ouv-004,habilidade,curriculo,MAPA-HABILIDADES.json,"Definição pedagógica de Reconhecimento de Tríades Maiores e Menores no domínio ouvido",verificado_documental,2026-09-14,Habilidade cadastrada no DAG
evid-hab-hab-ouv-005,hab-ouv-005,habilidade,curriculo,MAPA-HABILIDADES.json,"Definição pedagógica de Tirar Frase Melódica Curta de Ouvido no domínio ouvido",verificado_documental,2026-09-14,Habilidade cadastrada no DAG
evid-hab-hab-lei-001,hab-lei-001,habilidade,curriculo,MAPA-HABILIDADES.json,"Definição pedagógica de Identificação das Cordas Soltas e Cifras Básicas no domínio leitura",verificado_documental,2026-09-14,Habilidade cadastrada no DAG
evid-hab-hab-lei-002,hab-lei-002,habilidade,curriculo,MAPA-HABILIDADES.json,"Definição pedagógica de Leitura de Tablatura em Primeira Posição no domínio leitura",verificado_documental,2026-09-14,Habilidade cadastrada no DAG
evid-hab-hab-lei-003,hab-lei-003,habilidade,curriculo,MAPA-HABILIDADES.json,"Definição pedagógica de Leitura de Partitura Musical (Clave de Sol na 1ª Posição) no domínio leitura",verificado_documental,2026-09-14,Habilidade cadastrada no DAG
evid-hab-hab-tec-001,hab-tec-001,habilidade,curriculo,MAPA-HABILIDADES.json,"Definição pedagógica de Postura Ergonômica e Apoios do Violão no domínio tecnica",verificado_documental,2026-09-14,Habilidade cadastrada no DAG
evid-hab-hab-tec-002,hab-tec-002,habilidade,curriculo,MAPA-HABILIDADES.json,"Definição pedagógica de Toque da Mão Direita com Polegar e Dedos Indicador/Médio no domínio tecnica",verificado_documental,2026-09-14,Habilidade cadastrada no DAG
evid-hab-hab-tec-003,hab-tec-003,habilidade,curriculo,MAPA-HABILIDADES.json,"Definição pedagógica de Troca Mecânica Fluente de Acordes (Dedo Guia / Pivô) no domínio tecnica",verificado_documental,2026-09-14,Habilidade cadastrada no DAG
evid-hab-hab-tec-004,hab-tec-004,habilidade,curriculo,MAPA-HABILIDADES.json,"Definição pedagógica de Dedilhado Básico p-i-m-a (Arpejos Simples) no domínio tecnica",verificado_documental,2026-09-14,Habilidade cadastrada no DAG
evid-hab-hab-tec-005,hab-tec-005,habilidade,curriculo,MAPA-HABILIDADES.json,"Definição pedagógica de Montagem de Pestana Mecânica com Alavanca no domínio tecnica",verificado_documental,2026-09-14,Habilidade cadastrada no DAG
evid-hab-hab-aco-001,hab-aco-001,habilidade,curriculo,MAPA-HABILIDADES.json,"Definição pedagógica de Acompanhamento de Repertório com Acordes Abertos no domínio acompanhamento",verificado_documental,2026-09-14,Habilidade cadastrada no DAG
evid-hab-hab-aco-002,hab-aco-002,habilidade,curriculo,MAPA-HABILIDADES.json,"Definição pedagógica de Condução de Baixos nos Acordes (Baixo Alternado / Inversões) no domínio acompanhamento",verificado_documental,2026-09-14,Habilidade cadastrada no DAG
evid-hab-hab-har-001,hab-har-001,habilidade,curriculo,MAPA-HABILIDADES.json,"Definição pedagógica de Compreensão e Aplicação do Campo Harmônico Maior no domínio harmonia",verificado_documental,2026-09-14,Habilidade cadastrada no DAG
evid-hab-hab-har-002,hab-har-002,habilidade,curriculo,MAPA-HABILIDADES.json,"Definição pedagógica de Sistema CAGED e Formatos Móveis de Acordes no domínio harmonia",verificado_documental,2026-09-14,Habilidade cadastrada no DAG
evid-hab-hab-sol-001,hab-sol-001,habilidade,curriculo,MAPA-HABILIDADES.json,"Definição pedagógica de Melodia com Baixo Simultâneo (Textura Polifônica a Duas Vozes) no domínio solo/arranjo",verificado_documental,2026-09-14,Habilidade cadastrada no DAG
evid-hab-hab-sol-002,hab-sol-002,habilidade,curriculo,MAPA-HABILIDADES.json,"Definição pedagógica de Arranjo Fingerstyle Completo (Melodia, Baixo e Harmonia) no domínio solo/arranjo",verificado_documental,2026-09-14,Habilidade cadastrada no DAG
evid-hab-hab-exp-001,hab-exp-001,habilidade,curriculo,MAPA-HABILIDADES.json,"Definição pedagógica de Dinâmica e Fraseado Expressivo no domínio expressao/criacao",verificado_documental,2026-09-14,Habilidade cadastrada no DAG
evid-hab-hab-exp-002,hab-exp-002,habilidade,curriculo,MAPA-HABILIDADES.json,"Definição pedagógica de Variação de Levada e Ornamentação Rítmica no domínio expressao/criacao",verificado_documental,2026-09-14,Habilidade cadastrada no DAG
evid-hab-hab-exp-003,hab-exp-003,habilidade,curriculo,MAPA-HABILIDADES.json,"Definição pedagógica de Improvisação Melódica sobre Blues / I-IV-V no domínio expressao/criacao",verificado_documental,2026-09-14,Habilidade cadastrada no DAG
evid-prop-aula-prop-001,aula-prop-001,aula_proposta,curriculo,AULAS-PROPOSTAS.json,"Proposta de aula Postura Estável, Empunhadura e Apoios vinculada à habilidade hab-tec-001",verificado_documental,2026-09-14,Alocada no módulo mod-ped-01
evid-prop-aula-prop-002,aula-prop-002,aula_proposta,curriculo,AULAS-PROPOSTAS.json,"Proposta de aula Como Afinar as Seis Cordas do Violão vinculada à habilidade hab-lei-001",verificado_documental,2026-09-14,Alocada no módulo mod-ped-01
evid-prop-aula-prop-003,aula-prop-003,aula_proposta,curriculo,AULAS-PROPOSTAS.json,"Proposta de aula Primeiros Sons com Polegar e Indicador vinculada à habilidade hab-tec-002",verificado_documental,2026-09-14,Alocada no módulo mod-ped-01
evid-prop-aula-prop-004,aula-prop-004,aula_proposta,curriculo,AULAS-PROPOSTAS.json,"Proposta de aula Pulso Isócrono e Noções Métricas Fundamentais vinculada à habilidade hab-rit-001",verificado_documental,2026-09-14,Alocada no módulo mod-ped-01
evid-prop-aula-prop-005,aula-prop-005,aula_proposta,curriculo,AULAS-PROPOSTAS.json,"Proposta de aula Fluência e Troca de Acordes: Lá e Ré com Dedo Guia vinculada à habilidade hab-tec-003",verificado_documental,2026-09-14,Alocada no módulo mod-ped-02
evid-prop-aula-prop-006,aula-prop-006,aula_proposta,curriculo,AULAS-PROPOSTAS.json,"Proposta de aula Acordes Mi e Mi Menor e Eliminação de Ruídos vinculada à habilidade hab-tec-003",verificado_documental,2026-09-14,Alocada no módulo mod-ped-02
evid-prop-aula-prop-007,aula-prop-007,aula_proposta,curriculo,AULAS-PROPOSTAS.json,"Proposta de aula Acordes Dó e Sol e Ampliação da Fluência vinculada à habilidade hab-tec-003",verificado_documental,2026-09-14,Alocada no módulo mod-ped-02
evid-prop-aula-prop-008,aula-prop-008,aula_proposta,curriculo,AULAS-PROPOSTAS.json,"Proposta de aula A Batida Balada Básica e o Pêndulo Contínuo vinculada à habilidade hab-rit-003",verificado_documental,2026-09-14,Alocada no módulo mod-ped-03
evid-prop-aula-prop-009,aula-prop-009,aula_proposta,curriculo,AULAS-PROPOSTAS.json,"Proposta de aula Primeiro Repertório Acompanhado: Let It Be vinculada à habilidade hab-aco-001",verificado_documental,2026-09-14,Alocada no módulo mod-ped-03
evid-prop-aula-prop-010,aula-prop-010,aula_proposta,curriculo,AULAS-PROPOSTAS.json,"Proposta de aula Variações da Levada Pop e Acentos Rítmicos vinculada à habilidade hab-rit-002",verificado_documental,2026-09-14,Alocada no módulo mod-ped-03
evid-prop-aula-prop-011,aula-prop-011,aula_proposta,curriculo,AULAS-PROPOSTAS.json,"Proposta de aula Discriminação de Alturas e Sensações Sonoras vinculada à habilidade hab-ouv-001",verificado_documental,2026-09-14,Alocada no módulo mod-ped-04
evid-prop-aula-prop-012,aula-prop-012,aula_proposta,curriculo,AULAS-PROPOSTAS.json,"Proposta de aula Reconhecimento Auditivo de Intervalos de 2ª e 3ª Maior vinculada à habilidade hab-ouv-002",verificado_documental,2026-09-14,Alocada no módulo mod-ped-04
evid-prop-aula-prop-013,aula-prop-013,aula_proposta,curriculo,AULAS-PROPOSTAS.json,"Proposta de aula Entoação Vocal de Intervalos Diatônicos com o Violão vinculada à habilidade hab-ouv-003",verificado_documental,2026-09-14,Alocada no módulo mod-ped-04
evid-prop-aula-prop-014,aula-prop-014,aula_proposta,curriculo,AULAS-PROPOSTAS.json,"Proposta de aula Percepção de Tríades Maiores e Menores vinculada à habilidade hab-ouv-004",verificado_documental,2026-09-14,Alocada no módulo mod-ped-04
evid-prop-aula-prop-015,aula-prop-015,aula_proposta,curriculo,AULAS-PROPOSTAS.json,"Proposta de aula Tirando Pequenas Frases Melódicas de Ouvido vinculada à habilidade hab-ouv-005",verificado_documental,2026-09-14,Alocada no módulo mod-ped-04
evid-prop-aula-prop-016,aula-prop-016,aula_proposta,curriculo,AULAS-PROPOSTAS.json,"Proposta de aula Leitura de Tablatura em Primeira Posição vinculada à habilidade hab-lei-002",verificado_documental,2026-09-14,Alocada no módulo mod-ped-05
evid-prop-aula-prop-017,aula-prop-017,aula_proposta,curriculo,AULAS-PROPOSTAS.json,"Proposta de aula Iniciação à Clave de Sol: As Sete Partituras Fáceis vinculada à habilidade hab-lei-003",verificado_documental,2026-09-14,Alocada no módulo mod-ped-05
evid-prop-aula-prop-018,aula-prop-018,aula_proposta,curriculo,AULAS-PROPOSTAS.json,"Proposta de aula Mecânica de Pestana com Princípio de Alavanca vinculada à habilidade hab-tec-005",verificado_documental,2026-09-14,Alocada no módulo mod-ped-06
evid-prop-aula-prop-019,aula-prop-019,aula_proposta,curriculo,AULAS-PROPOSTAS.json,"Proposta de aula Acordes com Sétima Dominante (X7) e Menor (Xm7) vinculada à habilidade hab-har-001",verificado_documental,2026-09-14,Alocada no módulo mod-ped-06
evid-prop-aula-prop-020,aula-prop-020,aula_proposta,curriculo,AULAS-PROPOSTAS.json,"Proposta de aula A Levada Fundamental da Bossa Nova (Escola João Gilberto) vinculada à habilidade hab-rit-005",verificado_documental,2026-09-14,Alocada no módulo mod-ped-07
evid-prop-aula-prop-021,aula-prop-021,aula_proposta,curriculo,AULAS-PROPOSTAS.json,"Proposta de aula Acompanhamento de Bossa Nova com Acordes Invertidos vinculada à habilidade hab-rit-005",verificado_documental,2026-09-14,Alocada no módulo mod-ped-07
evid-prop-aula-prop-022,aula-prop-022,aula_proposta,curriculo,AULAS-PROPOSTAS.json,"Proposta de aula A Condução de Samba Batucado e Choro ao Violão vinculada à habilidade hab-rit-006",verificado_documental,2026-09-14,Alocada no módulo mod-ped-08
evid-prop-aula-prop-023,aula-prop-023,aula_proposta,curriculo,AULAS-PROPOSTAS.json,"Proposta de aula A Levada Nordestina de Baião no Violão vinculada à habilidade hab-rit-006",verificado_documental,2026-09-14,Alocada no módulo mod-ped-08
evid-prop-aula-prop-024,aula-prop-024,aula_proposta,curriculo,AULAS-PROPOSTAS.json,"Proposta de aula As Levadas Características de Baden Powell vinculada à habilidade hab-rit-007",verificado_documental,2026-09-14,Alocada no módulo mod-ped-09
evid-prop-aula-prop-025,aula-prop-025,aula_proposta,curriculo,AULAS-PROPOSTAS.json,"Proposta de aula O Toque dos Afrosambas: Berimbau e Canto de Ossanha vinculada à habilidade hab-rit-007",verificado_documental,2026-09-14,Alocada no módulo mod-ped-09
evid-prop-aula-prop-026,aula-prop-026,aula_proposta,curriculo,AULAS-PROPOSTAS.json,"Proposta de aula Baixo Alternado e Conexões Melódicas nos Bordões vinculada à habilidade hab-aco-002",verificado_documental,2026-09-14,Alocada no módulo mod-ped-10
evid-prop-aula-prop-027,aula-prop-027,aula_proposta,curriculo,AULAS-PROPOSTAS.json,"Proposta de aula Campo Harmônico Maior e Funções Tonais vinculada à habilidade hab-har-001",verificado_documental,2026-09-14,Alocada no módulo mod-ped-11
evid-prop-aula-prop-028,aula-prop-028,aula_proposta,curriculo,AULAS-PROPOSTAS.json,"Proposta de aula Sistema CAGED: Cinco Regiões de Acordes Móveis vinculada à habilidade hab-har-002",verificado_documental,2026-09-14,Alocada no módulo mod-ped-11
evid-prop-aula-prop-029,aula-prop-029,aula_proposta,curriculo,AULAS-PROPOSTAS.json,"Proposta de aula Polifonia a Duas Vozes: Pequena Valsa de Carulli vinculada à habilidade hab-sol-001",verificado_documental,2026-09-14,Alocada no módulo mod-ped-12
evid-prop-aula-prop-030,aula-prop-030,aula_proposta,curriculo,AULAS-PROPOSTAS.json,"Proposta de aula Thumb Slap e Percussão no Fingerstyle Moderno vinculada à habilidade hab-rit-004",verificado_documental,2026-09-14,Alocada no módulo mod-ped-12
evid-prop-aula-prop-031,aula-prop-031,aula_proposta,curriculo,AULAS-PROPOSTAS.json,"Proposta de aula Arranjo Fingerstyle Completo: Melodia, Baixo e Harmonia vinculada à habilidade hab-sol-002",verificado_documental,2026-09-14,Alocada no módulo mod-ped-12
evid-prop-aula-prop-032,aula-prop-032,aula_proposta,curriculo,AULAS-PROPOSTAS.json,"Proposta de aula Dinâmica Expressiva e Fraseado Cantabile vinculada à habilidade hab-exp-001",verificado_documental,2026-09-14,Alocada no módulo mod-ped-13
evid-prop-aula-prop-033,aula-prop-033,aula_proposta,curriculo,AULAS-PROPOSTAS.json,"Proposta de aula Improvisação Melódica e Escala Pentatônica no Blues vinculada à habilidade hab-exp-003",verificado_documental,2026-09-14,Alocada no módulo mod-ped-13
evid-cand-cand-01-ritmo-balada,cand-01-ritmo-balada,candidato_calibracao,arquivo_fisico,arq-1375;arq-1380;arq-1381;arq-1382;arq-1383,"Conferência física de arquivos, tamanhos e hashes de A Batida Balada Básica e o Pêndulo Contínuo",verificado_fisico,2026-09-14,Nível de inspeção: legenda_indexada
evid-cand-cand-02-tecnica-troca-ad,cand-02-tecnica-troca-ad,candidato_calibracao,arquivo_fisico,arq-1320;arq-1324;arq-1326,"Conferência física de arquivos, tamanhos e hashes de Fluência e Troca de Acordes: Lá e Ré com Dedo Guia",verificado_fisico,2026-09-14,Nível de inspeção: metadados_catalogo
evid-cand-cand-03-ouvido-intervalos,cand-03-ouvido-intervalos,candidato_calibracao,arquivo_fisico,arq-1354;arq-1359;arq-1360;arq-1363;arq-1368,"Conferência física de arquivos, tamanhos e hashes de Reconhecimento Auditivo de Intervalos de 2ª e 3ª Maior",verificado_fisico,2026-09-14,Nível de inspeção: legenda_indexada
evid-cand-cand-04-leitura-partituras,cand-04-leitura-partituras,candidato_calibracao,arquivo_fisico,arq-0415;arq-0408;arq-0409;arq-0410;arq-0411;arq-0412;arq-0413;arq-0414,"Conferência física de arquivos, tamanhos e hashes de Iniciação à Clave de Sol: As Sete Partituras Fáceis",verificado_fisico,2026-09-14,Nível de inspeção: metadados_catalogo
evid-cand-cand-05-acompanhamento-thumb-slap,cand-05-acompanhamento-thumb-slap,candidato_calibracao,arquivo_fisico,arq-0068;arq-0071;arq-0073,"Conferência física de arquivos, tamanhos e hashes de Thumb Slap e Percussão no Fingerstyle Moderno",verificado_fisico,2026-09-14,Nível de inspeção: legenda_indexada
evid-cand-cand-06-solo-pequena-valsa,cand-06-solo-pequena-valsa,candidato_calibracao,arquivo_fisico,arq-0460;arq-0461;arq-0462,"Conferência física de arquivos, tamanhos e hashes de Polifonia a Duas Vozes: Pequena Valsa de Carulli",verificado_fisico,2026-09-14,Nível de inspeção: metadados_catalogo
evid-dest-dest-expansao-curadoria,dest-expansao-curadoria,destino_editorial,modelo_editorial,DESTINOS-EDITORIAIS.json,"Definição do destino editorial modelado: Acervo Geral em Fila de Expansão Curatorial",verificado_documental,2026-09-14,Categoria: conteudo_a_curar
evid-dest-dest-descarte-admin,dest-descarte-admin,destino_editorial,modelo_editorial,DESTINOS-EDITORIAIS.json,"Definição do destino editorial modelado: Suporte Administrativo / Boas-Vindas da Plataforma",verificado_documental,2026-09-14,Categoria: fora_do_curriculo
evid-dest-dest-quiz-plataforma,dest-quiz-plataforma,destino_editorial,modelo_editorial,DESTINOS-EDITORIAIS.json,"Definição do destino editorial modelado: Quiz Interativo Nativo da Plataforma Hotmart",verificado_documental,2026-09-14,Categoria: avaliacao_plataforma
evid-dest-dest-aguardando-backup,dest-aguardando-backup,destino_editorial,modelo_editorial,DESTINOS-EDITORIAIS.json,"Definição do destino editorial modelado: Entrada sem Arquivo no Backup Local (Pendente Auditoria Remota)",verificado_documental,2026-09-14,Categoria: pendencia_material
evid-dest-dest-recurso-complementar,dest-recurso-complementar,destino_editorial,modelo_editorial,DESTINOS-EDITORIAIS.json,"Definição do destino editorial modelado: Recurso Complementar / Playback / Material de Apoio",verificado_documental,2026-09-14,Categoria: recurso_apoio
evid-fonte-aula-mod-1-1,aula-mod-1-1,entrada_catalogo,inventario_v03,"arq-1190;arq-1193;arq-1194;arq-1191;arq-1192;arq-1185;arq-1200","Entrada catalogada: 01 - APOSTILAS e Apresentação (Método Tríade). Disponibilidade: disponivel",verificado_metadados,2026-09-14,Arquivos locais: 7
evid-fonte-aula-mod-1-2,aula-mod-1-2,entrada_catalogo,inventario_v03,"arq-1206;arq-1207;arq-1208;arq-1209;arq-1201;arq-1215;arq-1220","Entrada catalogada: 02 - H P - 1.1 Noções Básicas de Ritmo (Método Tríade). Disponibilidade: disponivel",verificado_metadados,2026-09-14,Arquivos locais: 7
evid-fonte-aula-mod-1-3,aula-mod-1-3,entrada_catalogo,inventario_v03,"arq-1230;arq-1225","Entrada catalogada: 03 - H P - 1.2 Curiosidades (Método Tríade). Disponibilidade: disponivel",verificado_metadados,2026-09-14,Arquivos locais: 2
evid-fonte-aula-mod-1-4,aula-mod-1-4,entrada_catalogo,inventario_v03,"arq-1241;arq-1236","Entrada catalogada: 04 - Violão - 1.1 - Postura (Método Tríade). Disponibilidade: disponivel",verificado_metadados,2026-09-14,Arquivos locais: 2
evid-fonte-aula-mod-1-5,aula-mod-1-5,entrada_catalogo,inventario_v03,"arq-1252;arq-1253;arq-1247","Entrada catalogada: 05 - Violão - 1.2.1 - Exercícios Preliminares (Método Tríade). Disponibilidade: disponivel",verificado_metadados,2026-09-14,Arquivos locais: 3
evid-fonte-aula-mod-1-6,aula-mod-1-6,entrada_catalogo,inventario_v03,"arq-1262;arq-1259","Entrada catalogada: 06 - Violão - 1.2.2 - Nível Exigido (Método Tríade). Disponibilidade: disponivel",verificado_metadados,2026-09-14,Arquivos locais: 2
evid-fonte-aula-mod-1-7,aula-mod-1-7,entrada_catalogo,inventario_v03,"arq-1271;arq-1266;arq-1277","Entrada catalogada: 07 - Violão - 1.3 - Como Afinar (Método Tríade). Disponibilidade: disponivel",verificado_metadados,2026-09-14,Arquivos locais: 3
evid-fonte-aula-mod-1-8,aula-mod-1-8,entrada_catalogo,inventario_v03,"arq-1287;arq-1288;arq-1289;arq-1290;arq-1282;arq-1296;arq-1301","Entrada catalogada: 08 - H P - 2 Compassos (Método Tríade). Disponibilidade: disponivel",verificado_metadados,2026-09-14,Arquivos locais: 7
evid-fonte-aula-mod-1-9,aula-mod-1-9,entrada_catalogo,inventario_v03,"arq-1307;arq-1308;arq-1309;arq-1302;arq-1315","Entrada catalogada: 09 - Violão - 2.1 - Tríades Maiores (Método Tríade). Disponibilidade: disponivel",verificado_metadados,2026-09-14,Arquivos locais: 5
evid-fonte-aula-mod-1-10,aula-mod-1-10,entrada_catalogo,inventario_v03,"arq-1324;arq-1326;arq-1320","Entrada catalogada: 10 - Violão - 2.2 - Inovação - Fluência no A e D (Método Tríade). Disponibilidade: disponivel",verificado_metadados,2026-09-14,Arquivos locais: 3
evid-fonte-aula-kaiser-64-1-como-estudar-no-kaiserplay,aula-kaiser-64-1-como-estudar-no-kaiserplay,entrada_catalogo,inventario_v03,"arq-0194","Entrada catalogada: 1. Como estudar no Kaiserplay (Kaiserplay). Disponibilidade: parcial",verificado_metadados,2026-09-14,Arquivos locais: 1
evid-fonte-aula-kaiser-65-2-como-cancelar-a-sua-assinatura-e-pedir,aula-kaiser-65-2-como-cancelar-a-sua-assinatura-e-pedir,entrada_catalogo,inventario_v03,"arq-0195","Entrada catalogada: 2. Como cancelar a sua ASSINATURA e pedir REEMBOLSO (Kaiserplay). Disponibilidade: parcial",verificado_metadados,2026-09-14,Arquivos locais: 1
evid-fonte-aula-kaiser-316-1-1-vamos-sair-do-zero,aula-kaiser-316-1-1-vamos-sair-do-zero,entrada_catalogo,inventario_v03,"arq-1145;arq-1144","Entrada catalogada: 1. 1 - Vamos sair do zero! (Kaiserplay). Disponibilidade: disponivel",verificado_metadados,2026-09-14,Arquivos locais: 2
evid-fonte-aula-kaiser-317-10-10-o-que-e-um-acorde-aprenda-a-primei,aula-kaiser-317-10-10-o-que-e-um-acorde-aprenda-a-primei,entrada_catalogo,inventario_v03,"arq-1147;arq-1146","Entrada catalogada: 10. 10 - O que é um ACORDE_ Aprenda a primeira música com ac (Kaiserplay). Disponibilidade: disponivel",verificado_metadados,2026-09-14,Arquivos locais: 2
evid-fonte-aula-kaiser-318-11-11-como-ler-cifras-e-diagramas-aprend,aula-kaiser-318-11-11-como-ler-cifras-e-diagramas-aprend,entrada_catalogo,inventario_v03,"arq-1152;arq-1148;arq-1149;arq-1150;arq-1151","Entrada catalogada: 11. 11 - Como ler Cifras e Diagramas - APRENDA OS ACORDES FU (Kaiserplay). Disponibilidade: disponivel",verificado_metadados,2026-09-14,Arquivos locais: 5
evid-fonte-aula-kaiser-319-12-12-dicas-para-fazer-acorde-de-pestana,aula-kaiser-319-12-12-dicas-para-fazer-acorde-de-pestana,entrada_catalogo,inventario_v03,"arq-1154;arq-1153","Entrada catalogada: 12. 12 - Dicas para fazer acorde de pestana (Kaiserplay). Disponibilidade: disponivel",verificado_metadados,2026-09-14,Arquivos locais: 2
evid-fonte-aula-kaiser-320-13-13-como-fazer-batidas-com-a-mao-direi,aula-kaiser-320-13-13-como-fazer-batidas-com-a-mao-direi,entrada_catalogo,inventario_v03,"arq-1156;arq-1155","Entrada catalogada: 13. 13 - Como fazer _batidas_ com a mão direita (Kaiserplay). Disponibilidade: disponivel",verificado_metadados,2026-09-14,Arquivos locais: 2
evid-fonte-aula-kaiser-321-14-14-como-combinar-batidas-com-acordes,aula-kaiser-321-14-14-como-combinar-batidas-com-acordes,entrada_catalogo,inventario_v03,"arq-1158;arq-1157","Entrada catalogada: 14. 14 - Como combinar BATIDAS com ACORDES (Kaiserplay). Disponibilidade: disponivel",verificado_metadados,2026-09-14,Arquivos locais: 2
evid-fonte-aula-kaiser-322-15-15-como-fazer-dedilhados,aula-kaiser-322-15-15-como-fazer-dedilhados,entrada_catalogo,inventario_v03,"arq-1162;arq-1161;arq-1159;arq-1160","Entrada catalogada: 15. 15 - Como fazer dedilhados (Kaiserplay). Disponibilidade: disponivel",verificado_metadados,2026-09-14,Arquivos locais: 4
evid-fonte-aula-kaiser-323-16-16-qual-caminho-seguir-agora,aula-kaiser-323-16-16-qual-caminho-seguir-agora,entrada_catalogo,inventario_v03,"arq-1164;arq-1163","Entrada catalogada: 16. 16 - Qual caminho seguir agora_ (Kaiserplay). Disponibilidade: disponivel",verificado_metadados,2026-09-14,Arquivos locais: 2
evid-fonte-aula-kaiser-324-2-2-o-violao-conhecendo-o-instrumento,aula-kaiser-324-2-2-o-violao-conhecendo-o-instrumento,entrada_catalogo,inventario_v03,"arq-1166;arq-1165","Entrada catalogada: 2. 2 - O Violão_ conhecendo o instrumento (Kaiserplay). Disponibilidade: disponivel",verificado_metadados,2026-09-14,Arquivos locais: 2
evid-fonte-aula-kaiser-325-3-3-postura-como-segurar-o-violao-adequa,aula-kaiser-325-3-3-postura-como-segurar-o-violao-adequa,entrada_catalogo,inventario_v03,"arq-1169;arq-1168;arq-1167","Entrada catalogada: 3. 3 - Postura_ como segurar o violão adequadamente (Kaiserplay). Disponibilidade: disponivel",verificado_metadados,2026-09-14,Arquivos locais: 3
evid-fonte-aula-kaiser-326-4-4-exercicios-fundamentais,aula-kaiser-326-4-4-exercicios-fundamentais,entrada_catalogo,inventario_v03,"arq-1171;arq-1170","Entrada catalogada: 4. 4 - Exercícios fundamentais (Kaiserplay). Disponibilidade: disponivel",verificado_metadados,2026-09-14,Arquivos locais: 2
evid-fonte-aula-kaiser-327-5-5-teoria-musical-basica,aula-kaiser-327-5-5-teoria-musical-basica,entrada_catalogo,inventario_v03,"arq-1173;arq-1172","Entrada catalogada: 5. 5 - Teoria Musical Básica (Kaiserplay). Disponibilidade: disponivel",verificado_metadados,2026-09-14,Arquivos locais: 2
evid-fonte-aula-kaiser-328-6-6-como-ler-tablatura,aula-kaiser-328-6-6-como-ler-tablatura,entrada_catalogo,inventario_v03,"arq-1175;arq-1174","Entrada catalogada: 6. 6 - Como ler Tablatura (Kaiserplay). Disponibilidade: disponivel",verificado_metadados,2026-09-14,Arquivos locais: 2
evid-fonte-aula-kaiser-329-7-7-aprenda-a-primeira-musica-brilha-bri,aula-kaiser-329-7-7-aprenda-a-primeira-musica-brilha-bri,entrada_catalogo,inventario_v03,"arq-1178;arq-1176;arq-1177","Entrada catalogada: 7. 7 - Aprenda a primeira música_ Brilha Brilha Estrelinha (Kaiserplay). Disponibilidade: disponivel",verificado_metadados,2026-09-14,Arquivos locais: 3
evid-fonte-aula-kaiser-330-8-8-escravos-de-jo,aula-kaiser-330-8-8-escravos-de-jo,entrada_catalogo,inventario_v03,"arq-1181;arq-1179;arq-1180","Entrada catalogada: 8. 8 - Escravos de Jó (Kaiserplay). Disponibilidade: disponivel",verificado_metadados,2026-09-14,Arquivos locais: 3
evid-fonte-aula-kaiser-331-9-9-parabens-pra-voce,aula-kaiser-331-9-9-parabens-pra-voce,entrada_catalogo,inventario_v03,"arq-1184;arq-1182;arq-1183","Entrada catalogada: 9. 9 - Parabéns pra Você (Kaiserplay). Disponibilidade: disponivel",verificado_metadados,2026-09-14,Arquivos locais: 3
evid-fonte-aula-mod-1-11,aula-mod-1-11,entrada_catalogo,inventario_v03,"arq-1331;arq-1327;arq-1332;arq-1335","Entrada catalogada: 11 - Violão - 2.3 - Inovação - Trabalho de Fluência (Método Tríade). Disponibilidade: disponivel",verificado_metadados,2026-09-14,Arquivos locais: 4
evid-fonte-aula-mod-1-12,aula-mod-1-12,entrada_catalogo,inventario_v03,"arq-1341;arq-1338;arq-1342;arq-1345","Entrada catalogada: 12 - Violão - 2.4 - Inovação - Fluência Bruno Mars (Método Tríade). Disponibilidade: disponivel",verificado_metadados,2026-09-14,Arquivos locais: 4
evid-fonte-aula-mod-1-13,aula-mod-1-13,entrada_catalogo,inventario_v03,"arq-1346","Entrada catalogada: 13 - UPGRADE 7.0 Violão 2.5 Chiado na troca (Método Tríade). Disponibilidade: disponivel",verificado_metadados,2026-09-14,Arquivos locais: 1
evid-fonte-aula-mod-1-14,aula-mod-1-14,entrada_catalogo,inventario_v03,"arq-1350","Entrada catalogada: 14 - UPGRADE 7.0 Violão 2.6 UPGRADE 7.0 Um dedo por vez (Método Tríade). Disponibilidade: disponivel",verificado_metadados,2026-09-14,Arquivos locais: 1
evid-fonte-aula-mod-1-15,aula-mod-1-15,entrada_catalogo,inventario_v03,"arq-1359;arq-1360;arq-1361;arq-1362;arq-1354;arq-1363;arq-1368","Entrada catalogada: 15 - H P - 3.1 Intervalos Diatônicos (pág 07) UPGRADE ESTÚD (Método Tríade). Disponibilidade: disponivel",verificado_metadados,2026-09-14,Arquivos locais: 7
evid-fonte-aula-mod-1-16,aula-mod-1-16,entrada_catalogo,inventario_v03,"arq-1374;arq-1373","Entrada catalogada: 16 - H P - 3.2 Intervalos Diatônicos (Site para praticar) (Método Tríade). Disponibilidade: disponivel",verificado_metadados,2026-09-14,Arquivos locais: 2
evid-fonte-aula-mod-1-17,aula-mod-1-17,entrada_catalogo,inventario_v03,"arq-1380;arq-1381;arq-1382;arq-1375;arq-1383","Entrada catalogada: 17 - Violão - 3.1 - Batida Balada Básica (Método Tríade). Disponibilidade: disponivel",verificado_metadados,2026-09-14,Arquivos locais: 5
evid-fonte-aula-mod-1-18,aula-mod-1-18,entrada_catalogo,inventario_v03,"arq-1393;arq-1394;arq-1388","Entrada catalogada: 18 - Violão - 3.2 - Como tocar o F#m7(11) (Método Tríade). Disponibilidade: disponivel",verificado_metadados,2026-09-14,Arquivos locais: 3
evid-fonte-aula-mod-1-19,aula-mod-1-19,entrada_catalogo,inventario_v03,"arq-1400;arq-1401;arq-1395","Entrada catalogada: 19 - Violão - 3.3 - Let it Be ! Aplicando a Balada Básica! (Método Tríade). Disponibilidade: disponivel",verificado_metadados,2026-09-14,Arquivos locais: 3
evid-fonte-aula-mod-2-38,aula-mod-2-38,entrada_catalogo,inventario_v03,"arq-1692","Entrada catalogada: Quiz Para ir ao Mês 2 (Método Tríade). Disponibilidade: disponivel",verificado_metadados,2026-09-14,Arquivos locais: 1
evid-fonte-aula-mod-2-1,aula-mod-2-1,entrada_catalogo,inventario_v03,"sem_arquivo_local","Entrada catalogada: 02 - H P - 5 - Intervalos Diatônicos Parte 2 (pág 13) (Método Tríade). Disponibilidade: sem_material",verificado_metadados,2026-09-14,Arquivos locais: 0
evid-fonte-aula-mod-2-2,aula-mod-2-2,entrada_catalogo,inventario_v03,"arq-1565;arq-1566;arq-1567;arq-1564;arq-1568;arq-1569","Entrada catalogada: 03 - Violão - 5.1 - Entendimento de Tríades e Acorde Xm (Método Tríade). Disponibilidade: disponivel",verificado_metadados,2026-09-14,Arquivos locais: 6
evid-fonte-aula-mod-2-3,aula-mod-2-3,entrada_catalogo,inventario_v03,"arq-1571;arq-1572;arq-1573;arq-1574;arq-1570;arq-1575;arq-1576;arq-1577","Entrada catalogada: 04 - Violão - 5.2 - Fluência no Acorde Xm (Método Tríade). Disponibilidade: disponivel",verificado_metadados,2026-09-14,Arquivos locais: 8
evid-fonte-aula-mod-2-4,aula-mod-2-4,entrada_catalogo,inventario_v03,"arq-1579;arq-1580;arq-1578","Entrada catalogada: 05 - 5.3 UPGRADE 8.0 2025 - UM dedo - Momento GOSPEL - ALGO (Método Tríade). Disponibilidade: disponivel",verificado_metadados,2026-09-14,Arquivos locais: 3
evid-fonte-aula-mod-2-5,aula-mod-2-5,entrada_catalogo,inventario_v03,"arq-1582;arq-1583;arq-1581","Entrada catalogada: 06 - 5.4 UPGRADE 8.0 2025 - UM dedo - WITH or WITHOUT YOU (Método Tríade). Disponibilidade: disponivel",verificado_metadados,2026-09-14,Arquivos locais: 3
evid-fonte-aula-mod-2-6,aula-mod-2-6,entrada_catalogo,inventario_v03,"arq-1585;arq-1587;arq-1586;arq-1584","Entrada catalogada: 07 - H P - 6.1 - Intervalos (parte 1 Harmonia- Pág 14) - Upgr (Método Tríade). Disponibilidade: disponivel",verificado_metadados,2026-09-14,Arquivos locais: 4
evid-fonte-aula-mod-2-7,aula-mod-2-7,entrada_catalogo,inventario_v03,"arq-1589;arq-1590;arq-1591;arq-1588;arq-1592","Entrada catalogada: 08 - H P - 6.2 - Intervalos (Correção - Pág 15) - Upgrade 202 (Método Tríade). Disponibilidade: disponivel",verificado_metadados,2026-09-14,Arquivos locais: 5
evid-fonte-aula-mod-2-8,aula-mod-2-8,entrada_catalogo,inventario_v03,"arq-1594;arq-1593","Entrada catalogada: 09 - Violão - 6.1 - As Partes do Violão (Método Tríade). Disponibilidade: disponivel",verificado_metadados,2026-09-14,Arquivos locais: 2
evid-fonte-aula-mod-2-9,aula-mod-2-9,entrada_catalogo,inventario_v03,"arq-1596;arq-1598;arq-1597;arq-1595","Entrada catalogada: 10 - Violão - 6.2 - Batida 6 8 Simplificada (Método Tríade). Disponibilidade: disponivel",verificado_metadados,2026-09-14,Arquivos locais: 4
evid-fonte-aula-mod-2-10,aula-mod-2-10,entrada_catalogo,inventario_v03,"arq-1600;arq-1602;arq-1601;arq-1599","Entrada catalogada: 11 - Violão - 6.3 Chama o flautista! - Velha Infância (Método Tríade). Disponibilidade: disponivel",verificado_metadados,2026-09-14,Arquivos locais: 4
evid-fonte-aula-mod-2-11,aula-mod-2-11,entrada_catalogo,inventario_v03,"arq-1603","Entrada catalogada: 12 - Violão - 6.4 - ATENÇÁO Erro Comum (Método Tríade). Disponibilidade: disponivel",verificado_metadados,2026-09-14,Arquivos locais: 1
evid-fonte-aula-mod-2-12,aula-mod-2-12,entrada_catalogo,inventario_v03,"arq-1605;arq-1604","Entrada catalogada: 13 - Violão - 6.5 - Sincronizando o 'TOCAR e CANTAR' (Método Tríade). Disponibilidade: disponivel",verificado_metadados,2026-09-14,Arquivos locais: 2
evid-fonte-aula-mod-3-4,aula-mod-3-4,entrada_catalogo,inventario_v03,"arq-1698;arq-1699;arq-1700;arq-1697;arq-1701;arq-1702","Entrada catalogada: 05 - Violão - 9.2 - Aplicando a Batida Rock Inglês (Método Tríade). Disponibilidade: disponivel",verificado_metadados,2026-09-14,Arquivos locais: 6
evid-fonte-aula-kaiser-117-1-principios-fundamentais-pra-evoluir,aula-kaiser-117-1-principios-fundamentais-pra-evoluir,entrada_catalogo,inventario_v03,"arq-0377;arq-0376;arq-0375","Entrada catalogada: 1. Princípios Fundamentais pra EVOLUIR (Kaiserplay). Disponibilidade: disponivel",verificado_metadados,2026-09-14,Arquivos locais: 3
evid-fonte-aula-kaiser-118-2-exercicios-de-mao-esquerda,aula-kaiser-118-2-exercicios-de-mao-esquerda,entrada_catalogo,inventario_v03,"arq-0381;arq-0380;arq-0378;arq-0379","Entrada catalogada: 2. Exercícios de MÃO ESQUERDA (Kaiserplay). Disponibilidade: disponivel",verificado_metadados,2026-09-14,Arquivos locais: 4
evid-fonte-aula-kaiser-119-3-exercicios-de-mao-direita,aula-kaiser-119-3-exercicios-de-mao-direita,entrada_catalogo,inventario_v03,"arq-0386;arq-0385;arq-0382;arq-0383;arq-0384","Entrada catalogada: 3. Exercícios de MÃO DIREITA (Kaiserplay). Disponibilidade: disponivel",verificado_metadados,2026-09-14,Arquivos locais: 5
evid-fonte-aula-kaiser-120-4-exercicios-de-ligados,aula-kaiser-120-4-exercicios-de-ligados,entrada_catalogo,inventario_v03,"arq-0389;arq-0388;arq-0387","Entrada catalogada: 4. Exercícios de Ligados (Kaiserplay). Disponibilidade: disponivel",verificado_metadados,2026-09-14,Arquivos locais: 3
evid-fonte-aula-kaiser-121-5-como-estudar-melhor-o-video-definitivo,aula-kaiser-121-5-como-estudar-melhor-o-video-definitivo,entrada_catalogo,inventario_v03,"arq-0393;arq-0391;arq-0392;arq-0390","Entrada catalogada: 5. COMO ESTUDAR MELHOR -  O VÍDEO DEFINITIVO (Kaiserplay). Disponibilidade: disponivel",verificado_metadados,2026-09-14,Arquivos locais: 4
evid-fonte-aula-mod-1-43,aula-mod-1-43,entrada_catalogo,inventario_v03,"arq-1550;arq-1551;arq-1552;arq-1549;arq-1553","Entrada catalogada: 43 - BÔNUS versão AO VIVO H P - Aula 3.1 Intervalos Diatôni (Método Tríade). Disponibilidade: disponivel",verificado_metadados,2026-09-14,Arquivos locais: 5
evid-fonte-aula-mod-2-18,aula-mod-2-18,entrada_catalogo,inventario_v03,"arq-1627;arq-1626","Entrada catalogada: 19 - H P - 8 - Intervalos (Parte 2 - Página 20) UPGRADE 2023 (Método Tríade). Disponibilidade: disponivel",verificado_metadados,2026-09-14,Arquivos locais: 2
evid-fonte-aula-mod-2-32,aula-mod-2-32,entrada_catalogo,inventario_v03,"arq-1673;arq-1672;arq-1671","Entrada catalogada: 33 - BÔNUS versão AO VIVO H P - Aula 5 Intervalos Diatônico (Método Tríade). Disponibilidade: disponivel",verificado_metadados,2026-09-14,Arquivos locais: 3
evid-fonte-aula-mod-2-33,aula-mod-2-33,entrada_catalogo,inventario_v03,"arq-1675;arq-1676;arq-1677;arq-1674;arq-1678","Entrada catalogada: 34 - BÔNUS versão AO VIVO H P - 6.1 - Intervalos (Pág 14) (Método Tríade). Disponibilidade: disponivel",verificado_metadados,2026-09-14,Arquivos locais: 5
evid-fonte-aula-mod-2-34,aula-mod-2-34,entrada_catalogo,inventario_v03,"arq-1680;arq-1681;arq-1682;arq-1679;arq-1683","Entrada catalogada: 35 - BÔNUS correção H P - 6.2 - Intervalos (Pág 15) (Método Tríade). Disponibilidade: disponivel",verificado_metadados,2026-09-14,Arquivos locais: 5
evid-fonte-aula-mod-2-36,aula-mod-2-36,entrada_catalogo,inventario_v03,"arq-1687;arq-1688;arq-1686","Entrada catalogada: 37 - BÔNUS versão AO VIVO H P - 8 - Intervalos (Parte 2 - Pág (Método Tríade). Disponibilidade: disponivel",verificado_metadados,2026-09-14,Arquivos locais: 3
evid-fonte-aula-mod-4-14,aula-mod-4-14,entrada_catalogo,inventario_v03,"sem_arquivo_local","Entrada catalogada: APOSTILA de H_P e de Violão (Meses 4 ao 9) (Método Tríade). Disponibilidade: sem_material",verificado_metadados,2026-09-14,Arquivos locais: 0
evid-fonte-aula-mod-4-23,aula-mod-4-23,entrada_catalogo,inventario_v03,"arq-1857;arq-1858;arq-1856","Entrada catalogada: H_P - 15 - Colchêia 2 (Pág 41) (Método Tríade). Disponibilidade: disponivel",verificado_metadados,2026-09-14,Arquivos locais: 3
evid-fonte-aula-mod-4-35,aula-mod-4-35,entrada_catalogo,inventario_v03,"sem_arquivo_local","Entrada catalogada: BÔNUS H_P - 13 - Colchêia 1 (Ao VIVO) (Método Tríade). Disponibilidade: sem_material",verificado_metadados,2026-09-14,Arquivos locais: 0
evid-fonte-aula-mod-4-36,aula-mod-4-36,entrada_catalogo,inventario_v03,"sem_arquivo_local","Entrada catalogada: BÔNUS_ H_P - 14 - Form de Acordes II (Pág 37) AO VIVO (Método Tríade). Disponibilidade: sem_material",verificado_metadados,2026-09-14,Arquivos locais: 0
evid-fonte-aula-mod-4-37,aula-mod-4-37,entrada_catalogo,inventario_v03,"sem_arquivo_local","Entrada catalogada: BÔNUS H_P - 16 - Campo Harmônico I (AO VIVO) (Método Tríade). Disponibilidade: sem_material",verificado_metadados,2026-09-14,Arquivos locais: 0
evid-fonte-aula-mod-5-14,aula-mod-5-14,entrada_catalogo,inventario_v03,"arq-1874","Entrada catalogada: H_P - 17 - Intervalos Não Diatônicos (Pág 45) (Método Tríade). Disponibilidade: disponivel",verificado_metadados,2026-09-14,Arquivos locais: 1
evid-fonte-aula-mod-5-20,aula-mod-5-20,entrada_catalogo,inventario_v03,"arq-1887;arq-1888;arq-1886","Entrada catalogada: H_P - 18.1 - Campo Harmônico II (Pág 46) (Método Tríade). Disponibilidade: disponivel",verificado_metadados,2026-09-14,Arquivos locais: 3
evid-fonte-aula-mod-5-21,aula-mod-5-21,entrada_catalogo,inventario_v03,"sem_arquivo_local","Entrada catalogada: H_P - 18.2 BÔNUS_ Teste seu Ouvido! (Método Tríade). Disponibilidade: sem_material",verificado_metadados,2026-09-14,Arquivos locais: 0
evid-fonte-aula-mod-5-25,aula-mod-5-25,entrada_catalogo,inventario_v03,"arq-1892;arq-1893;arq-1891;arq-1890;arq-1894","Entrada catalogada: H_P - 19.1 - Colchêia 3 (Método Tríade). Disponibilidade: disponivel",verificado_metadados,2026-09-14,Arquivos locais: 5
evid-fonte-aula-mod-5-29,aula-mod-5-29,entrada_catalogo,inventario_v03,"sem_arquivo_local","Entrada catalogada: H_P - 20 - Campo Harm. III (Pág 50 na apostila de H_P)) (Método Tríade). Disponibilidade: sem_material",verificado_metadados,2026-09-14,Arquivos locais: 0
evid-fonte-aula-mod-6-5,aula-mod-6-5,entrada_catalogo,inventario_v03,"sem_arquivo_local","Entrada catalogada: H_P - 21 _ Id. X7, X e Xm (Pág 54) (Método Tríade). Disponibilidade: sem_material",verificado_metadados,2026-09-14,Arquivos locais: 0
evid-fonte-aula-mod-6-14,aula-mod-6-14,entrada_catalogo,inventario_v03,"sem_arquivo_local","Entrada catalogada: H_P - 22 _ Macetes C. Harm (Método Tríade). Disponibilidade: sem_material",verificado_metadados,2026-09-14,Arquivos locais: 0
evid-fonte-aula-mod-6-19,aula-mod-6-19,entrada_catalogo,inventario_v03,"sem_arquivo_local","Entrada catalogada: H_P - 23 _ Semicolchêia 1 (Método Tríade). Disponibilidade: sem_material",verificado_metadados,2026-09-14,Arquivos locais: 0
evid-fonte-aula-mod-6-24,aula-mod-6-24,entrada_catalogo,inventario_v03,"sem_arquivo_local","Entrada catalogada: H_P - 24 _ TESTE (Método Tríade). Disponibilidade: sem_material",verificado_metadados,2026-09-14,Arquivos locais: 0
evid-fonte-aula-mod-7-7,aula-mod-7-7,entrada_catalogo,inventario_v03,"arq-1921;arq-1920","Entrada catalogada: H_P - 25 _ Id. Esc. Maior x Menor (Método Tríade). Disponibilidade: disponivel",verificado_metadados,2026-09-14,Arquivos locais: 2
evid-fonte-aula-mod-7-9,aula-mod-7-9,entrada_catalogo,inventario_v03,"arq-1926;arq-1927;arq-1925;arq-1924;arq-1928","Entrada catalogada: H_P - 26 _ Inversões (Método Tríade). Disponibilidade: disponivel",verificado_metadados,2026-09-14,Arquivos locais: 5
evid-fonte-aula-mod-7-12,aula-mod-7-12,entrada_catalogo,inventario_v03,"sem_arquivo_local","Entrada catalogada: H_P - 27 _ Semicolchêia 2 (Método Tríade). Disponibilidade: sem_material",verificado_metadados,2026-09-14,Arquivos locais: 0
evid-fonte-aula-mod-7-17,aula-mod-7-17,entrada_catalogo,inventario_v03,"sem_arquivo_local","Entrada catalogada: H_P  - 28_ Código de Cifragem (Método Tríade). Disponibilidade: sem_material",verificado_metadados,2026-09-14,Arquivos locais: 0
evid-fonte-aula-mod-8-1,aula-mod-8-1,entrada_catalogo,inventario_v03,"arq-1980;arq-1981;arq-1982;arq-1979;arq-1983;arq-1984","Entrada catalogada: 01 - H P - 29 Ditados Lacuna (UPGRADE 8.0 - 2025) (Método Tríade). Disponibilidade: disponivel",verificado_metadados,2026-09-14,Arquivos locais: 6
evid-fonte-aula-mod-8-13,aula-mod-8-13,entrada_catalogo,inventario_v03,"arq-1996;arq-1995;arq-1994","Entrada catalogada: H_P - 30 _ Introdução à Tensões (Método Tríade). Disponibilidade: disponivel",verificado_metadados,2026-09-14,Arquivos locais: 3
evid-fonte-aula-mod-8-16,aula-mod-8-16,entrada_catalogo,inventario_v03,"arq-2002;arq-2001","Entrada catalogada: H_P - 31 _ Identificando X, Xm, X7 e Xdim (Método Tríade). Disponibilidade: disponivel",verificado_metadados,2026-09-14,Arquivos locais: 2
evid-fonte-aula-mod-8-18,aula-mod-8-18,entrada_catalogo,inventario_v03,"arq-2007;arq-2008;arq-2006","Entrada catalogada: H_P - 32 _ Sinais em Partituras (Método Tríade). Disponibilidade: disponivel",verificado_metadados,2026-09-14,Arquivos locais: 3
evid-fonte-aula-mod-9-14,aula-mod-9-14,entrada_catalogo,inventario_v03,"sem_arquivo_local","Entrada catalogada: H_P - 33_ Ditados Reais (Método Tríade). Disponibilidade: sem_material",verificado_metadados,2026-09-14,Arquivos locais: 0
evid-fonte-aula-mod-9-16,aula-mod-9-16,entrada_catalogo,inventario_v03,"arq-2060;arq-2059","Entrada catalogada: H_P - 34.1_ Tensões nos Dominantes (Método Tríade). Disponibilidade: disponivel",verificado_metadados,2026-09-14,Arquivos locais: 2
evid-fonte-aula-mod-9-17,aula-mod-9-17,entrada_catalogo,inventario_v03,"arq-2062;arq-2061","Entrada catalogada: H_P - 34.2_ Tensões nos Dominantes Extra (Método Tríade). Disponibilidade: disponivel",verificado_metadados,2026-09-14,Arquivos locais: 2
evid-fonte-aula-mod-9-18,aula-mod-9-18,entrada_catalogo,inventario_v03,"sem_arquivo_local","Entrada catalogada: H_P - 35_ Semicolchêia 3 (Método Tríade). Disponibilidade: sem_material",verificado_metadados,2026-09-14,Arquivos locais: 0
evid-fonte-aula-kaiser-66-1-introducao-tirar-musicas-de-ouvido,aula-kaiser-66-1-introducao-tirar-musicas-de-ouvido,entrada_catalogo,inventario_v03,"arq-0197;arq-0196","Entrada catalogada: 1. Introdução_ Tirar músicas de ouvido (Kaiserplay). Disponibilidade: disponivel",verificado_metadados,2026-09-14,Arquivos locais: 2
evid-fonte-aula-kaiser-67-2-exercicios-de-percepcao-de-uma-nota,aula-kaiser-67-2-exercicios-de-percepcao-de-uma-nota,entrada_catalogo,inventario_v03,"arq-0199;arq-0198","Entrada catalogada: 2. Exercícios de percepção de UMA nota (Kaiserplay). Disponibilidade: disponivel",verificado_metadados,2026-09-14,Arquivos locais: 2
evid-fonte-aula-kaiser-68-3-exercicios-de-percepcao-de-duas-notas,aula-kaiser-68-3-exercicios-de-percepcao-de-duas-notas,entrada_catalogo,inventario_v03,"arq-0201;arq-0200","Entrada catalogada: 3. Exercícios de percepção de DUAS notas (Kaiserplay). Disponibilidade: disponivel",verificado_metadados,2026-09-14,Arquivos locais: 2
evid-fonte-aula-kaiser-69-4-exercicios-de-percepcao-de-acordes,aula-kaiser-69-4-exercicios-de-percepcao-de-acordes,entrada_catalogo,inventario_v03,"arq-0203;arq-0202","Entrada catalogada: 4. Exercícios de percepção de ACORDES (Kaiserplay). Disponibilidade: disponivel",verificado_metadados,2026-09-14,Arquivos locais: 2
evid-fonte-aula-kaiser-70-5-exemplo-aprendendo-de-ouvido-uma-canca,aula-kaiser-70-5-exemplo-aprendendo-de-ouvido-uma-canca,entrada_catalogo,inventario_v03,"arq-0207;arq-0206;arq-0204;arq-0205","Entrada catalogada: 5. Exemplo_ aprendendo de ouvido uma canção (Kaiserplay). Disponibilidade: disponivel",verificado_metadados,2026-09-14,Arquivos locais: 4
evid-fonte-aula-kaiser-71-6-exemplo-2-aprendendo-de-ouvido-uma-pec,aula-kaiser-71-6-exemplo-2-aprendendo-de-ouvido-uma-pec,entrada_catalogo,inventario_v03,"arq-0210;arq-0208;arq-0209","Entrada catalogada: 6. Exemplo 2_ aprendendo de ouvido uma peça (Kaiserplay). Disponibilidade: disponivel",verificado_metadados,2026-09-14,Arquivos locais: 3
evid-fonte-aula-kaiser-72-7-programas-que-podem-ajudar,aula-kaiser-72-7-programas-que-podem-ajudar,entrada_catalogo,inventario_v03,"arq-0212;arq-0211","Entrada catalogada: 7. Programas que podem ajudar (Kaiserplay). Disponibilidade: disponivel",verificado_metadados,2026-09-14,Arquivos locais: 2
evid-fonte-aula-mod-1-20,aula-mod-1-20,entrada_catalogo,inventario_v03,"arq-1407;arq-1408;arq-1402;arq-1409","Entrada catalogada: 20 - Violão - 3.4 - Chama o flautista! - Let it be (Método Tríade). Disponibilidade: disponivel",verificado_metadados,2026-09-14,Arquivos locais: 4
evid-fonte-aula-mod-1-21,aula-mod-1-21,entrada_catalogo,inventario_v03,"arq-1419;arq-1420;arq-1421;arq-1414;arq-1422;arq-1426","Entrada catalogada: 21 - UPGRADE 8.0 Violão - 3.5 - Acordes E A D - Born this w (Método Tríade). Disponibilidade: disponivel",verificado_metadados,2026-09-14,Arquivos locais: 6
evid-fonte-aula-mod-1-22,aula-mod-1-22,entrada_catalogo,inventario_v03,"arq-1434;arq-1435;arq-1429","Entrada catalogada: 22 - Violão - 3.6 - É o Amor (Método Tríade). Disponibilidade: disponivel",verificado_metadados,2026-09-14,Arquivos locais: 3
evid-fonte-aula-mod-1-23,aula-mod-1-23,entrada_catalogo,inventario_v03,"arq-1441;arq-1442;arq-1436;arq-1443","Entrada catalogada: 23 - Violão - 3.7- Apresentando G e C (Método Tríade). Disponibilidade: disponivel",verificado_metadados,2026-09-14,Arquivos locais: 4
evid-fonte-aula-mod-1-24,aula-mod-1-24,entrada_catalogo,inventario_v03,"arq-1449;arq-1448;arq-1450","Entrada catalogada: 24 - Violão - 3.8 - 'A sua' Usando G e C (Método Tríade). Disponibilidade: disponivel",verificado_metadados,2026-09-14,Arquivos locais: 3
evid-fonte-aula-mod-1-25,aula-mod-1-25,entrada_catalogo,inventario_v03,"arq-1457;arq-1458;arq-1453;arq-1459","Entrada catalogada: 25 - Violão - 3.9 - Fluência - Born This Way (Praticando C e (Método Tríade). Disponibilidade: disponivel",verificado_metadados,2026-09-14,Arquivos locais: 4
evid-fonte-aula-mod-1-26,aula-mod-1-26,entrada_catalogo,inventario_v03,"arq-1465;arq-1466;arq-1467;arq-1468;arq-1460;arq-1469;arq-1474","Entrada catalogada: 26 - H P - 4 As Notas Musicais (Pág 08) (Método Tríade). Disponibilidade: disponivel",verificado_metadados,2026-09-14,Arquivos locais: 7
evid-fonte-aula-mod-1-27,aula-mod-1-27,entrada_catalogo,inventario_v03,"arq-1484;arq-1485;arq-1486;arq-1479;arq-1487","Entrada catalogada: 27 - Violão - 4.1 - Aplicando o G e C - Patience e Ovelha Neg (Método Tríade). Disponibilidade: disponivel",verificado_metadados,2026-09-14,Arquivos locais: 5
evid-fonte-aula-mod-1-28,aula-mod-1-28,entrada_catalogo,inventario_v03,"arq-1496;arq-1495;arq-1492","Entrada catalogada: 28 - Violão - 4.2 O que é o HIPER DETALHAMENTO (Método Tríade). Disponibilidade: disponivel",verificado_metadados,2026-09-14,Arquivos locais: 3
evid-fonte-aula-mod-1-29,aula-mod-1-29,entrada_catalogo,inventario_v03,"arq-1498;arq-1500;arq-1499;arq-1497","Entrada catalogada: 29 - Violão - 4.3 - HIPER DETALHAMENTO- Ovelha Negra (1 de 2) (Método Tríade). Disponibilidade: disponivel",verificado_metadados,2026-09-14,Arquivos locais: 4
evid-fonte-aula-mod-1-30,aula-mod-1-30,entrada_catalogo,inventario_v03,"arq-1502;arq-1501","Entrada catalogada: 30 - Violão - 4.4 - HIPER DETALHAMENTO- Ovelha Negra (2 de 2) (Método Tríade). Disponibilidade: disponivel",verificado_metadados,2026-09-14,Arquivos locais: 2
evid-fonte-aula-mod-1-31,aula-mod-1-31,entrada_catalogo,inventario_v03,"arq-1504;arq-1506;arq-1507;arq-1508;arq-1505;arq-1503;arq-1509;arq-1510","Entrada catalogada: 31 - Violão - 4.5 - Batida POP Básica (Método Tríade). Disponibilidade: disponivel",verificado_metadados,2026-09-14,Arquivos locais: 8
evid-fonte-aula-mod-2-13,aula-mod-2-13,entrada_catalogo,inventario_v03,"arq-1607;arq-1606","Entrada catalogada: 14 - H P - 7.1 - Id. Acordes Maiores e Menores (Pág 18) UPGRA (Método Tríade). Disponibilidade: disponivel",verificado_metadados,2026-09-14,Arquivos locais: 2
evid-fonte-aula-mod-2-14,aula-mod-2-14,entrada_catalogo,inventario_v03,"arq-1609;arq-1610;arq-1611;arq-1612;arq-1608;arq-1613;arq-1614","Entrada catalogada: 15 - H P - 7.2 - Id. Acordes Maiores e Menores (Correção) UPG (Método Tríade). Disponibilidade: disponivel",verificado_metadados,2026-09-14,Arquivos locais: 7
evid-fonte-aula-mod-2-15,aula-mod-2-15,entrada_catalogo,inventario_v03,"arq-1616;arq-1615","Entrada catalogada: 16 - Violão - 7.1 - Que País é Esse - Como eu Quero (Método Tríade). Disponibilidade: disponivel",verificado_metadados,2026-09-14,Arquivos locais: 2
evid-fonte-aula-mod-2-16,aula-mod-2-16,entrada_catalogo,inventario_v03,"arq-1618;arq-1619;arq-1620;arq-1617;arq-1621","Entrada catalogada: 17 - Violão - 7.2 Chama o flautista! - Como eu Quero (Método Tríade). Disponibilidade: disponivel",verificado_metadados,2026-09-14,Arquivos locais: 5
evid-fonte-aula-mod-2-17,aula-mod-2-17,entrada_catalogo,inventario_v03,"arq-1623;arq-1624;arq-1622;arq-1625","Entrada catalogada: 18 - UPGRADE 7.0 Violão - 7.3 Principais Elementos de Inte (Método Tríade). Disponibilidade: disponivel",verificado_metadados,2026-09-14,Arquivos locais: 4
evid-fonte-aula-mod-2-19,aula-mod-2-19,entrada_catalogo,inventario_v03,"arq-1629;arq-1630;arq-1628;arq-1631","Entrada catalogada: 20 - Violão - 8.1 - Batida Rock Inglês (Método Tríade). Disponibilidade: disponivel",verificado_metadados,2026-09-14,Arquivos locais: 4
evid-fonte-aula-mod-2-20,aula-mod-2-20,entrada_catalogo,inventario_v03,"arq-1633;arq-1636;arq-1634;arq-1635;arq-1632","Entrada catalogada: 21 - Violão - 8.2 - O Sol - Rock Inglês (Método Tríade). Disponibilidade: disponivel",verificado_metadados,2026-09-14,Arquivos locais: 5
evid-fonte-aula-mod-2-21,aula-mod-2-21,entrada_catalogo,inventario_v03,"arq-1638;arq-1637","Entrada catalogada: 22 - Violão - 8.3 TOCA que eu CANTO - O SOl (Método Tríade). Disponibilidade: disponivel",verificado_metadados,2026-09-14,Arquivos locais: 2
evid-fonte-aula-mod-2-22,aula-mod-2-22,entrada_catalogo,inventario_v03,"arq-1640;arq-1641;arq-1639","Entrada catalogada: 23 - UPGRADE 7.0 Violão - 8.4 - Fluência no ROCK INGLÊS ou (Método Tríade). Disponibilidade: disponivel",verificado_metadados,2026-09-14,Arquivos locais: 3
evid-fonte-aula-mod-2-23,aula-mod-2-23,entrada_catalogo,inventario_v03,"arq-1643;arq-1644;arq-1645;arq-1642;arq-1646","Entrada catalogada: 24 - Violão - 8.5 Como encordoar NYLON (Método Tríade). Disponibilidade: disponivel",verificado_metadados,2026-09-14,Arquivos locais: 5
evid-fonte-aula-mod-2-24,aula-mod-2-24,entrada_catalogo,inventario_v03,"arq-1648;arq-1647","Entrada catalogada: 25 - Violão - 8.6 Como encordoar AÇO (Método Tríade). Disponibilidade: disponivel",verificado_metadados,2026-09-14,Arquivos locais: 2
evid-fonte-aula-mod-2-25,aula-mod-2-25,entrada_catalogo,inventario_v03,"arq-1650;arq-1649","Entrada catalogada: 26 - Violão - 8.7 - Bônus - 10 Músicas com apenas E, A e D (Método Tríade). Disponibilidade: disponivel",verificado_metadados,2026-09-14,Arquivos locais: 2
evid-fonte-aula-mod-3-10,aula-mod-3-10,entrada_catalogo,inventario_v03,"arq-1718;arq-1719;arq-1720;arq-1717;arq-1721;arq-1722","Entrada catalogada: 11 - Violão - 10.1 - Leitura C D E (Método Tríade). Disponibilidade: disponivel",verificado_metadados,2026-09-14,Arquivos locais: 6
evid-fonte-aula-mod-3-11,aula-mod-3-11,entrada_catalogo,inventario_v03,"arq-1724;arq-1723;arq-1725","Entrada catalogada: 12 - Violão -10.2 - Pestana! (Método Tríade). Disponibilidade: disponivel",verificado_metadados,2026-09-14,Arquivos locais: 3
evid-fonte-aula-mod-3-12,aula-mod-3-12,entrada_catalogo,inventario_v03,"arq-1727;arq-1726;arq-1728","Entrada catalogada: 13 - Violão -10.3 - A Pestana e o Paralelismo (Método Tríade). Disponibilidade: disponivel",verificado_metadados,2026-09-14,Arquivos locais: 3
evid-fonte-aula-mod-3-13,aula-mod-3-13,entrada_catalogo,inventario_v03,"arq-1730;arq-1729","Entrada catalogada: 14 - Violão -10.4 - PRATICANDO Bm com Wicked Game - Apresenta (Método Tríade). Disponibilidade: disponivel",verificado_metadados,2026-09-14,Arquivos locais: 2
evid-fonte-aula-mod-3-14,aula-mod-3-14,entrada_catalogo,inventario_v03,"arq-1732;arq-1731","Entrada catalogada: 15 - Violão -10.5 - wicked game PRATICANDO PESTANA - violao (Método Tríade). Disponibilidade: disponivel",verificado_metadados,2026-09-14,Arquivos locais: 2
evid-fonte-aula-mod-3-15,aula-mod-3-15,entrada_catalogo,inventario_v03,"arq-1734;arq-1733","Entrada catalogada: 16 - Violão - 10.6 TOCA que eu CANTO - Wonderwall (Método Tríade). Disponibilidade: disponivel",verificado_metadados,2026-09-14,Arquivos locais: 2
evid-fonte-aula-mod-3-16,aula-mod-3-16,entrada_catalogo,inventario_v03,"arq-1736;arq-1735","Entrada catalogada: 17 - 10.7 - Pra que serve o capotraste (Método Tríade). Disponibilidade: disponivel",verificado_metadados,2026-09-14,Arquivos locais: 2
evid-fonte-aula-mod-3-17,aula-mod-3-17,entrada_catalogo,inventario_v03,"arq-1737","Entrada catalogada: 18 - H P -11 - Semínima, Pausa e Colchêia - Pág 29 (Método Tríade). Disponibilidade: disponivel",verificado_metadados,2026-09-14,Arquivos locais: 1
evid-fonte-aula-mod-3-18,aula-mod-3-18,entrada_catalogo,inventario_v03,"arq-1739;arq-1740;arq-1741;arq-1738;arq-1742","Entrada catalogada: 19 - Violão -11.1 - Eu Sei (Pág 30) (Método Tríade). Disponibilidade: disponivel",verificado_metadados,2026-09-14,Arquivos locais: 5
evid-fonte-aula-mod-3-19,aula-mod-3-19,entrada_catalogo,inventario_v03,"arq-1744;arq-1745;arq-1746;arq-1747;arq-1743;arq-1748;arq-1749","Entrada catalogada: 20 - Violão - 11.2 - Leitura C D E F G (Método Tríade). Disponibilidade: disponivel",verificado_metadados,2026-09-14,Arquivos locais: 7
evid-fonte-aula-mod-3-20,aula-mod-3-20,entrada_catalogo,inventario_v03,"arq-1750","Entrada catalogada: 21 - Violão - 11.3 - Batida POP Básica Variação (TCHAC) (Método Tríade). Disponibilidade: disponivel",verificado_metadados,2026-09-14,Arquivos locais: 1
evid-fonte-aula-mod-3-21,aula-mod-3-21,entrada_catalogo,inventario_v03,"arq-1752;arq-1754;arq-1755;arq-1756;arq-1753;arq-1751;arq-1757;arq-1758","Entrada catalogada: 22 - Violão - 11.4 - Revisão de Notas no Braço (Método Tríade). Disponibilidade: disponivel",verificado_metadados,2026-09-14,Arquivos locais: 8
evid-fonte-aula-mod-3-22,aula-mod-3-22,entrada_catalogo,inventario_v03,"arq-1760;arq-1759","Entrada catalogada: 23 - Violão - 11.5 - Intensivão Pestana! (Método Tríade). Disponibilidade: disponivel",verificado_metadados,2026-09-14,Arquivos locais: 2
evid-fonte-aula-mod-4-13,aula-mod-4-13,entrada_catalogo,inventario_v03,"sem_arquivo_local","Entrada catalogada: Quiz para ir para o Mês 4 (Método Tríade). Disponibilidade: sem_material",verificado_metadados,2026-09-14,Arquivos locais: 0
evid-fonte-aula-mod-4-15,aula-mod-4-15,entrada_catalogo,inventario_v03,"sem_arquivo_local","Entrada catalogada: Mega-Bônus_ 38.235 Cifras! (Método Tríade). Disponibilidade: sem_material",verificado_metadados,2026-09-14,Arquivos locais: 0
evid-fonte-aula-mod-4-1,aula-mod-4-1,entrada_catalogo,inventario_v03,"sem_arquivo_local","Entrada catalogada: 04 - 13 - Colcheia I UPGRADE 8.0 (Pág 36) (Método Tríade). Disponibilidade: sem_material",verificado_metadados,2026-09-14,Arquivos locais: 0
evid-fonte-aula-mod-4-16,aula-mod-4-16,entrada_catalogo,inventario_v03,"sem_arquivo_local","Entrada catalogada: _UPGRADE 7.0_ Violão - 13.1 - Revisão (Método Tríade). Disponibilidade: sem_material",verificado_metadados,2026-09-14,Arquivos locais: 0
evid-fonte-aula-mod-4-17,aula-mod-4-17,entrada_catalogo,inventario_v03,"sem_arquivo_local","Entrada catalogada: _UPGRADE 7.0_ Violão - 13.2 - Acorde X7M na Prática (Pág (Método Tríade). Disponibilidade: sem_material",verificado_metadados,2026-09-14,Arquivos locais: 0
evid-fonte-aula-mod-4-18,aula-mod-4-18,entrada_catalogo,inventario_v03,"sem_arquivo_local","Entrada catalogada: Violão - 13.3 -  Batida Bossanova (Pág 40) (Método Tríade). Disponibilidade: sem_material",verificado_metadados,2026-09-14,Arquivos locais: 0
evid-fonte-aula-mod-4-19,aula-mod-4-19,entrada_catalogo,inventario_v03,"sem_arquivo_local","Entrada catalogada: Violão - 13.4 TOCA que eu CANTO - Faz Parte do meu Show (Método Tríade). Disponibilidade: sem_material",verificado_metadados,2026-09-14,Arquivos locais: 0
evid-fonte-aula-mod-4-2,aula-mod-4-2,entrada_catalogo,inventario_v03,"sem_arquivo_local","Entrada catalogada: 09 - UPGRADE 7.0 H P - 14 - Form de Acordes II (Pág 37) (Método Tríade). Disponibilidade: sem_material",verificado_metadados,2026-09-14,Arquivos locais: 0
evid-fonte-aula-mod-4-3,aula-mod-4-3,entrada_catalogo,inventario_v03,"sem_arquivo_local","Entrada catalogada: 10 - UPGRADE 7.0 H P - 14 - Form de Acordes II - Trabalho d (Método Tríade). Disponibilidade: sem_material",verificado_metadados,2026-09-14,Arquivos locais: 0
evid-fonte-aula-mod-4-20,aula-mod-4-20,entrada_catalogo,inventario_v03,"arq-1848;arq-1847","Entrada catalogada: Violão - 14.1 - Tablatura (Método Tríade). Disponibilidade: disponivel",verificado_metadados,2026-09-14,Arquivos locais: 2
evid-fonte-aula-mod-4-21,aula-mod-4-21,entrada_catalogo,inventario_v03,"arq-1850;arq-1851;arq-1849;arq-1852","Entrada catalogada: Violão - 14.2 - Seu primeiro FINGERSTYLE - Águas de Març (Método Tríade). Disponibilidade: disponivel",verificado_metadados,2026-09-14,Arquivos locais: 4
evid-fonte-aula-mod-4-22,aula-mod-4-22,entrada_catalogo,inventario_v03,"arq-1854;arq-1855;arq-1853","Entrada catalogada: Violão - 14.3 - BÔNUS_ FINGERSTYLE FÁCIL!  TOCANDO EM FR (Método Tríade). Disponibilidade: disponivel",verificado_metadados,2026-09-14,Arquivos locais: 3
evid-fonte-aula-mod-4-24,aula-mod-4-24,entrada_catalogo,inventario_v03,"arq-1860;arq-1859","Entrada catalogada: Violão - 15.2 _UPGRADE 5.0_ Batida de Guarânia (Método Tríade). Disponibilidade: disponivel",verificado_metadados,2026-09-14,Arquivos locais: 2
evid-fonte-aula-mod-4-25,aula-mod-4-25,entrada_catalogo,inventario_v03,"arq-1862;arq-1861","Entrada catalogada: Violão - 15.3 _UPGRADE 5.0_ Chama o Flautista - Guarânia (Método Tríade). Disponibilidade: disponivel",verificado_metadados,2026-09-14,Arquivos locais: 2
evid-fonte-aula-kaiser-122-1-partitura-leitura-melodica,aula-kaiser-122-1-partitura-leitura-melodica,entrada_catalogo,inventario_v03,"arq-0400;arq-0394;arq-0395;arq-0396;arq-0397;arq-0398;arq-0399","Entrada catalogada: 1. Partitura_ Leitura MELÓDICA (Kaiserplay). Disponibilidade: disponivel",verificado_metadados,2026-09-14,Arquivos locais: 7
evid-fonte-aula-kaiser-123-2-partitura-leitura-ritmica,aula-kaiser-123-2-partitura-leitura-ritmica,entrada_catalogo,inventario_v03,"arq-0407;arq-0402;arq-0404;arq-0405;arq-0401;arq-0403;arq-0406","Entrada catalogada: 2. Partitura_ Leitura RÍTMICA (Kaiserplay). Disponibilidade: disponivel",verificado_metadados,2026-09-14,Arquivos locais: 7
evid-fonte-aula-kaiser-124-3-partituras-faceis-para-iniciantes,aula-kaiser-124-3-partituras-faceis-para-iniciantes,entrada_catalogo,inventario_v03,"arq-0415;arq-0408;arq-0409;arq-0410;arq-0411;arq-0412;arq-0413;arq-0414","Entrada catalogada: 3. Partituras fáceis para iniciantes (Kaiserplay). Disponibilidade: disponivel",verificado_metadados,2026-09-14,Arquivos locais: 8
evid-fonte-aula-kaiser-125-4-andante-h-pinto-partituras-de-nivel-me,aula-kaiser-125-4-andante-h-pinto-partituras-de-nivel-me,entrada_catalogo,inventario_v03,"arq-0418;arq-0416;arq-0417","Entrada catalogada: 4. ANDANTE (H. Pinto)_ Partituras de Nível Médio (Kaiserplay). Disponibilidade: disponivel",verificado_metadados,2026-09-14,Arquivos locais: 3
evid-fonte-aula-kaiser-126-5-allegretto-h-pinto-partituras-de-nivel,aula-kaiser-126-5-allegretto-h-pinto-partituras-de-nivel,entrada_catalogo,inventario_v03,"arq-0421;arq-0419;arq-0420","Entrada catalogada: 5. ALLEGRETTO (H. Pinto)_ Partituras de Nível Médio (Kaiserplay). Disponibilidade: disponivel",verificado_metadados,2026-09-14,Arquivos locais: 3
evid-fonte-aula-kaiser-127-6-andante-religioso-partitura-de-nivel-m,aula-kaiser-127-6-andante-religioso-partitura-de-nivel-m,entrada_catalogo,inventario_v03,"arq-0424;arq-0422;arq-0423","Entrada catalogada: 6. ANDANTE RELIGIOSO_ Partitura de Nível Médio (Kaiserplay). Disponibilidade: disponivel",verificado_metadados,2026-09-14,Arquivos locais: 3
evid-fonte-aula-kaiser-136-1-importante-saiba-como-assistir-as-aula,aula-kaiser-136-1-importante-saiba-como-assistir-as-aula,entrada_catalogo,inventario_v03,"arq-0459;arq-0457;arq-0458;arq-0453;arq-0452;arq-0454;arq-0455;arq-0456","Entrada catalogada: 1. IMPORTANTE ! Saiba como assistir as aulas de Repertório (Kaiserplay). Disponibilidade: disponivel",verificado_metadados,2026-09-14,Arquivos locais: 8
evid-fonte-aula-kaiser-137-10-pequena-valsa-ferdinando-carulli-viol,aula-kaiser-137-10-pequena-valsa-ferdinando-carulli-viol,entrada_catalogo,inventario_v03,"arq-0462;arq-0460;arq-0461","Entrada catalogada: 10. Pequena Valsa (Ferdinando Carulli) - Violão Clássico (Kaiserplay). Disponibilidade: disponivel",verificado_metadados,2026-09-14,Arquivos locais: 3
evid-fonte-aula-kaiser-138-11-baixo-cantante-pedro-cameron-violao-c,aula-kaiser-138-11-baixo-cantante-pedro-cameron-violao-c,entrada_catalogo,inventario_v03,"arq-0464;arq-0463","Entrada catalogada: 11. Baixo Cantante (Pedro Cameron) - Violão Clássico (Kaiserplay). Disponibilidade: disponivel",verificado_metadados,2026-09-14,Arquivos locais: 2
evid-fonte-aula-kaiser-139-12-andantino-antonio-cano-violao-classic,aula-kaiser-139-12-andantino-antonio-cano-violao-classic,entrada_catalogo,inventario_v03,"arq-0468;arq-0466;arq-0465;arq-0467","Entrada catalogada: 12. Andantino (Antonio Cano) - Violão Clássico (Kaiserplay). Disponibilidade: disponivel",verificado_metadados,2026-09-14,Arquivos locais: 4
evid-fonte-aula-kaiser-140-13-madrugada-marcos-kaiser-violao-classi,aula-kaiser-140-13-madrugada-marcos-kaiser-violao-classi,entrada_catalogo,inventario_v03,"arq-0470;arq-0469","Entrada catalogada: 13. Madrugada (Marcos Kaiser) - Violão Clássico (Kaiserplay). Disponibilidade: disponivel",verificado_metadados,2026-09-14,Arquivos locais: 2
evid-fonte-aula-kaiser-141-14-atirei-o-pau-no-gato,aula-kaiser-141-14-atirei-o-pau-no-gato,entrada_catalogo,inventario_v03,"arq-0472;arq-0471","Entrada catalogada: 14. Atirei o Pau no Gato (Kaiserplay). Disponibilidade: disponivel",verificado_metadados,2026-09-14,Arquivos locais: 2
evid-fonte-aula-kaiser-142-15-gloria-gloria-aleluia-versao-simplifi,aula-kaiser-142-15-gloria-gloria-aleluia-versao-simplifi,entrada_catalogo,inventario_v03,"arq-0474;arq-0473","Entrada catalogada: 15. Glória Glória Aleluia (versão simplificada) (Kaiserplay). Disponibilidade: disponivel",verificado_metadados,2026-09-14,Arquivos locais: 2
evid-fonte-aula-kaiser-143-16-se-essa-rua-fosse-minha-mpb,aula-kaiser-143-16-se-essa-rua-fosse-minha-mpb,entrada_catalogo,inventario_v03,"arq-0477;arq-0475;arq-0476","Entrada catalogada: 16. Se Essa Rua Fosse Minha - MPB (Kaiserplay). Disponibilidade: disponivel",verificado_metadados,2026-09-14,Arquivos locais: 3
evid-fonte-aula-kaiser-144-17-estudo-de-pestanas-marcos-kaiser,aula-kaiser-144-17-estudo-de-pestanas-marcos-kaiser,entrada_catalogo,inventario_v03,"arq-0480;arq-0478;arq-0479","Entrada catalogada: 17. Estudo de Pestanas (Marcos Kaiser) (Kaiserplay). Disponibilidade: disponivel",verificado_metadados,2026-09-14,Arquivos locais: 3
evid-fonte-aula-kaiser-145-18-estudo-em-do-tarrega-violao-classico,aula-kaiser-145-18-estudo-em-do-tarrega-violao-classico,entrada_catalogo,inventario_v03,"arq-0482;arq-0481","Entrada catalogada: 18. Estudo em Dó (Tárrega) - Violão Clássico (Kaiserplay). Disponibilidade: disponivel",verificado_metadados,2026-09-14,Arquivos locais: 2
evid-fonte-aula-kaiser-146-19-greensleeves-violao-classico,aula-kaiser-146-19-greensleeves-violao-classico,entrada_catalogo,inventario_v03,"arq-0485;arq-0483;arq-0484","Entrada catalogada: 19. Greensleeves - Violão Clássico (Kaiserplay). Disponibilidade: disponivel",verificado_metadados,2026-09-14,Arquivos locais: 3
evid-fonte-aula-kaiser-147-2-o-melhor-exercicio-do-mundo,aula-kaiser-147-2-o-melhor-exercicio-do-mundo,entrada_catalogo,inventario_v03,"arq-0490;arq-0488;arq-0489;arq-0486;arq-0487","Entrada catalogada: 2. O MELHOR EXERCÍCIO DO MUNDO (Kaiserplay). Disponibilidade: disponivel",verificado_metadados,2026-09-14,Arquivos locais: 5
evid-fonte-aula-kaiser-148-20-toureiro-marcos-kaiser-musica-espanho,aula-kaiser-148-20-toureiro-marcos-kaiser-musica-espanho,entrada_catalogo,inventario_v03,"arq-0492;arq-0491","Entrada catalogada: 20. Toureiro (Marcos Kaiser) - Música Espanhola (Kaiserplay). Disponibilidade: disponivel",verificado_metadados,2026-09-14,Arquivos locais: 2
evid-fonte-aula-kaiser-149-21-estudo-de-dedilhados-no-campo-harmoni,aula-kaiser-149-21-estudo-de-dedilhados-no-campo-harmoni,entrada_catalogo,inventario_v03,"arq-0494;arq-0493","Entrada catalogada: 21. Estudo de Dedilhados no Campo Harmônico (Kaiserplay). Disponibilidade: disponivel",verificado_metadados,2026-09-14,Arquivos locais: 2
evid-fonte-aula-kaiser-150-22-samba-lele-aprenda-seu-primeiro-samba,aula-kaiser-150-22-samba-lele-aprenda-seu-primeiro-samba,entrada_catalogo,inventario_v03,"arq-0496;arq-0495","Entrada catalogada: 22. Samba Lelê - APRENDA SEU PRIMEIRO SAMBA (Kaiserplay). Disponibilidade: disponivel",verificado_metadados,2026-09-14,Arquivos locais: 2
evid-fonte-aula-kaiser-151-23-o-menos-e-mais-choro,aula-kaiser-151-23-o-menos-e-mais-choro,entrada_catalogo,inventario_v03,"arq-0501;arq-0499;arq-0500;arq-0497;arq-0498","Entrada catalogada: 23. O Menos é Mais (Choro) (Kaiserplay). Disponibilidade: disponivel",verificado_metadados,2026-09-14,Arquivos locais: 5
evid-fonte-aula-kaiser-152-24-romance-de-amor-violao-classico,aula-kaiser-152-24-romance-de-amor-violao-classico,entrada_catalogo,inventario_v03,"arq-0508;arq-0502;arq-0503;arq-0504;arq-0505;arq-0506;arq-0507","Entrada catalogada: 24. Romance de Amor - Violão Clássico (Kaiserplay). Disponibilidade: disponivel",verificado_metadados,2026-09-14,Arquivos locais: 7
evid-fonte-aula-kaiser-153-25-lagrima-tarrega-violao-classico,aula-kaiser-153-25-lagrima-tarrega-violao-classico,entrada_catalogo,inventario_v03,"arq-0511;arq-0509;arq-0510","Entrada catalogada: 25. Lágrima (Tárrega) - Violão Clássico (Kaiserplay). Disponibilidade: disponivel",verificado_metadados,2026-09-14,Arquivos locais: 3
evid-fonte-aula-kaiser-154-26-tema-do-harry-potter-violao-classico,aula-kaiser-154-26-tema-do-harry-potter-violao-classico,entrada_catalogo,inventario_v03,"arq-0517;arq-0515;arq-0514;arq-0516;arq-0512;arq-0513","Entrada catalogada: 26. Tema do Harry Potter - Violão Clássico (Kaiserplay). Disponibilidade: disponivel",verificado_metadados,2026-09-14,Arquivos locais: 6
evid-fonte-aula-kaiser-155-27-fur-elise-beethoven-violao-classico,aula-kaiser-155-27-fur-elise-beethoven-violao-classico,entrada_catalogo,inventario_v03,"arq-0520;arq-0518;arq-0519","Entrada catalogada: 27. Für Elise (Beethoven) - Violão Clássico (Kaiserplay). Disponibilidade: disponivel",verificado_metadados,2026-09-14,Arquivos locais: 3
evid-fonte-aula-kaiser-156-28-saudades-de-marcia-baden-powell,aula-kaiser-156-28-saudades-de-marcia-baden-powell,entrada_catalogo,inventario_v03,"arq-0523;arq-0521;arq-0522","Entrada catalogada: 28. Saudades de Márcia (Baden Powell) (Kaiserplay). Disponibilidade: disponivel",verificado_metadados,2026-09-14,Arquivos locais: 3
evid-fonte-aula-kaiser-157-29-eu-nao-existo-sem-voce-tom-jobim-mpb,aula-kaiser-157-29-eu-nao-existo-sem-voce-tom-jobim-mpb,entrada_catalogo,inventario_v03,"arq-0528;arq-0526;arq-0527;arq-0524;arq-0525","Entrada catalogada: 29. Eu Não Existo Sem Você (Tom Jobim) - MPB (Kaiserplay). Disponibilidade: disponivel",verificado_metadados,2026-09-14,Arquivos locais: 5
evid-fonte-aula-kaiser-158-3-como-avancar-nas-aulas-de-repertorio,aula-kaiser-158-3-como-avancar-nas-aulas-de-repertorio,entrada_catalogo,inventario_v03,"arq-0530;arq-0529","Entrada catalogada: 3. Como avançar nas aulas de REPERTÓRIO (Kaiserplay). Disponibilidade: disponivel",verificado_metadados,2026-09-14,Arquivos locais: 2
evid-fonte-aula-kaiser-159-30-estudo-n-5-em-si-menor-fernando-sor-v,aula-kaiser-159-30-estudo-n-5-em-si-menor-fernando-sor-v,entrada_catalogo,inventario_v03,"arq-0533;arq-0531;arq-0532","Entrada catalogada: 30. Estudo n.5 em Si menor (Fernando Sor) - Violão Clássico (Kaiserplay). Disponibilidade: disponivel",verificado_metadados,2026-09-14,Arquivos locais: 3
evid-fonte-aula-kaiser-160-31-adelita-tarrega-violao-classico,aula-kaiser-160-31-adelita-tarrega-violao-classico,entrada_catalogo,inventario_v03,"arq-0536;arq-0535;arq-0534","Entrada catalogada: 31. Adelita (Tárrega) - Violão Clássico (Kaiserplay). Disponibilidade: disponivel",verificado_metadados,2026-09-14,Arquivos locais: 3
evid-fonte-aula-kaiser-161-4-antes-de-tudo-faca-as-posturas-correta,aula-kaiser-161-4-antes-de-tudo-faca-as-posturas-correta,entrada_catalogo,inventario_v03,"arq-0541;arq-0539;arq-0540;arq-0537;arq-0538","Entrada catalogada: 4. ANTES DE TUDO_ Faça as Posturas Corretas (Kaiserplay). Disponibilidade: disponivel",verificado_metadados,2026-09-14,Arquivos locais: 5
evid-fonte-aula-kaiser-162-5-qual-dedo-usar-regras-de-digitacao,aula-kaiser-162-5-qual-dedo-usar-regras-de-digitacao,entrada_catalogo,inventario_v03,"arq-0543;arq-0542","Entrada catalogada: 5. QUAL DEDO USAR_ Regras de Digitação (Kaiserplay). Disponibilidade: disponivel",verificado_metadados,2026-09-14,Arquivos locais: 2
evid-fonte-aula-kaiser-163-6-um-erro-muito-comum-da-mao-direita,aula-kaiser-163-6-um-erro-muito-comum-da-mao-direita,entrada_catalogo,inventario_v03,"arq-0545;arq-0544","Entrada catalogada: 6. UM ERRO muito comum DA MÃO DIREITA (Kaiserplay). Disponibilidade: disponivel",verificado_metadados,2026-09-14,Arquivos locais: 2
evid-fonte-aula-kaiser-164-7-cai-cai-balao,aula-kaiser-164-7-cai-cai-balao,entrada_catalogo,inventario_v03,"arq-0548;arq-0546;arq-0547","Entrada catalogada: 7. Cai Cai Balão (Kaiserplay). Disponibilidade: disponivel",verificado_metadados,2026-09-14,Arquivos locais: 3
evid-fonte-aula-kaiser-165-8-9-sinfonia-ode-a-alegria-beethoven-vio,aula-kaiser-165-8-9-sinfonia-ode-a-alegria-beethoven-vio,entrada_catalogo,inventario_v03,"arq-0552;arq-0550;arq-0549;arq-0551","Entrada catalogada: 8. 9ª Sinfonia, Ode à Alegria (Beethoven) - Violão Clássico (Kaiserplay). Disponibilidade: disponivel",verificado_metadados,2026-09-14,Arquivos locais: 4
evid-fonte-aula-kaiser-166-9-valsa-em-do-maior-pequeno-estudo-marco,aula-kaiser-166-9-valsa-em-do-maior-pequeno-estudo-marco,entrada_catalogo,inventario_v03,"arq-0555;arq-0553;arq-0554","Entrada catalogada: 9. Valsa em Dó Maior (Pequeno Estudo) - Marcos Kaiser (Kaiserplay). Disponibilidade: disponivel",verificado_metadados,2026-09-14,Arquivos locais: 3
evid-fonte-aula-mod-3-23,aula-mod-3-23,entrada_catalogo,inventario_v03,"arq-1762;arq-1763;arq-1764;arq-1761;arq-1765","Entrada catalogada: 24 - UPGRADE 7.0 Violão - 11.6 - Ajuda EXTRA na POP TCHAC (Método Tríade). Disponibilidade: disponivel",verificado_metadados,2026-09-14,Arquivos locais: 5
evid-fonte-aula-mod-3-24,aula-mod-3-24,entrada_catalogo,inventario_v03,"arq-1767;arq-1768;arq-1769;arq-1766;arq-1770;arq-1771","Entrada catalogada: 25 - UPGRADE 7.0 Violão - 11.7 - NUNCA faça isso (Método Tríade). Disponibilidade: disponivel",verificado_metadados,2026-09-14,Arquivos locais: 6
evid-fonte-aula-mod-3-25,aula-mod-3-25,entrada_catalogo,inventario_v03,"arq-1773;arq-1772","Entrada catalogada: 26 - H P - 12 - Formação de Acordes - Pág 31 (UPGRADE 2023) (Método Tríade). Disponibilidade: disponivel",verificado_metadados,2026-09-14,Arquivos locais: 2
evid-fonte-aula-mod-3-26,aula-mod-3-26,entrada_catalogo,inventario_v03,"arq-1775;arq-1776;arq-1777;arq-1774;arq-1778","Entrada catalogada: 27 - Violão - 12.1 - Seus PRIMEIROS Dedilhados I (batida) (Método Tríade). Disponibilidade: disponivel",verificado_metadados,2026-09-14,Arquivos locais: 5
evid-fonte-aula-mod-3-27,aula-mod-3-27,entrada_catalogo,inventario_v03,"arq-1780;arq-1779","Entrada catalogada: 28 - Violão - 12.2 - Seus PRIMEIROS Dedilhados II (batida) (Método Tríade). Disponibilidade: disponivel",verificado_metadados,2026-09-14,Arquivos locais: 2
evid-fonte-aula-mod-3-28,aula-mod-3-28,entrada_catalogo,inventario_v03,"arq-1782;arq-1783;arq-1781","Entrada catalogada: 29 - Violão - 12.3 - Dedilhado Direto (batida) (Método Tríade). Disponibilidade: disponivel",verificado_metadados,2026-09-14,Arquivos locais: 3
evid-fonte-aula-mod-3-29,aula-mod-3-29,entrada_catalogo,inventario_v03,"arq-1785;arq-1787;arq-1786;arq-1784","Entrada catalogada: 30 - UPGRADE 7.0 Violão - 12.4 - Acorde X7M (entendimento) (Método Tríade). Disponibilidade: disponivel",verificado_metadados,2026-09-14,Arquivos locais: 4
evid-fonte-aula-mod-3-30,aula-mod-3-30,entrada_catalogo,inventario_v03,"arq-1789;arq-1790;arq-1788","Entrada catalogada: 31 - Violão - 12.5 - BÔNUS O Solinho de 'O SOL' (Método Tríade). Disponibilidade: disponivel",verificado_metadados,2026-09-14,Arquivos locais: 3
evid-fonte-aula-mod-3-31,aula-mod-3-31,entrada_catalogo,inventario_v03,"arq-1792;arq-1791","Entrada catalogada: 32 - Violão - 12.6 - BÔNUS Técnica da ELIPSE na Palheta (Método Tríade). Disponibilidade: disponivel",verificado_metadados,2026-09-14,Arquivos locais: 2
evid-fonte-aula-mod-3-32,aula-mod-3-32,entrada_catalogo,inventario_v03,"arq-1793","Entrada catalogada: 33 - Violão - 12.7 - BÔNUS Introdução DEVOLVA-ME (Método Tríade). Disponibilidade: disponivel",verificado_metadados,2026-09-14,Arquivos locais: 1
evid-fonte-aula-mod-3-33,aula-mod-3-33,entrada_catalogo,inventario_v03,"arq-1795;arq-1796;arq-1794","Entrada catalogada: 34 - Violão - 12.8 UPGRADE 5.0 Batida Baião (Método Tríade). Disponibilidade: disponivel",verificado_metadados,2026-09-14,Arquivos locais: 3
evid-fonte-aula-mod-3-34,aula-mod-3-34,entrada_catalogo,inventario_v03,"arq-1798;arq-1800;arq-1799;arq-1797","Entrada catalogada: 35 - Violão - 12.9 UPGRADE 5.0 TOCA que eu CANTO - WICKED G (Método Tríade). Disponibilidade: disponivel",verificado_metadados,2026-09-14,Arquivos locais: 4
evid-fonte-aula-mod-3-35,aula-mod-3-35,entrada_catalogo,inventario_v03,"arq-1802;arq-1801","Entrada catalogada: 36 - Violão - 12.10 UPGRADE 5.0 SOLO - WICKED GAME (Método Tríade). Disponibilidade: disponivel",verificado_metadados,2026-09-14,Arquivos locais: 2
evid-fonte-aula-mod-3-36,aula-mod-3-36,entrada_catalogo,inventario_v03,"arq-1804;arq-1803","Entrada catalogada: 37 - Violão - 12.11 UPGRADE 5.0 Altura das cordas (Método Tríade). Disponibilidade: disponivel",verificado_metadados,2026-09-14,Arquivos locais: 2
evid-fonte-aula-mod-3-37,aula-mod-3-37,entrada_catalogo,inventario_v03,"arq-1805","Entrada catalogada: 38 - BÔNUS H P - 9.2 - Figuras Rítmicas (ao VIVO!) (Método Tríade). Disponibilidade: disponivel",verificado_metadados,2026-09-14,Arquivos locais: 1
evid-fonte-aula-mod-3-38,aula-mod-3-38,entrada_catalogo,inventario_v03,"arq-1807;arq-1806","Entrada catalogada: 39 - BÔNUS SHOW de fim de ano!! (Método Tríade). Disponibilidade: disponivel",verificado_metadados,2026-09-14,Arquivos locais: 2
evid-fonte-aula-mod-3-39,aula-mod-3-39,entrada_catalogo,inventario_v03,"arq-1809;arq-1812;arq-1813;arq-1811;arq-1810;arq-1808;arq-1814;arq-1815","Entrada catalogada: 40 - BÔNUS H P - 10 - Escala Maior - Pág 26 (AO VIVO) (Método Tríade). Disponibilidade: disponivel",verificado_metadados,2026-09-14,Arquivos locais: 8
evid-fonte-aula-mod-3-40,aula-mod-3-40,entrada_catalogo,inventario_v03,"arq-1817;arq-1818;arq-1819;arq-1816;arq-1820","Entrada catalogada: 41 - BÔNUS H P -11 - Semínima, Pausa e Colchêia - Pág 29 (AO (Método Tríade). Disponibilidade: disponivel",verificado_metadados,2026-09-14,Arquivos locais: 5
evid-fonte-aula-mod-3-41,aula-mod-3-41,entrada_catalogo,inventario_v03,"arq-1822;arq-1823;arq-1824;arq-1821;arq-1825","Entrada catalogada: 42 - BÔNUS H P - 12 - Formação de Acordes - Pág 31 (AO VIVO (Método Tríade). Disponibilidade: disponivel",verificado_metadados,2026-09-14,Arquivos locais: 5
evid-fonte-aula-mod-3-42,aula-mod-3-42,entrada_catalogo,inventario_v03,"arq-1827;arq-1828;arq-1829;arq-1826;arq-1830","Entrada catalogada: 43 - BÔNUS Sugestão de TABELA de ESTUDO (Método Tríade). Disponibilidade: disponivel",verificado_metadados,2026-09-14,Arquivos locais: 5
evid-fonte-aula-mod-3-44,aula-mod-3-44,entrada_catalogo,inventario_v03,"sem_arquivo_local","Entrada catalogada: VIOLÁO - ACONTECEU ALGUMA COISA_ (Método Tríade). Disponibilidade: sem_material",verificado_metadados,2026-09-14,Arquivos locais: 0
evid-fonte-aula-mod-4-26,aula-mod-4-26,entrada_catalogo,inventario_v03,"arq-1864;arq-1865;arq-1863;arq-1866","Entrada catalogada: _UPGRADE 6.0_ 15.4  - Upgrade na harmonia de Encosta sua (Método Tríade). Disponibilidade: disponivel",verificado_metadados,2026-09-14,Arquivos locais: 4
evid-fonte-aula-mod-4-27,aula-mod-4-27,entrada_catalogo,inventario_v03,"sem_arquivo_local","Entrada catalogada: 15.5 _UPGRADE 6.0_ Dedilhado Wake me up (Método Tríade). Disponibilidade: sem_material",verificado_metadados,2026-09-14,Arquivos locais: 0
evid-fonte-aula-mod-4-28,aula-mod-4-28,entrada_catalogo,inventario_v03,"sem_arquivo_local","Entrada catalogada: 15.6 _UPGRADE 6.0_ Dedilhado Wake me up - Parte B e Fluê (Método Tríade). Disponibilidade: sem_material",verificado_metadados,2026-09-14,Arquivos locais: 0
evid-fonte-aula-mod-4-4,aula-mod-4-4,entrada_catalogo,inventario_v03,"arq-1835;arq-1836;arq-1834;arq-1837","Entrada catalogada: 20 - UPGRADE 7.0 H P - 16.1 CAMPO HARMÔNICO - Preparação (Método Tríade). Disponibilidade: disponivel",verificado_metadados,2026-09-14,Arquivos locais: 4
evid-fonte-aula-mod-4-5,aula-mod-4-5,entrada_catalogo,inventario_v03,"sem_arquivo_local","Entrada catalogada: 21 - UPGRADE 7.0 H P - 16.2 A Aula + importante da sua VID (Método Tríade). Disponibilidade: sem_material",verificado_metadados,2026-09-14,Arquivos locais: 0
evid-fonte-aula-mod-4-6,aula-mod-4-6,entrada_catalogo,inventario_v03,"sem_arquivo_local","Entrada catalogada: 22 - UPGRADE 7.0 Violão - 16.1 - Batida Balada ECM (Pág 41) (Método Tríade). Disponibilidade: sem_material",verificado_metadados,2026-09-14,Arquivos locais: 0
evid-fonte-aula-mod-4-7,aula-mod-4-7,entrada_catalogo,inventario_v03,"sem_arquivo_local","Entrada catalogada: 23 - UPGRADE 7.0 Violão - 16.2 - Balada ECM FLUÊNCIA! Acim (Método Tríade). Disponibilidade: sem_material",verificado_metadados,2026-09-14,Arquivos locais: 0
evid-fonte-aula-mod-4-8,aula-mod-4-8,entrada_catalogo,inventario_v03,"sem_arquivo_local","Entrada catalogada: 24 - UPGRADE 7.0 Violão - 16.3 - Como DIVIDIR a Balada ECM (Método Tríade). Disponibilidade: sem_material",verificado_metadados,2026-09-14,Arquivos locais: 0
evid-fonte-aula-mod-4-9,aula-mod-4-9,entrada_catalogo,inventario_v03,"arq-1839;arq-1840;arq-1841;arq-1842;arq-1838;arq-1843;arq-1844","Entrada catalogada: 25 - UPGRADE 7.0 Violão - 16.4 - Balada ECM - Meu Eu em Voc (Método Tríade). Disponibilidade: disponivel",verificado_metadados,2026-09-14,Arquivos locais: 7
evid-fonte-aula-mod-4-10,aula-mod-4-10,entrada_catalogo,inventario_v03,"arq-1846;arq-1845","Entrada catalogada: 26 - UPGRADE 7.0 Violão - 16.5 - Balada ECM - A Estrada (Método Tríade). Disponibilidade: disponivel",verificado_metadados,2026-09-14,Arquivos locais: 2
evid-fonte-aula-mod-4-29,aula-mod-4-29,entrada_catalogo,inventario_v03,"arq-1867","Entrada catalogada: Violão - 16.6 - Balada ECM Exemplos (Método Tríade). Disponibilidade: disponivel",verificado_metadados,2026-09-14,Arquivos locais: 1
evid-fonte-aula-mod-4-30,aula-mod-4-30,entrada_catalogo,inventario_v03,"sem_arquivo_local","Entrada catalogada: Violão - 16.7 - Na Rua, Na chuva (pág 59) .. e Intensivo (Método Tríade). Disponibilidade: sem_material",verificado_metadados,2026-09-14,Arquivos locais: 0
evid-fonte-aula-mod-4-11,aula-mod-4-11,entrada_catalogo,inventario_v03,"sem_arquivo_local","Entrada catalogada: 29 - Violão - 16.8 - BÔNUS - ERRE assim para tocar MELHOR (Método Tríade). Disponibilidade: sem_material",verificado_metadados,2026-09-14,Arquivos locais: 0
evid-fonte-aula-mod-4-31,aula-mod-4-31,entrada_catalogo,inventario_v03,"sem_arquivo_local","Entrada catalogada: Violão - 16.9 - Top 10 músicas que todo iniciante no vio (Método Tríade). Disponibilidade: sem_material",verificado_metadados,2026-09-14,Arquivos locais: 0
evid-fonte-aula-mod-4-32,aula-mod-4-32,entrada_catalogo,inventario_v03,"sem_arquivo_local","Entrada catalogada: Violão - 16.10 - Técnica do DEDO ÂNCORA (Método Tríade). Disponibilidade: sem_material",verificado_metadados,2026-09-14,Arquivos locais: 0
evid-fonte-aula-mod-4-33,aula-mod-4-33,entrada_catalogo,inventario_v03,"sem_arquivo_local","Entrada catalogada: Violão - 16.11 - De janeiro a Janeiro (Balada ECM) (Método Tríade). Disponibilidade: sem_material",verificado_metadados,2026-09-14,Arquivos locais: 0
evid-fonte-aula-mod-4-34,aula-mod-4-34,entrada_catalogo,inventario_v03,"arq-1868","Entrada catalogada: Violão - 16.12 Janeiro - TOCA que eu CANTO (Método Tríade). Disponibilidade: parcial",verificado_metadados,2026-09-14,Arquivos locais: 1
evid-fonte-aula-mod-4-12,aula-mod-4-12,entrada_catalogo,inventario_v03,"sem_arquivo_local","Entrada catalogada: 34 - Você pode me ajudar São só 3 perguntinhas! (Método Tríade). Disponibilidade: sem_material",verificado_metadados,2026-09-14,Arquivos locais: 0
evid-fonte-aula-mod-5-24,aula-mod-5-24,entrada_catalogo,inventario_v03,"arq-1889","Entrada catalogada: Violão - 18.3 -  Acorde X7  (pág 48) (Método Tríade). Disponibilidade: disponivel",verificado_metadados,2026-09-14,Arquivos locais: 1
evid-fonte-aula-mod-5-26,aula-mod-5-26,entrada_catalogo,inventario_v03,"sem_arquivo_local","Entrada catalogada: Violão - 19.3 - Exemplos X7 (Depois, Guita, Me Chama) (Método Tríade). Disponibilidade: sem_material",verificado_metadados,2026-09-14,Arquivos locais: 0
evid-fonte-aula-mod-5-33,aula-mod-5-33,entrada_catalogo,inventario_v03,"arq-1896;arq-1895","Entrada catalogada: Violão - 20.4 - BÔNUS Toque MAIS no Acorde X7 (Método Tríade). Disponibilidade: disponivel",verificado_metadados,2026-09-14,Arquivos locais: 2
evid-fonte-aula-mod-6-1,aula-mod-6-1,entrada_catalogo,inventario_v03,"sem_arquivo_local","Entrada catalogada: 12 - UPGRADE 7.0 Violão - 22.2 - Fluência na PESTANA - Pupi (Método Tríade). Disponibilidade: sem_material",verificado_metadados,2026-09-14,Arquivos locais: 0
evid-fonte-aula-mod-8-9,aula-mod-8-9,entrada_catalogo,inventario_v03,"sem_arquivo_local","Entrada catalogada: 17 - VERSÁO 4.0 Violão - 34 Acorde X7(13) e X7(b13) (Método Tríade). Disponibilidade: sem_material",verificado_metadados,2026-09-14,Arquivos locais: 0
evid-fonte-aula-mod-9-11,aula-mod-9-11,entrada_catalogo,inventario_v03,"arq-2046;arq-2047;arq-2045;arq-2048","Entrada catalogada: 15 - Violão 40.1 - Apresentando o X7(13) e o X7(b13) (Método Tríade). Disponibilidade: disponivel",verificado_metadados,2026-09-14,Arquivos locais: 4
evid-fonte-aula-mod-9-12,aula-mod-9-12,entrada_catalogo,inventario_v03,"arq-2050;arq-2049","Entrada catalogada: 16 - Violão 40.2 - Apresentando o X7(9) e o X7(b9) (Método Tríade). Disponibilidade: disponivel",verificado_metadados,2026-09-14,Arquivos locais: 2
evid-fonte-aula-mod-9-13,aula-mod-9-13,entrada_catalogo,inventario_v03,"arq-2052;arq-2053;arq-2054;arq-2051;arq-2055;arq-2056","Entrada catalogada: 17 - Violão 40.3 - A Intercambialidade do X7(9) - (13) e X7 (Método Tríade). Disponibilidade: disponivel",verificado_metadados,2026-09-14,Arquivos locais: 6
evid-fonte-aula-mod-9-19,aula-mod-9-19,entrada_catalogo,inventario_v03,"sem_arquivo_local","Entrada catalogada: Violão 41.1 -  Subida Harmônica de voicings X7(9) (Método Tríade). Disponibilidade: sem_material",verificado_metadados,2026-09-14,Arquivos locais: 0
evid-fonte-aula-kaiser-95-1-como-estudar-para-evoluir-no-violao-ro,aula-kaiser-95-1-como-estudar-para-evoluir-no-violao-ro,entrada_catalogo,inventario_v03,"arq-0299;arq-0295;arq-0297;arq-0296;arq-0298;arq-0294","Entrada catalogada: 1. Como Estudar para EVOLUIR no violão_ ROTINA DE ESTUDOS pa (Kaiserplay). Disponibilidade: disponivel",verificado_metadados,2026-09-14,Arquivos locais: 6
evid-fonte-aula-kaiser-96-10-exercicios-para-o-polegar-esse-e-meu-,aula-kaiser-96-10-exercicios-para-o-polegar-esse-e-meu-,entrada_catalogo,inventario_v03,"arq-0301;arq-0300","Entrada catalogada: 10. Exercícios para o Polegar (esse é meu ponto fraco) (Kaiserplay). Disponibilidade: disponivel",verificado_metadados,2026-09-14,Arquivos locais: 2
evid-fonte-aula-kaiser-97-11-picado-a-tecnica-da-velocidade,aula-kaiser-97-11-picado-a-tecnica-da-velocidade,entrada_catalogo,inventario_v03,"arq-0303;arq-0302","Entrada catalogada: 11. PICADO_ a técnica da velocidade (Kaiserplay). Disponibilidade: disponivel",verificado_metadados,2026-09-14,Arquivos locais: 2
evid-fonte-aula-kaiser-98-12-violao-de-6-ou-7-cordas-qual-diferenc,aula-kaiser-98-12-violao-de-6-ou-7-cordas-qual-diferenc,entrada_catalogo,inventario_v03,"arq-0305;arq-0304","Entrada catalogada: 12. VIOLÃO de 6 ou 7 cordas_ Qual diferença_ (Kaiserplay). Disponibilidade: disponivel",verificado_metadados,2026-09-14,Arquivos locais: 2
evid-fonte-aula-kaiser-99-13-como-iniciar-no-violao-de-7-cordas,aula-kaiser-99-13-como-iniciar-no-violao-de-7-cordas,entrada_catalogo,inventario_v03,"arq-0311;arq-0307;arq-0309;arq-0308;arq-0310;arq-0306","Entrada catalogada: 13. Como INICIAR no violão de 7 cordas_ (Kaiserplay). Disponibilidade: disponivel",verificado_metadados,2026-09-14,Arquivos locais: 6
evid-fonte-aula-kaiser-100-14-como-tocar-harmonicos-naturais-e-arti,aula-kaiser-100-14-como-tocar-harmonicos-naturais-e-arti,entrada_catalogo,inventario_v03,"arq-0317;arq-0314;arq-0315;arq-0313;arq-0316;arq-0312","Entrada catalogada: 14. Como tocar Harmônicos Naturais e Artificias (Kaiserplay). Disponibilidade: disponivel",verificado_metadados,2026-09-14,Arquivos locais: 6
evid-fonte-aula-kaiser-101-15-metodo-correto-de-aquecimento,aula-kaiser-101-15-metodo-correto-de-aquecimento,entrada_catalogo,inventario_v03,"arq-0321;arq-0319;arq-0320;arq-0318","Entrada catalogada: 15. Método CORRETO de aquecimento (Kaiserplay). Disponibilidade: disponivel",verificado_metadados,2026-09-14,Arquivos locais: 4
evid-fonte-aula-kaiser-102-16-como-fazer-um-violao-soar-como-um-vio,aula-kaiser-102-16-como-fazer-um-violao-soar-como-um-vio,entrada_catalogo,inventario_v03,"arq-0323;arq-0322","Entrada catalogada: 16. Como fazer um Violão soar como um Violoncelo (Kaiserplay). Disponibilidade: disponivel",verificado_metadados,2026-09-14,Arquivos locais: 2
evid-fonte-aula-kaiser-103-17-exercicio-pra-arrebentar-a-sua-mao-fl,aula-kaiser-103-17-exercicio-pra-arrebentar-a-sua-mao-fl,entrada_catalogo,inventario_v03,"arq-0327;arq-0325;arq-0326;arq-0324","Entrada catalogada: 17. EXERCÍCIO PRA ARREBENTAR A SUA MÃO _ Flexibilidade (Kaiserplay). Disponibilidade: disponivel",verificado_metadados,2026-09-14,Arquivos locais: 4
evid-fonte-aula-kaiser-104-18-posturas-do-corpo-e-das-maos,aula-kaiser-104-18-posturas-do-corpo-e-das-maos,entrada_catalogo,inventario_v03,"arq-0331;arq-0329;arq-0330;arq-0328","Entrada catalogada: 18. Posturas do corpo e das mãos (Kaiserplay). Disponibilidade: disponivel",verificado_metadados,2026-09-14,Arquivos locais: 4
evid-fonte-aula-kaiser-105-19-estralar-os-dedos-faz-mal,aula-kaiser-105-19-estralar-os-dedos-faz-mal,entrada_catalogo,inventario_v03,"arq-0333;arq-0332","Entrada catalogada: 19. ESTRALAR os dedos faz Mal_ (Kaiserplay). Disponibilidade: disponivel",verificado_metadados,2026-09-14,Arquivos locais: 2
evid-fonte-aula-kaiser-106-2-como-continuar-evoluindo-no-violao-pra,aula-kaiser-106-2-como-continuar-evoluindo-no-violao-pra,entrada_catalogo,inventario_v03,"arq-0339;arq-0335;arq-0337;arq-0336;arq-0338;arq-0334","Entrada catalogada: 2. Como continuar evoluindo no VIOLÃO pra sempre_ (Kaiserplay). Disponibilidade: disponivel",verificado_metadados,2026-09-14,Arquivos locais: 6
evid-fonte-aula-kaiser-107-20-como-virar-um-virtuoso,aula-kaiser-107-20-como-virar-um-virtuoso,entrada_catalogo,inventario_v03,"arq-0343;arq-0341;arq-0342;arq-0340","Entrada catalogada: 20. Como virar um VIRTUOSO_ (Kaiserplay). Disponibilidade: disponivel",verificado_metadados,2026-09-14,Arquivos locais: 4
evid-fonte-aula-kaiser-108-3-o-maior-erro-de-um-estudante-de-musica,aula-kaiser-108-3-o-maior-erro-de-um-estudante-de-musica,entrada_catalogo,inventario_v03,"arq-0349;arq-0345;arq-0347;arq-0346;arq-0348;arq-0344","Entrada catalogada: 3. O MAIOR ERRO de um Estudante de Música (Kaiserplay). Disponibilidade: disponivel",verificado_metadados,2026-09-14,Arquivos locais: 6
evid-fonte-aula-kaiser-109-4-diferencas-entre-estilos-erudito-finge,aula-kaiser-109-4-diferencas-entre-estilos-erudito-finge,entrada_catalogo,inventario_v03,"arq-0358;arq-0352;arq-0353;arq-0354;arq-0355;arq-0350;arq-0351;arq-0356;arq-0357","Entrada catalogada: 4. Diferenças entre estilos_ Erudito, Fingerstyle, Brasileir (Kaiserplay). Disponibilidade: disponivel",verificado_metadados,2026-09-14,Arquivos locais: 9
evid-fonte-aula-kaiser-110-5-como-estudar-com-metronomo,aula-kaiser-110-5-como-estudar-com-metronomo,entrada_catalogo,inventario_v03,"arq-0360;arq-0359","Entrada catalogada: 5. Como estudar com Metrônomo (Kaiserplay). Disponibilidade: disponivel",verificado_metadados,2026-09-14,Arquivos locais: 2
evid-fonte-aula-kaiser-111-6-como-tocar-com-o-som-limpo,aula-kaiser-111-6-como-tocar-com-o-som-limpo,entrada_catalogo,inventario_v03,"arq-0366;arq-0362;arq-0364;arq-0363;arq-0365;arq-0361","Entrada catalogada: 6. Como tocar com o som limpo (Kaiserplay). Disponibilidade: disponivel",verificado_metadados,2026-09-14,Arquivos locais: 6
evid-fonte-aula-kaiser-112-7-como-trocar-as-cordas-corretamente,aula-kaiser-112-7-como-trocar-as-cordas-corretamente,entrada_catalogo,inventario_v03,"arq-0368;arq-0367","Entrada catalogada: 7. Como TROCAR AS CORDAS corretamente (Kaiserplay). Disponibilidade: disponivel",verificado_metadados,2026-09-14,Arquivos locais: 2
evid-fonte-aula-kaiser-113-8-unhas-como-dar-formato-adequado,aula-kaiser-113-8-unhas-como-dar-formato-adequado,entrada_catalogo,inventario_v03,"arq-0370;arq-0369","Entrada catalogada: 8. UNHAS_ Como dar formato adequado (Kaiserplay). Disponibilidade: disponivel",verificado_metadados,2026-09-14,Arquivos locais: 2
evid-fonte-aula-kaiser-114-9-aprenda-a-tocar-com-emocao,aula-kaiser-114-9-aprenda-a-tocar-com-emocao,entrada_catalogo,inventario_v03,"arq-0372;arq-0371","Entrada catalogada: 9. Aprenda a tocar com EMOÇÃO (Kaiserplay). Disponibilidade: disponivel",verificado_metadados,2026-09-14,Arquivos locais: 2
evid-fonte-aula-mod-5-30,aula-mod-5-30,entrada_catalogo,inventario_v03,"sem_arquivo_local","Entrada catalogada: Violão - 20.1 - Batida Bossa Variação (Pag 52) (Método Tríade). Disponibilidade: sem_material",verificado_metadados,2026-09-14,Arquivos locais: 0
evid-fonte-aula-mod-9-10,aula-mod-9-10,entrada_catalogo,inventario_v03,"arq-2044;arq-2043","Entrada catalogada: 13 - Violão 40 - UPGRADE 6.0 Garota de Ipanema em 3 níveis (Método Tríade). Disponibilidade: disponivel",verificado_metadados,2026-09-14,Arquivos locais: 2
evid-fonte-aula-kaiser-1-1-batida-de-samba-e-bossa-nova,aula-kaiser-1-1-batida-de-samba-e-bossa-nova,entrada_catalogo,inventario_v03,"arq-0006;arq-0002;arq-0004;arq-0003;arq-0005;arq-0001","Entrada catalogada: 1. Batida de Samba e Bossa Nova (Kaiserplay). Disponibilidade: disponivel",verificado_metadados,2026-09-14,Arquivos locais: 6
evid-fonte-aula-kaiser-9-17-o-barquinho-bossa-nova,aula-kaiser-9-17-o-barquinho-bossa-nova,entrada_catalogo,inventario_v03,"arq-0033;arq-0031;arq-0032;arq-0029;arq-0030","Entrada catalogada: 17. O Barquinho (Bossa Nova) (Kaiserplay). Disponibilidade: disponivel",verificado_metadados,2026-09-14,Arquivos locais: 5
evid-fonte-aula-kaiser-11-19-wave-bossa-nova,aula-kaiser-11-19-wave-bossa-nova,entrada_catalogo,inventario_v03,"arq-0041;arq-0036;arq-0039;arq-0040;arq-0037;arq-0038","Entrada catalogada: 19. Wave (Bossa Nova) (Kaiserplay). Disponibilidade: disponivel",verificado_metadados,2026-09-14,Arquivos locais: 6
evid-fonte-aula-kaiser-13-20-chega-de-saudade-bossa-nova,aula-kaiser-13-20-chega-de-saudade-bossa-nova,entrada_catalogo,inventario_v03,"arq-0050;arq-0048;arq-0049","Entrada catalogada: 20. Chega de Saudade (Bossa Nova) (Kaiserplay). Disponibilidade: disponivel",verificado_metadados,2026-09-14,Arquivos locais: 3
evid-fonte-aula-mod-6-6,aula-mod-6-6,entrada_catalogo,inventario_v03,"sem_arquivo_local","Entrada catalogada: Violão - 21.1 - Apresentação (Método Tríade). Disponibilidade: sem_material",verificado_metadados,2026-09-14,Arquivos locais: 0
evid-fonte-aula-mod-6-7,aula-mod-6-7,entrada_catalogo,inventario_v03,"sem_arquivo_local","Entrada catalogada: Violão - 21.2 - Batida Samba Básico (pág 55) (Método Tríade). Disponibilidade: sem_material",verificado_metadados,2026-09-14,Arquivos locais: 0
evid-fonte-aula-mod-6-8,aula-mod-6-8,entrada_catalogo,inventario_v03,"sem_arquivo_local","Entrada catalogada: Violão - 21.3 - Batida Seis por oito (Pág 56) (Método Tríade). Disponibilidade: sem_material",verificado_metadados,2026-09-14,Arquivos locais: 0
evid-fonte-aula-mod-6-9,aula-mod-6-9,entrada_catalogo,inventario_v03,"sem_arquivo_local","Entrada catalogada: Violão - 21.4 - Norweagian Wood (Método Tríade). Disponibilidade: sem_material",verificado_metadados,2026-09-14,Arquivos locais: 0
evid-fonte-aula-mod-6-10,aula-mod-6-10,entrada_catalogo,inventario_v03,"sem_arquivo_local","Entrada catalogada: Violão - 21.5 - Nothing Else Matters (Método Tríade). Disponibilidade: sem_material",verificado_metadados,2026-09-14,Arquivos locais: 0
evid-fonte-aula-mod-6-11,aula-mod-6-11,entrada_catalogo,inventario_v03,"sem_arquivo_local","Entrada catalogada: Violão - 21.6 - A Thousand Years (pág 58) (Método Tríade). Disponibilidade: sem_material",verificado_metadados,2026-09-14,Arquivos locais: 0
evid-fonte-aula-mod-6-12,aula-mod-6-12,entrada_catalogo,inventario_v03,"arq-1906;arq-1907;arq-1905","Entrada catalogada: Violão - 21.7 - Primavera  (pág 57) (Método Tríade). Disponibilidade: disponivel",verificado_metadados,2026-09-14,Arquivos locais: 3
evid-fonte-aula-mod-6-13,aula-mod-6-13,entrada_catalogo,inventario_v03,"sem_arquivo_local","Entrada catalogada: Violão - 21.8 - Você Sempre Será (pág 58) (Método Tríade). Disponibilidade: sem_material",verificado_metadados,2026-09-14,Arquivos locais: 0
evid-fonte-aula-mod-6-15,aula-mod-6-15,entrada_catalogo,inventario_v03,"sem_arquivo_local","Entrada catalogada: Violão - 22.1 - Acorde Xm7 (pág 59) (Método Tríade). Disponibilidade: sem_material",verificado_metadados,2026-09-14,Arquivos locais: 0
evid-fonte-aula-mod-6-16,aula-mod-6-16,entrada_catalogo,inventario_v03,"arq-1909;arq-1908","Entrada catalogada: Violão - 22.3 - Na Rua na Chuva, na fazenda (Método Tríade). Disponibilidade: disponivel",verificado_metadados,2026-09-14,Arquivos locais: 2
evid-fonte-aula-mod-6-17,aula-mod-6-17,entrada_catalogo,inventario_v03,"arq-1911;arq-1910","Entrada catalogada: Violão - 22.4 - O Tempo não para (Método Tríade). Disponibilidade: disponivel",verificado_metadados,2026-09-14,Arquivos locais: 2
evid-fonte-aula-mod-6-18,aula-mod-6-18,entrada_catalogo,inventario_v03,"sem_arquivo_local","Entrada catalogada: Violão - 22.5 - Há tempos (Método Tríade). Disponibilidade: sem_material",verificado_metadados,2026-09-14,Arquivos locais: 0
evid-fonte-aula-mod-6-2,aula-mod-6-2,entrada_catalogo,inventario_v03,"sem_arquivo_local","Entrada catalogada: 16 - UPGRADE 7.0 Violão 22.5 Esse acorde existe (Método Tríade). Disponibilidade: sem_material",verificado_metadados,2026-09-14,Arquivos locais: 0
evid-fonte-aula-mod-8-19,aula-mod-8-19,entrada_catalogo,inventario_v03,"arq-2018;arq-2010;arq-2009","Entrada catalogada: Violão - 32 _ TOCA que eu CANTO  - Samba de Verão (Método Tríade). Disponibilidade: disponivel",verificado_metadados,2026-09-14,Arquivos locais: 3
evid-fonte-aula-kaiser-2-10-faixa-amarela-samba,aula-kaiser-2-10-faixa-amarela-samba,entrada_catalogo,inventario_v03,"arq-0010;arq-0007;arq-0008;arq-0009","Entrada catalogada: 10. Faixa Amarela (Samba) (Kaiserplay). Disponibilidade: disponivel",verificado_metadados,2026-09-14,Arquivos locais: 4
evid-fonte-aula-kaiser-3-11-timoneiro-samba,aula-kaiser-3-11-timoneiro-samba,entrada_catalogo,inventario_v03,"arq-0013;arq-0011;arq-0012","Entrada catalogada: 11. Timoneiro (Samba) (Kaiserplay). Disponibilidade: disponivel",verificado_metadados,2026-09-14,Arquivos locais: 3
evid-fonte-aula-kaiser-4-12-trem-das-onze-samba,aula-kaiser-4-12-trem-das-onze-samba,entrada_catalogo,inventario_v03,"arq-0015;arq-0014","Entrada catalogada: 12. Trem das Onze (Samba) (Kaiserplay). Disponibilidade: disponivel",verificado_metadados,2026-09-14,Arquivos locais: 2
evid-fonte-aula-kaiser-5-13-asa-branca-baiao,aula-kaiser-5-13-asa-branca-baiao,entrada_catalogo,inventario_v03,"arq-0018;arq-0016;arq-0017","Entrada catalogada: 13. Asa Branca (Baião) (Kaiserplay). Disponibilidade: disponivel",verificado_metadados,2026-09-14,Arquivos locais: 3
evid-fonte-aula-kaiser-6-14-kid-cavaquinho-samba,aula-kaiser-6-14-kid-cavaquinho-samba,entrada_catalogo,inventario_v03,"arq-0021;arq-0019;arq-0020","Entrada catalogada: 14. KID Cavaquinho (Samba) (Kaiserplay). Disponibilidade: disponivel",verificado_metadados,2026-09-14,Arquivos locais: 3
evid-fonte-aula-kaiser-7-15-as-pastorinhas-marcha,aula-kaiser-7-15-as-pastorinhas-marcha,entrada_catalogo,inventario_v03,"arq-0025;arq-0022;arq-0023;arq-0024","Entrada catalogada: 15. As Pastorinhas (Marcha) (Kaiserplay). Disponibilidade: disponivel",verificado_metadados,2026-09-14,Arquivos locais: 4
evid-fonte-aula-kaiser-8-16-regra-tres-samba,aula-kaiser-8-16-regra-tres-samba,entrada_catalogo,inventario_v03,"arq-0028;arq-0026;arq-0027","Entrada catalogada: 16. Regra Três (Samba) (Kaiserplay). Disponibilidade: disponivel",verificado_metadados,2026-09-14,Arquivos locais: 3
evid-fonte-aula-kaiser-10-18-como-dizia-o-poeta-samba,aula-kaiser-10-18-como-dizia-o-poeta-samba,entrada_catalogo,inventario_v03,"arq-0035;arq-0034","Entrada catalogada: 18. Como Dizia o Poeta (Samba) (Kaiserplay). Disponibilidade: disponivel",verificado_metadados,2026-09-14,Arquivos locais: 2
evid-fonte-aula-kaiser-12-2-batida-de-choro,aula-kaiser-12-2-batida-de-choro,entrada_catalogo,inventario_v03,"arq-0047;arq-0043;arq-0045;arq-0044;arq-0046;arq-0042","Entrada catalogada: 2. Batida de Choro (Kaiserplay). Disponibilidade: disponivel",verificado_metadados,2026-09-14,Arquivos locais: 6
evid-fonte-aula-kaiser-14-21-noites-cariocas-samba-choro,aula-kaiser-14-21-noites-cariocas-samba-choro,entrada_catalogo,inventario_v03,"arq-0052;arq-0051","Entrada catalogada: 21. Noites Cariocas (Samba - Choro) (Kaiserplay). Disponibilidade: disponivel",verificado_metadados,2026-09-14,Arquivos locais: 2
evid-fonte-aula-kaiser-15-22-contracanto-paulinho-nogueira-samba,aula-kaiser-15-22-contracanto-paulinho-nogueira-samba,entrada_catalogo,inventario_v03,"arq-0055;arq-0053;arq-0054","Entrada catalogada: 22. Contracanto (Paulinho Nogueira) - Samba (Kaiserplay). Disponibilidade: disponivel",verificado_metadados,2026-09-14,Arquivos locais: 3
evid-fonte-aula-kaiser-16-3-batida-de-frevo-e-marcha,aula-kaiser-16-3-batida-de-frevo-e-marcha,entrada_catalogo,inventario_v03,"arq-0061;arq-0057;arq-0059;arq-0058;arq-0060;arq-0056","Entrada catalogada: 3. Batida de Frevo e Marcha (Kaiserplay). Disponibilidade: disponivel",verificado_metadados,2026-09-14,Arquivos locais: 6
evid-fonte-aula-kaiser-17-4-batida-de-baiao,aula-kaiser-17-4-batida-de-baiao,entrada_catalogo,inventario_v03,"arq-0067;arq-0063;arq-0065;arq-0064;arq-0066;arq-0062","Entrada catalogada: 4. Batida de Baião (Kaiserplay). Disponibilidade: disponivel",verificado_metadados,2026-09-14,Arquivos locais: 6
evid-fonte-aula-kaiser-18-5-thumb-slap-batida-fingerstyle,aula-kaiser-18-5-thumb-slap-batida-fingerstyle,entrada_catalogo,inventario_v03,"arq-0073;arq-0069;arq-0071;arq-0070;arq-0072;arq-0068","Entrada catalogada: 5. THUMB SLAP _ Batida Fingerstyle (Kaiserplay). Disponibilidade: disponivel",verificado_metadados,2026-09-14,Arquivos locais: 6
evid-fonte-aula-kaiser-19-6-4-truques-para-melhorar-a-sua-batida-d,aula-kaiser-19-6-4-truques-para-melhorar-a-sua-batida-d,entrada_catalogo,inventario_v03,"arq-0079;arq-0075;arq-0077;arq-0076;arq-0078;arq-0074","Entrada catalogada: 6. 4 Truques para melhorar a sua Batida de Samba (Kaiserplay). Disponibilidade: disponivel",verificado_metadados,2026-09-14,Arquivos locais: 6
evid-fonte-aula-kaiser-20-7-como-assistir-as-proximas-aulas-de-aco,aula-kaiser-20-7-como-assistir-as-proximas-aulas-de-aco,entrada_catalogo,inventario_v03,"arq-0082;arq-0080;arq-0081","Entrada catalogada: 7. Como assistir as próximas aulas de acompanhamento (Kaiserplay). Disponibilidade: disponivel",verificado_metadados,2026-09-14,Arquivos locais: 3
evid-fonte-aula-kaiser-21-8-casa-de-bamba-samba,aula-kaiser-21-8-casa-de-bamba-samba,entrada_catalogo,inventario_v03,"arq-0086;arq-0083;arq-0084;arq-0085","Entrada catalogada: 8. Casa de Bamba (Samba) (Kaiserplay). Disponibilidade: disponivel",verificado_metadados,2026-09-14,Arquivos locais: 4
evid-fonte-aula-kaiser-22-9-devagar-devagarinho-samba,aula-kaiser-22-9-devagar-devagarinho-samba,entrada_catalogo,inventario_v03,"arq-0090;arq-0087;arq-0088;arq-0089","Entrada catalogada: 9. Devagar Devagarinho (Samba) (Kaiserplay). Disponibilidade: disponivel",verificado_metadados,2026-09-14,Arquivos locais: 4
evid-fonte-aula-mod-7-1,aula-mod-7-1,entrada_catalogo,inventario_v03,"sem_arquivo_local","Entrada catalogada: 03 - Violão 25.2 - UPGRADE 6.0 QUATRO exercícios de TÉCNICA (Método Tríade). Disponibilidade: sem_material",verificado_metadados,2026-09-14,Arquivos locais: 0
evid-fonte-aula-mod-7-6,aula-mod-7-6,entrada_catalogo,inventario_v03,"sem_arquivo_local","Entrada catalogada: 19 - Violão - 28.4 - UPGRADE 4.0 - Preparação para FINGERSTYL (Método Tríade). Disponibilidade: sem_material",verificado_metadados,2026-09-14,Arquivos locais: 0
evid-fonte-aula-kaiser-33-1-como-sera-o-curso,aula-kaiser-33-1-como-sera-o-curso,entrada_catalogo,inventario_v03,"arq-0124;arq-0123","Entrada catalogada: 1. Como será o curso (Kaiserplay). Disponibilidade: disponivel",verificado_metadados,2026-09-14,Arquivos locais: 2
evid-fonte-aula-kaiser-34-2-conheca-a-levada-1,aula-kaiser-34-2-conheca-a-levada-1,entrada_catalogo,inventario_v03,"arq-0126;arq-0125","Entrada catalogada: 2. Conheça a levada 1 (Kaiserplay). Disponibilidade: disponivel",verificado_metadados,2026-09-14,Arquivos locais: 2
evid-fonte-aula-kaiser-35-3-aula-da-levada-1-exercicio-1,aula-kaiser-35-3-aula-da-levada-1-exercicio-1,entrada_catalogo,inventario_v03,"arq-0128;arq-0127","Entrada catalogada: 3. Aula da Levada 1 - (Exercício 1) (Kaiserplay). Disponibilidade: disponivel",verificado_metadados,2026-09-14,Arquivos locais: 2
evid-fonte-aula-kaiser-36-4-aula-da-levada-1-exercicio-2-batida-co,aula-kaiser-36-4-aula-da-levada-1-exercicio-2-batida-co,entrada_catalogo,inventario_v03,"arq-0131;arq-0129;arq-0130","Entrada catalogada: 4. Aula da Levada 1 (Exercício 2) - (Batida completa com par (Kaiserplay). Disponibilidade: disponivel",verificado_metadados,2026-09-14,Arquivos locais: 3
evid-fonte-aula-kaiser-37-5-antes-de-continuar-a-estudar,aula-kaiser-37-5-antes-de-continuar-a-estudar,entrada_catalogo,inventario_v03,"arq-0133;arq-0132","Entrada catalogada: 5. ANTES DE CONTINUAR A ESTUDAR (Kaiserplay). Disponibilidade: disponivel",verificado_metadados,2026-09-14,Arquivos locais: 2
evid-fonte-aula-kaiser-38-1-conheca-a-levada-2,aula-kaiser-38-1-conheca-a-levada-2,entrada_catalogo,inventario_v03,"arq-0135;arq-0134","Entrada catalogada: 1. Conheça a Levada 2 (Kaiserplay). Disponibilidade: disponivel",verificado_metadados,2026-09-14,Arquivos locais: 2
evid-fonte-aula-kaiser-39-2-aula-da-levada-2-com-partitura,aula-kaiser-39-2-aula-da-levada-2-com-partitura,entrada_catalogo,inventario_v03,"arq-0138;arq-0136;arq-0137","Entrada catalogada: 2. Aula da Levada 2 (com partitura) (Kaiserplay). Disponibilidade: disponivel",verificado_metadados,2026-09-14,Arquivos locais: 3
evid-fonte-aula-kaiser-40-3-variacao-da-levada-2-usando-todos-os-d,aula-kaiser-40-3-variacao-da-levada-2-usando-todos-os-d,entrada_catalogo,inventario_v03,"arq-0140;arq-0139","Entrada catalogada: 3. Variação da Levada 2 (usando todos os dedos) (Kaiserplay). Disponibilidade: disponivel",verificado_metadados,2026-09-14,Arquivos locais: 2
evid-fonte-aula-kaiser-41-1-conheca-a-levada-3,aula-kaiser-41-1-conheca-a-levada-3,entrada_catalogo,inventario_v03,"arq-0142;arq-0141","Entrada catalogada: 1. Conheça a Levada 3 (Kaiserplay). Disponibilidade: disponivel",verificado_metadados,2026-09-14,Arquivos locais: 2
evid-fonte-aula-kaiser-42-2-aula-da-levada-3-com-partitura,aula-kaiser-42-2-aula-da-levada-3-com-partitura,entrada_catalogo,inventario_v03,"arq-0145;arq-0143;arq-0144","Entrada catalogada: 2. Aula da Levada 3 (com partitura) (Kaiserplay). Disponibilidade: disponivel",verificado_metadados,2026-09-14,Arquivos locais: 3
evid-fonte-aula-kaiser-43-3-combinando-as-levadas-1-e-3,aula-kaiser-43-3-combinando-as-levadas-1-e-3,entrada_catalogo,inventario_v03,"arq-0147;arq-0146","Entrada catalogada: 3. Combinando as Levadas 1 e 3 (Kaiserplay). Disponibilidade: disponivel",verificado_metadados,2026-09-14,Arquivos locais: 2
evid-fonte-aula-kaiser-44-1-conheca-a-levada-n4,aula-kaiser-44-1-conheca-a-levada-n4,entrada_catalogo,inventario_v03,"arq-0149;arq-0148","Entrada catalogada: 1. Conheça a Levada n4 (Kaiserplay). Disponibilidade: disponivel",verificado_metadados,2026-09-14,Arquivos locais: 2
evid-fonte-aula-kaiser-45-2-aula-da-levada-4-com-partitura,aula-kaiser-45-2-aula-da-levada-4-com-partitura,entrada_catalogo,inventario_v03,"arq-0152;arq-0150;arq-0151","Entrada catalogada: 2. Aula da Levada 4 (com partitura) (Kaiserplay). Disponibilidade: disponivel",verificado_metadados,2026-09-14,Arquivos locais: 3
evid-fonte-aula-kaiser-46-3-combinando-as-levadas-1-3-e-4,aula-kaiser-46-3-combinando-as-levadas-1-3-e-4,entrada_catalogo,inventario_v03,"arq-0154;arq-0153","Entrada catalogada: 3. Combinando as Levadas 1, 3 e 4 (Kaiserplay). Disponibilidade: disponivel",verificado_metadados,2026-09-14,Arquivos locais: 2
evid-fonte-aula-kaiser-47-1-conheca-a-levada-5,aula-kaiser-47-1-conheca-a-levada-5,entrada_catalogo,inventario_v03,"arq-0156;arq-0155","Entrada catalogada: 1. Conheça a Levada 5 (Kaiserplay). Disponibilidade: disponivel",verificado_metadados,2026-09-14,Arquivos locais: 2
evid-fonte-aula-kaiser-48-2-aula-da-levada-5-com-partitura,aula-kaiser-48-2-aula-da-levada-5-com-partitura,entrada_catalogo,inventario_v03,"arq-0159;arq-0157;arq-0158","Entrada catalogada: 2. Aula da Levada 5 (com partitura) (Kaiserplay). Disponibilidade: disponivel",verificado_metadados,2026-09-14,Arquivos locais: 3
evid-fonte-aula-kaiser-49-1-juntanto-todas-as-levadas-deixa,aula-kaiser-49-1-juntanto-todas-as-levadas-deixa,entrada_catalogo,inventario_v03,"arq-0162;arq-0160;arq-0161","Entrada catalogada: 1. Juntanto todas as LEVADAS - DEIXA (Kaiserplay). Disponibilidade: disponivel",verificado_metadados,2026-09-14,Arquivos locais: 3
evid-fonte-aula-kaiser-50-2-garota-de-ipanema,aula-kaiser-50-2-garota-de-ipanema,entrada_catalogo,inventario_v03,"arq-0164;arq-0163","Entrada catalogada: 2. GAROTA DE IPANEMA (Kaiserplay). Disponibilidade: disponivel",verificado_metadados,2026-09-14,Arquivos locais: 2
evid-fonte-aula-kaiser-51-3-samba-da-bencao,aula-kaiser-51-3-samba-da-bencao,entrada_catalogo,inventario_v03,"arq-0166;arq-0165","Entrada catalogada: 3. SAMBA DA BENÇÃO (Kaiserplay). Disponibilidade: disponivel",verificado_metadados,2026-09-14,Arquivos locais: 2
evid-fonte-aula-kaiser-52-4-fim,aula-kaiser-52-4-fim,entrada_catalogo,inventario_v03,"arq-0168;arq-0167","Entrada catalogada: 4. FIM (Kaiserplay). Disponibilidade: disponivel",verificado_metadados,2026-09-14,Arquivos locais: 2
evid-fonte-aula-mod-7-2,aula-mod-7-2,entrada_catalogo,inventario_v03,"sem_arquivo_local","Entrada catalogada: 07 - Violão - 26.3 - Inversões na Prática (Método Tríade). Disponibilidade: sem_material",verificado_metadados,2026-09-14,Arquivos locais: 0
evid-fonte-aula-mod-7-3,aula-mod-7-3,entrada_catalogo,inventario_v03,"arq-1917;arq-1918;arq-1916;arq-1919","Entrada catalogada: 08 - Violão - 26.4 - Inversões na Prática (2 de 2) (Método Tríade). Disponibilidade: disponivel",verificado_metadados,2026-09-14,Arquivos locais: 4
evid-fonte-aula-kaiser-53-1-introducao-as-baixarias,aula-kaiser-53-1-introducao-as-baixarias,entrada_catalogo,inventario_v03,"arq-0170;arq-0169","Entrada catalogada: 1. Introdução as Baixarias (Kaiserplay). Disponibilidade: disponivel",verificado_metadados,2026-09-14,Arquivos locais: 2
evid-fonte-aula-kaiser-54-10-misturando-tudo,aula-kaiser-54-10-misturando-tudo,entrada_catalogo,inventario_v03,"arq-0175;arq-0173;arq-0174;arq-0171;arq-0172","Entrada catalogada: 10. Misturando Tudo (Kaiserplay). Disponibilidade: disponivel",verificado_metadados,2026-09-14,Arquivos locais: 5
evid-fonte-aula-kaiser-55-11-conselho-baixarias-no-7-cordas,aula-kaiser-55-11-conselho-baixarias-no-7-cordas,entrada_catalogo,inventario_v03,"arq-0177;arq-0176","Entrada catalogada: 11. CONSELHO (baixarias no 7 cordas) (Kaiserplay). Disponibilidade: disponivel",verificado_metadados,2026-09-14,Arquivos locais: 2
evid-fonte-aula-kaiser-56-2-inversoes-dos-baixos,aula-kaiser-56-2-inversoes-dos-baixos,entrada_catalogo,inventario_v03,"arq-0179;arq-0178","Entrada catalogada: 2. Inversões dos Baixos (Kaiserplay). Disponibilidade: disponivel",verificado_metadados,2026-09-14,Arquivos locais: 2
evid-fonte-aula-kaiser-57-3-escalas-das-baixarias,aula-kaiser-57-3-escalas-das-baixarias,entrada_catalogo,inventario_v03,"arq-0181;arq-0180","Entrada catalogada: 3. Escalas das Baixarias (Kaiserplay). Disponibilidade: disponivel",verificado_metadados,2026-09-14,Arquivos locais: 2
evid-fonte-aula-kaiser-58-4-teoria-na-pratica,aula-kaiser-58-4-teoria-na-pratica,entrada_catalogo,inventario_v03,"arq-0183;arq-0182","Entrada catalogada: 4. Teoria na Prática (Kaiserplay). Disponibilidade: disponivel",verificado_metadados,2026-09-14,Arquivos locais: 2
evid-fonte-aula-kaiser-59-5-orientacoes-sobre-as-baixarias,aula-kaiser-59-5-orientacoes-sobre-as-baixarias,entrada_catalogo,inventario_v03,"arq-0185;arq-0184","Entrada catalogada: 5. Orientações sobre as baixarias (Kaiserplay). Disponibilidade: disponivel",verificado_metadados,2026-09-14,Arquivos locais: 2
evid-fonte-aula-kaiser-60-6-frases-com-duas-notas,aula-kaiser-60-6-frases-com-duas-notas,entrada_catalogo,inventario_v03,"arq-0187;arq-0186","Entrada catalogada: 6. Frases com DUAS notas (Kaiserplay). Disponibilidade: disponivel",verificado_metadados,2026-09-14,Arquivos locais: 2
evid-fonte-aula-kaiser-61-7-frases-com-tres-notas,aula-kaiser-61-7-frases-com-tres-notas,entrada_catalogo,inventario_v03,"arq-0189;arq-0188","Entrada catalogada: 7. Frases com TRÊS notas (Kaiserplay). Disponibilidade: disponivel",verificado_metadados,2026-09-14,Arquivos locais: 2
evid-fonte-aula-kaiser-62-8-frases-com-quatro-notas,aula-kaiser-62-8-frases-com-quatro-notas,entrada_catalogo,inventario_v03,"arq-0191;arq-0190","Entrada catalogada: 8. Frases com QUATRO notas (Kaiserplay). Disponibilidade: disponivel",verificado_metadados,2026-09-14,Arquivos locais: 2
evid-fonte-aula-kaiser-63-9-frases-com-seis-notas,aula-kaiser-63-9-frases-com-seis-notas,entrada_catalogo,inventario_v03,"arq-0193;arq-0192","Entrada catalogada: 9. Frases com SEIS notas (Kaiserplay). Disponibilidade: disponivel",verificado_metadados,2026-09-14,Arquivos locais: 2
evid-fonte-aula-mod-3-9,aula-mod-3-9,entrada_catalogo,inventario_v03,"arq-1715;arq-1716;arq-1714","Entrada catalogada: 10 - H P - 10 - UPGRADE 5.0 Escala Maior - Pág 26 (Método Tríade). Disponibilidade: disponivel",verificado_metadados,2026-09-14,Arquivos locais: 3
evid-fonte-aula-mod-5-32,aula-mod-5-32,entrada_catalogo,inventario_v03,"sem_arquivo_local","Entrada catalogada: Violão - 20.3 - O que é o sistema CAGED_ (Método Tríade). Disponibilidade: sem_material",verificado_metadados,2026-09-14,Arquivos locais: 0
evid-fonte-aula-mod-6-3,aula-mod-6-3,entrada_catalogo,inventario_v03,"sem_arquivo_local","Entrada catalogada: 17 - UPGRADE 7.0 Violão 22.6 Nome pra esse DESENHO de Aco (Método Tríade). Disponibilidade: sem_material",verificado_metadados,2026-09-14,Arquivos locais: 0
evid-fonte-aula-mod-9-8,aula-mod-9-8,entrada_catalogo,inventario_v03,"arq-2038;arq-2037;arq-2036","Entrada catalogada: 11 - Violão - 39.2 - 9's em TÉTRADES de 5a corda (Método Tríade). Disponibilidade: disponivel",verificado_metadados,2026-09-14,Arquivos locais: 3
evid-fonte-aula-mod-10-1,aula-mod-10-1,entrada_catalogo,inventario_v03,"arq-2064;arq-2063","Entrada catalogada: 04 - 04 Desenho 4 - Exerxício 2 (Método Tríade). Disponibilidade: disponivel",verificado_metadados,2026-09-14,Arquivos locais: 2
evid-fonte-aula-mod-10-2,aula-mod-10-2,entrada_catalogo,inventario_v03,"arq-2066;arq-2065","Entrada catalogada: 05 - 05 O Desenho 2 (Método Tríade). Disponibilidade: disponivel",verificado_metadados,2026-09-14,Arquivos locais: 2
evid-fonte-aula-mod-10-3,aula-mod-10-3,entrada_catalogo,inventario_v03,"arq-2068;arq-2067","Entrada catalogada: 07 - 07 Desenho 2 - Exercício 2 (Método Tríade). Disponibilidade: disponivel",verificado_metadados,2026-09-14,Arquivos locais: 2
evid-fonte-aula-mod-10-4,aula-mod-10-4,entrada_catalogo,inventario_v03,"arq-2070;arq-2069","Entrada catalogada: 08 - 08 O Desenho 5 (Método Tríade). Disponibilidade: disponivel",verificado_metadados,2026-09-14,Arquivos locais: 2
evid-fonte-aula-mod-10-5,aula-mod-10-5,entrada_catalogo,inventario_v03,"arq-2072;arq-2071","Entrada catalogada: 09 - 09 Desenho 5 - Exercício 1 (Método Tríade). Disponibilidade: disponivel",verificado_metadados,2026-09-14,Arquivos locais: 2
evid-fonte-aula-mod-10-6,aula-mod-10-6,entrada_catalogo,inventario_v03,"arq-2074;arq-2073","Entrada catalogada: 10 - 10 Os Desenhos 1 e 3 (Método Tríade). Disponibilidade: disponivel",verificado_metadados,2026-09-14,Arquivos locais: 2
evid-fonte-aula-mod-10-7,aula-mod-10-7,entrada_catalogo,inventario_v03,"arq-2076;arq-2075","Entrada catalogada: 11 - 11 Desenho 5 - Exercício 2 (Método Tríade). Disponibilidade: disponivel",verificado_metadados,2026-09-14,Arquivos locais: 2
evid-fonte-aula-mod-10-8,aula-mod-10-8,entrada_catalogo,inventario_v03,"arq-2078;arq-2077","Entrada catalogada: 12 - 12 Desenho 1 - Exercício 1 (Método Tríade). Disponibilidade: disponivel",verificado_metadados,2026-09-14,Arquivos locais: 2
evid-fonte-aula-mod-10-9,aula-mod-10-9,entrada_catalogo,inventario_v03,"arq-2080;arq-2079","Entrada catalogada: 13 - 13 Desenho 1 - Exercício 2 (Método Tríade). Disponibilidade: disponivel",verificado_metadados,2026-09-14,Arquivos locais: 2
evid-fonte-aula-mod-10-10,aula-mod-10-10,entrada_catalogo,inventario_v03,"arq-2082;arq-2081","Entrada catalogada: 14 - 14 Desenho 3 - Exercício 1 (Método Tríade). Disponibilidade: disponivel",verificado_metadados,2026-09-14,Arquivos locais: 2
evid-fonte-aula-mod-10-11,aula-mod-10-11,entrada_catalogo,inventario_v03,"arq-2084;arq-2083","Entrada catalogada: 15 - 15 Desenho 3 - Exercício 2 (Método Tríade). Disponibilidade: disponivel",verificado_metadados,2026-09-14,Arquivos locais: 2
evid-fonte-aula-kaiser-267-1-as-notas-musicais,aula-kaiser-267-1-as-notas-musicais,entrada_catalogo,inventario_v03,"arq-0961;arq-0960","Entrada catalogada: 1. As Notas Musicais (Kaiserplay). Disponibilidade: disponivel",verificado_metadados,2026-09-14,Arquivos locais: 2
evid-fonte-aula-kaiser-268-10-shape-3,aula-kaiser-268-10-shape-3,entrada_catalogo,inventario_v03,"arq-0963;arq-0962","Entrada catalogada: 10. Shape 3 (Kaiserplay). Disponibilidade: disponivel",verificado_metadados,2026-09-14,Arquivos locais: 2
evid-fonte-aula-kaiser-269-11-shape-4,aula-kaiser-269-11-shape-4,entrada_catalogo,inventario_v03,"arq-0967;arq-0965;arq-0966;arq-0964","Entrada catalogada: 11. Shape 4 (Kaiserplay). Disponibilidade: disponivel",verificado_metadados,2026-09-14,Arquivos locais: 4
evid-fonte-aula-kaiser-270-12-shape-5,aula-kaiser-270-12-shape-5,entrada_catalogo,inventario_v03,"arq-0971;arq-0969;arq-0970;arq-0968","Entrada catalogada: 12. Shape 5 (Kaiserplay). Disponibilidade: disponivel",verificado_metadados,2026-09-14,Arquivos locais: 4
evid-fonte-aula-kaiser-271-13-escala-com-cordas-soltas,aula-kaiser-271-13-escala-com-cordas-soltas,entrada_catalogo,inventario_v03,"arq-0977;arq-0975;arq-0976;arq-0972;arq-0973;arq-0974","Entrada catalogada: 13. Escala com cordas soltas (Kaiserplay). Disponibilidade: disponivel",verificado_metadados,2026-09-14,Arquivos locais: 6
evid-fonte-aula-kaiser-272-14-consideracoes-finais-sobre-os-shapes,aula-kaiser-272-14-consideracoes-finais-sobre-os-shapes,entrada_catalogo,inventario_v03,"arq-0981;arq-0979;arq-0980;arq-0978","Entrada catalogada: 14. Considerações Finais sobre os SHAPES (Kaiserplay). Disponibilidade: disponivel",verificado_metadados,2026-09-14,Arquivos locais: 4
evid-fonte-aula-kaiser-273-15-pra-que-servem-as-escalas-e-os-shapes,aula-kaiser-273-15-pra-que-servem-as-escalas-e-os-shapes,entrada_catalogo,inventario_v03,"arq-0983;arq-0982","Entrada catalogada: 15. Pra que servem as ESCALAS e os SHAPES_ (Kaiserplay). Disponibilidade: disponivel",verificado_metadados,2026-09-14,Arquivos locais: 2
evid-fonte-aula-kaiser-274-16-como-transpor-o-tom-de-uma-musica,aula-kaiser-274-16-como-transpor-o-tom-de-uma-musica,entrada_catalogo,inventario_v03,"arq-0985;arq-0984","Entrada catalogada: 16. Como transpor o Tom de uma música (Kaiserplay). Disponibilidade: disponivel",verificado_metadados,2026-09-14,Arquivos locais: 2
evid-fonte-aula-kaiser-275-17-truque-de-mestre-pra-contar-intervalo,aula-kaiser-275-17-truque-de-mestre-pra-contar-intervalo,entrada_catalogo,inventario_v03,"arq-0988;arq-0986;arq-0987","Entrada catalogada: 17. Truque de Mestre pra contar INTERVALOS (Kaiserplay). Disponibilidade: disponivel",verificado_metadados,2026-09-14,Arquivos locais: 3
evid-fonte-aula-kaiser-276-18-o-ciclo-das-quintas-e-das-quartas,aula-kaiser-276-18-o-ciclo-das-quintas-e-das-quartas,entrada_catalogo,inventario_v03,"arq-0991;arq-0989;arq-0990","Entrada catalogada: 18. O Ciclo das Quintas e das Quartas (Kaiserplay). Disponibilidade: disponivel",verificado_metadados,2026-09-14,Arquivos locais: 3
evid-fonte-aula-kaiser-277-19-intervalos-justos-ou-maiores,aula-kaiser-277-19-intervalos-justos-ou-maiores,entrada_catalogo,inventario_v03,"arq-0994;arq-0992;arq-0993","Entrada catalogada: 19. Intervalos Justos ou Maiores_ (Kaiserplay). Disponibilidade: disponivel",verificado_metadados,2026-09-14,Arquivos locais: 3
evid-fonte-aula-kaiser-278-2-intervalos,aula-kaiser-278-2-intervalos,entrada_catalogo,inventario_v03,"arq-0998;arq-0996;arq-0995;arq-0997","Entrada catalogada: 2. Intervalos (Kaiserplay). Disponibilidade: disponivel",verificado_metadados,2026-09-14,Arquivos locais: 4
evid-fonte-aula-kaiser-279-20-como-construir-qualquer-acorde,aula-kaiser-279-20-como-construir-qualquer-acorde,entrada_catalogo,inventario_v03,"arq-1003;arq-1001;arq-1002;arq-0999;arq-1000","Entrada catalogada: 20. Como Construir Qualquer Acorde (Kaiserplay). Disponibilidade: disponivel",verificado_metadados,2026-09-14,Arquivos locais: 5
evid-fonte-aula-kaiser-280-21-escalas-pentatonicas,aula-kaiser-280-21-escalas-pentatonicas,entrada_catalogo,inventario_v03,"arq-1010;arq-1008;arq-1007;arq-1009;arq-1004;arq-1005;arq-1006","Entrada catalogada: 21. Escalas Pentatônicas (Kaiserplay). Disponibilidade: disponivel",verificado_metadados,2026-09-14,Arquivos locais: 7
evid-fonte-aula-kaiser-281-22-entenda-as-inversoes-de-acordes,aula-kaiser-281-22-entenda-as-inversoes-de-acordes,entrada_catalogo,inventario_v03,"arq-1014;arq-1012;arq-1013;arq-1011","Entrada catalogada: 22. Entenda as Inversões de Acordes (Kaiserplay). Disponibilidade: disponivel",verificado_metadados,2026-09-14,Arquivos locais: 4
evid-fonte-aula-kaiser-282-23-inversoes-7m,aula-kaiser-282-23-inversoes-7m,entrada_catalogo,inventario_v03,"arq-1021;arq-1019;arq-1018;arq-1020;arq-1015;arq-1016;arq-1017","Entrada catalogada: 23. Inversões 7M (Kaiserplay). Disponibilidade: disponivel",verificado_metadados,2026-09-14,Arquivos locais: 7
evid-fonte-aula-kaiser-283-24-inversoes-7,aula-kaiser-283-24-inversoes-7,entrada_catalogo,inventario_v03,"arq-1028;arq-1026;arq-1025;arq-1027;arq-1022;arq-1023;arq-1024","Entrada catalogada: 24. Inversões 7 (Kaiserplay). Disponibilidade: disponivel",verificado_metadados,2026-09-14,Arquivos locais: 7
evid-fonte-aula-kaiser-284-25-inversoes-m7,aula-kaiser-284-25-inversoes-m7,entrada_catalogo,inventario_v03,"arq-1034;arq-1032;arq-1033;arq-1029;arq-1030;arq-1031","Entrada catalogada: 25. Inversões m7 (Kaiserplay). Disponibilidade: disponivel",verificado_metadados,2026-09-14,Arquivos locais: 6
evid-fonte-aula-kaiser-285-26-inversoes-em-diminutos,aula-kaiser-285-26-inversoes-em-diminutos,entrada_catalogo,inventario_v03,"arq-1038;arq-1036;arq-1037;arq-1035","Entrada catalogada: 26. Inversões em Diminutos (Kaiserplay). Disponibilidade: disponivel",verificado_metadados,2026-09-14,Arquivos locais: 4
evid-fonte-aula-kaiser-286-27-arpejos-em-7m-7-e-m7,aula-kaiser-286-27-arpejos-em-7m-7-e-m7,entrada_catalogo,inventario_v03,"arq-1042;arq-1039;arq-1040;arq-1041","Entrada catalogada: 27. Arpejos em 7M, 7 e m7 (Kaiserplay). Disponibilidade: disponivel",verificado_metadados,2026-09-14,Arquivos locais: 4
evid-fonte-aula-kaiser-287-28-arpejos-diminutos,aula-kaiser-287-28-arpejos-diminutos,entrada_catalogo,inventario_v03,"arq-1048;arq-1046;arq-1047;arq-1043;arq-1044;arq-1045","Entrada catalogada: 28. Arpejos Diminutos (Kaiserplay). Disponibilidade: disponivel",verificado_metadados,2026-09-14,Arquivos locais: 6
evid-fonte-aula-kaiser-288-29-informacao-importante-antes-de-seguir,aula-kaiser-288-29-informacao-importante-antes-de-seguir,entrada_catalogo,inventario_v03,"arq-1049","Entrada catalogada: 29. INFORMAÇÃO IMPORTANTE antes de seguir em frente (Kaiserplay). Disponibilidade: parcial",verificado_metadados,2026-09-14,Arquivos locais: 1
evid-fonte-aula-kaiser-289-3-a-escala-maior-e-a-menor-natural,aula-kaiser-289-3-a-escala-maior-e-a-menor-natural,entrada_catalogo,inventario_v03,"arq-1051;arq-1050","Entrada catalogada: 3. A Escala Maior e a Menor Natural (Kaiserplay). Disponibilidade: disponivel",verificado_metadados,2026-09-14,Arquivos locais: 2
evid-fonte-aula-kaiser-290-30-escala-de-blues,aula-kaiser-290-30-escala-de-blues,entrada_catalogo,inventario_v03,"arq-1055;arq-1052;arq-1053;arq-1054","Entrada catalogada: 30. Escala de Blues (Kaiserplay). Disponibilidade: disponivel",verificado_metadados,2026-09-14,Arquivos locais: 4
evid-fonte-aula-kaiser-291-31-campo-harmonico-da-escala-menor-harmo,aula-kaiser-291-31-campo-harmonico-da-escala-menor-harmo,entrada_catalogo,inventario_v03,"arq-1059;arq-1057;arq-1058;arq-1056","Entrada catalogada: 31. Campo Harmônico da Escala Menor Harmônica (Kaiserplay). Disponibilidade: disponivel",verificado_metadados,2026-09-14,Arquivos locais: 4
evid-fonte-aula-kaiser-292-32-shapes-da-escala-menor-harmonica,aula-kaiser-292-32-shapes-da-escala-menor-harmonica,entrada_catalogo,inventario_v03,"arq-1063;arq-1060;arq-1061;arq-1062","Entrada catalogada: 32. Shapes da Escala Menor Harmônica (Kaiserplay). Disponibilidade: disponivel",verificado_metadados,2026-09-14,Arquivos locais: 4
evid-fonte-aula-kaiser-293-33-campo-harmonico-da-escala-menor-melod,aula-kaiser-293-33-campo-harmonico-da-escala-menor-melod,entrada_catalogo,inventario_v03,"arq-1065;arq-1064","Entrada catalogada: 33. Campo Harmônico da Escala Menor Melódica (Kaiserplay). Disponibilidade: disponivel",verificado_metadados,2026-09-14,Arquivos locais: 2
evid-fonte-aula-kaiser-294-34-shapes-da-escala-menor-melodica,aula-kaiser-294-34-shapes-da-escala-menor-melodica,entrada_catalogo,inventario_v03,"arq-1069;arq-1066;arq-1067;arq-1068","Entrada catalogada: 34. Shapes da Escala Menor Melódica (Kaiserplay). Disponibilidade: disponivel",verificado_metadados,2026-09-14,Arquivos locais: 4
evid-fonte-aula-kaiser-295-35-escala-diminuta,aula-kaiser-295-35-escala-diminuta,entrada_catalogo,inventario_v03,"arq-1076;arq-1074;arq-1073;arq-1075;arq-1070;arq-1071;arq-1072","Entrada catalogada: 35. Escala Diminuta (Kaiserplay). Disponibilidade: disponivel",verificado_metadados,2026-09-14,Arquivos locais: 7
evid-fonte-aula-kaiser-296-4-campo-harmonico-da-escala-maior,aula-kaiser-296-4-campo-harmonico-da-escala-maior,entrada_catalogo,inventario_v03,"arq-1078;arq-1077","Entrada catalogada: 4. Campo Harmônico da Escala Maior (Kaiserplay). Disponibilidade: disponivel",verificado_metadados,2026-09-14,Arquivos locais: 2
evid-fonte-aula-kaiser-297-5-como-localizar-as-notas-no-violao,aula-kaiser-297-5-como-localizar-as-notas-no-violao,entrada_catalogo,inventario_v03,"arq-1083;arq-1079;arq-1080;arq-1081;arq-1082","Entrada catalogada: 5. Como localizar as notas no violão (Kaiserplay). Disponibilidade: disponivel",verificado_metadados,2026-09-14,Arquivos locais: 5
evid-fonte-aula-kaiser-298-6-como-aplicar-os-conhecimentos-da-teori,aula-kaiser-298-6-como-aplicar-os-conhecimentos-da-teori,entrada_catalogo,inventario_v03,"arq-1085;arq-1084","Entrada catalogada: 6. Como aplicar os conhecimentos da Teoria (Kaiserplay). Disponibilidade: disponivel",verificado_metadados,2026-09-14,Arquivos locais: 2
evid-fonte-aula-kaiser-299-7-a-escala-maior-no-violao,aula-kaiser-299-7-a-escala-maior-no-violao,entrada_catalogo,inventario_v03,"arq-1091;arq-1089;arq-1090;arq-1086;arq-1087;arq-1088","Entrada catalogada: 7. A Escala Maior no violão (Kaiserplay). Disponibilidade: disponivel",verificado_metadados,2026-09-14,Arquivos locais: 6
evid-fonte-aula-kaiser-300-8-shape-1,aula-kaiser-300-8-shape-1,entrada_catalogo,inventario_v03,"arq-1093;arq-1092","Entrada catalogada: 8. Shape 1 (Kaiserplay). Disponibilidade: disponivel",verificado_metadados,2026-09-14,Arquivos locais: 2
evid-fonte-aula-kaiser-301-9-shape-2,aula-kaiser-301-9-shape-2,entrada_catalogo,inventario_v03,"arq-1099;arq-1095;arq-1097;arq-1096;arq-1098;arq-1094","Entrada catalogada: 9. Shape 2 (Kaiserplay). Disponibilidade: disponivel",verificado_metadados,2026-09-14,Arquivos locais: 6
evid-fonte-aula-kaiser-302-1-harmonia-funcional-aula-1,aula-kaiser-302-1-harmonia-funcional-aula-1,entrada_catalogo,inventario_v03,"arq-1102;arq-1100;arq-1101","Entrada catalogada: 1. Harmonia Funcional (AULA 1) (Kaiserplay). Disponibilidade: disponivel",verificado_metadados,2026-09-14,Arquivos locais: 3
evid-fonte-aula-kaiser-303-2-harmonia-funcional-aula-2-dominantes-e,aula-kaiser-303-2-harmonia-funcional-aula-2-dominantes-e,entrada_catalogo,inventario_v03,"arq-1104;arq-1103","Entrada catalogada: 2. Harmonia Funcional (AULA 2) - Dominantes e II Cadencial (Kaiserplay). Disponibilidade: disponivel",verificado_metadados,2026-09-14,Arquivos locais: 2
evid-fonte-aula-kaiser-304-3-harmonia-funcional-aula-3-diminutos,aula-kaiser-304-3-harmonia-funcional-aula-3-diminutos,entrada_catalogo,inventario_v03,"arq-1107;arq-1105;arq-1106","Entrada catalogada: 3. Harmonia Funcional (AULA 3) - Diminutos (Kaiserplay). Disponibilidade: disponivel",verificado_metadados,2026-09-14,Arquivos locais: 3
evid-fonte-aula-kaiser-305-4-o-metodo-esquecido-de-harmonia-popular,aula-kaiser-305-4-o-metodo-esquecido-de-harmonia-popular,entrada_catalogo,inventario_v03,"arq-1112;arq-1110;arq-1111;arq-1108;arq-1109","Entrada catalogada: 4. O Método Esquecido de Harmonia Popular (Kaiserplay). Disponibilidade: disponivel",verificado_metadados,2026-09-14,Arquivos locais: 5
evid-fonte-aula-kaiser-306-5-exercicio-de-cadencias-harmonicas,aula-kaiser-306-5-exercicio-de-cadencias-harmonicas,entrada_catalogo,inventario_v03,"arq-1114;arq-1113","Entrada catalogada: 5. Exercício de Cadências Harmônicas (Kaiserplay). Disponibilidade: disponivel",verificado_metadados,2026-09-14,Arquivos locais: 2
evid-fonte-aula-kaiser-307-6-analise-harmonica-trem-das-onze,aula-kaiser-307-6-analise-harmonica-trem-das-onze,entrada_catalogo,inventario_v03,"arq-1116;arq-1115","Entrada catalogada: 6. Análise Harmônica - Trem das Onze (Kaiserplay). Disponibilidade: disponivel",verificado_metadados,2026-09-14,Arquivos locais: 2
evid-fonte-aula-kaiser-308-7-analise-harmonica-chega-de-saudade,aula-kaiser-308-7-analise-harmonica-chega-de-saudade,entrada_catalogo,inventario_v03,"arq-1122;arq-1120;arq-1121;arq-1117;arq-1118;arq-1119","Entrada catalogada: 7. Análise Harmônica - Chega de Saudade (Kaiserplay). Disponibilidade: disponivel",verificado_metadados,2026-09-14,Arquivos locais: 6
evid-fonte-aula-kaiser-309-1-modos-gregos-teoria,aula-kaiser-309-1-modos-gregos-teoria,entrada_catalogo,inventario_v03,"arq-1124;arq-1123","Entrada catalogada: 1. Modos Gregos (teoria) (Kaiserplay). Disponibilidade: disponivel",verificado_metadados,2026-09-14,Arquivos locais: 2
evid-fonte-aula-kaiser-310-2-modos-gregos-aula-pratica-1,aula-kaiser-310-2-modos-gregos-aula-pratica-1,entrada_catalogo,inventario_v03,"arq-1127;arq-1125;arq-1126","Entrada catalogada: 2. Modos Gregos (Aula Prática 1) (Kaiserplay). Disponibilidade: disponivel",verificado_metadados,2026-09-14,Arquivos locais: 3
evid-fonte-aula-kaiser-311-3-modos-gregos-aula-pratica-2,aula-kaiser-311-3-modos-gregos-aula-pratica-2,entrada_catalogo,inventario_v03,"arq-1131;arq-1128;arq-1129;arq-1130","Entrada catalogada: 3. Modos Gregos (Aula Prática 2) (Kaiserplay). Disponibilidade: disponivel",verificado_metadados,2026-09-14,Arquivos locais: 4
evid-fonte-aula-kaiser-312-4-modos-gregos-aula-pratica-3,aula-kaiser-312-4-modos-gregos-aula-pratica-3,entrada_catalogo,inventario_v03,"arq-1135;arq-1132;arq-1133;arq-1134","Entrada catalogada: 4. Modos Gregos (Aula Prática 3) (Kaiserplay). Disponibilidade: disponivel",verificado_metadados,2026-09-14,Arquivos locais: 4
evid-fonte-aula-kaiser-313-1-construcao-avancada-de-acordes,aula-kaiser-313-1-construcao-avancada-de-acordes,entrada_catalogo,inventario_v03,"arq-1137;arq-1136","Entrada catalogada: 1. Construção Avançada de Acordes (Kaiserplay). Disponibilidade: disponivel",verificado_metadados,2026-09-14,Arquivos locais: 2
evid-fonte-aula-kaiser-314-2-acordes-de-emprestimo-modal,aula-kaiser-314-2-acordes-de-emprestimo-modal,entrada_catalogo,inventario_v03,"arq-1141;arq-1138;arq-1139;arq-1140","Entrada catalogada: 2. Acordes de Empréstimo Modal (Kaiserplay). Disponibilidade: disponivel",verificado_metadados,2026-09-14,Arquivos locais: 4
evid-fonte-aula-kaiser-315-3-rearmonizacao-e-chord-melody,aula-kaiser-315-3-rearmonizacao-e-chord-melody,entrada_catalogo,inventario_v03,"arq-1143;arq-1142","Entrada catalogada: 3. Rearmonização e Chord Melody (Kaiserplay). Disponibilidade: disponivel",verificado_metadados,2026-09-14,Arquivos locais: 2
evid-fonte-aula-mod-2-26,aula-mod-2-26,entrada_catalogo,inventario_v03,"arq-1652;arq-1654;arq-1655;arq-1653;arq-1651;arq-1656","Entrada catalogada: 27 - Violão - 8.8 - Bônus 4 solos fáceis (Método Tríade). Disponibilidade: disponivel",verificado_metadados,2026-09-14,Arquivos locais: 6
evid-fonte-aula-mod-7-8,aula-mod-7-8,entrada_catalogo,inventario_v03,"arq-1923;arq-1922","Entrada catalogada: Violão - 25.1 - Greensleeves (Método Tríade). Disponibilidade: disponivel",verificado_metadados,2026-09-14,Arquivos locais: 2
evid-fonte-aula-mod-7-10,aula-mod-7-10,entrada_catalogo,inventario_v03,"sem_arquivo_local","Entrada catalogada: Violão - 26.1 - Batida Rock Inglês em swing (Método Tríade). Disponibilidade: sem_material",verificado_metadados,2026-09-14,Arquivos locais: 0
evid-fonte-aula-mod-7-11,aula-mod-7-11,entrada_catalogo,inventario_v03,"sem_arquivo_local","Entrada catalogada: Violão - 26.2 - Batida Pop Básica em swing (video TEMPORÁ (Método Tríade). Disponibilidade: sem_material",verificado_metadados,2026-09-14,Arquivos locais: 0
evid-fonte-aula-mod-7-4,aula-mod-7-4,entrada_catalogo,inventario_v03,"sem_arquivo_local","Entrada catalogada: 09 - UPGRADE 7.0 Violão - 26.3 Meu dedo mínimo é 'morto'! (Método Tríade). Disponibilidade: sem_material",verificado_metadados,2026-09-14,Arquivos locais: 0
evid-fonte-aula-mod-7-13,aula-mod-7-13,entrada_catalogo,inventario_v03,"sem_arquivo_local","Entrada catalogada: Violão - 27.1 - Batida Dedilhado Swing (Método Tríade). Disponibilidade: sem_material",verificado_metadados,2026-09-14,Arquivos locais: 0
evid-fonte-aula-mod-7-14,aula-mod-7-14,entrada_catalogo,inventario_v03,"sem_arquivo_local","Entrada catalogada: Violão - 27.2 - Sozinho - Ex. Dedilhado Swing (Pág 69) (Método Tríade). Disponibilidade: sem_material",verificado_metadados,2026-09-14,Arquivos locais: 0
evid-fonte-aula-mod-7-15,aula-mod-7-15,entrada_catalogo,inventario_v03,"sem_arquivo_local","Entrada catalogada: Violão - 27.3 - Exemplos Dedilhado Swing (Pág 69) (Método Tríade). Disponibilidade: sem_material",verificado_metadados,2026-09-14,Arquivos locais: 0
evid-fonte-aula-mod-7-16,aula-mod-7-16,entrada_catalogo,inventario_v03,"sem_arquivo_local","Entrada catalogada: Violão - 27.4 - ALONGAMENTO e prevenção de Lesões para M (Método Tríade). Disponibilidade: sem_material",verificado_metadados,2026-09-14,Arquivos locais: 0
evid-fonte-aula-mod-7-18,aula-mod-7-18,entrada_catalogo,inventario_v03,"arq-1930;arq-1976;arq-1929","Entrada catalogada: Violão - 28.1 - Minueto em Sol (Y. S. Bach) (Método Tríade). Disponibilidade: disponivel",verificado_metadados,2026-09-14,Arquivos locais: 3
evid-fonte-aula-mod-7-19,aula-mod-7-19,entrada_catalogo,inventario_v03,"arq-1978;arq-1977","Entrada catalogada: Violão - 28.2 - Leitura Região Grave (Método Tríade). Disponibilidade: disponivel",verificado_metadados,2026-09-14,Arquivos locais: 2
evid-fonte-aula-mod-7-5,aula-mod-7-5,entrada_catalogo,inventario_v03,"sem_arquivo_local","Entrada catalogada: 18 - Violão 28.3 - A batida SERTANEJA mais usada! (Método Tríade). Disponibilidade: sem_material",verificado_metadados,2026-09-14,Arquivos locais: 0
evid-fonte-aula-mod-8-12,aula-mod-8-12,entrada_catalogo,inventario_v03,"sem_arquivo_local","Entrada catalogada: Violão - 29.1 _ Romance Anônimo (Método Tríade). Disponibilidade: sem_material",verificado_metadados,2026-09-14,Arquivos locais: 0
evid-fonte-aula-mod-8-2,aula-mod-8-2,entrada_catalogo,inventario_v03,"sem_arquivo_local","Entrada catalogada: 03 - 29.2 UPGRADE 6.0 O Poderoso Chefão (Parte 1 simplificad (Método Tríade). Disponibilidade: sem_material",verificado_metadados,2026-09-14,Arquivos locais: 0
evid-fonte-aula-mod-8-3,aula-mod-8-3,entrada_catalogo,inventario_v03,"arq-1987;arq-1988;arq-1986;arq-1985;arq-1989","Entrada catalogada: 04 - 29.3 UPGRADE 6.0 O Poderoso Chefão (UPGRADE) (Método Tríade). Disponibilidade: disponivel",verificado_metadados,2026-09-14,Arquivos locais: 5
evid-fonte-aula-mod-8-14,aula-mod-8-14,entrada_catalogo,inventario_v03,"arq-1998;arq-1997","Entrada catalogada: Violão - 30.1 _ Acorde Xm7(b5) (Método Tríade). Disponibilidade: disponivel",verificado_metadados,2026-09-14,Arquivos locais: 2
evid-fonte-aula-mod-8-15,aula-mod-8-15,entrada_catalogo,inventario_v03,"arq-2000;arq-1999","Entrada catalogada: Violão 30.2 - Caetano! Sampa (Método Tríade). Disponibilidade: disponivel",verificado_metadados,2026-09-14,Arquivos locais: 2
evid-fonte-aula-mod-8-4,aula-mod-8-4,entrada_catalogo,inventario_v03,"arq-1991;arq-1990","Entrada catalogada: 08 - Violão 30.3 - Caetano! Você é Linda (Método Tríade). Disponibilidade: disponivel",verificado_metadados,2026-09-14,Arquivos locais: 2
evid-fonte-aula-mod-8-17,aula-mod-8-17,entrada_catalogo,inventario_v03,"arq-2005;arq-2003","Entrada catalogada: Violão - 31 _ Conscientização de Graus (Método Tríade). Disponibilidade: disponivel",verificado_metadados,2026-09-14,Arquivos locais: 2
evid-fonte-aula-mod-8-5,aula-mod-8-5,entrada_catalogo,inventario_v03,"sem_arquivo_local","Entrada catalogada: 13 - VERSÁO 4.0 Violão 33.1 - o 'Paraiso' em 4 dias - FING (Método Tríade). Disponibilidade: sem_material",verificado_metadados,2026-09-14,Arquivos locais: 0
evid-fonte-aula-mod-8-6,aula-mod-8-6,entrada_catalogo,inventario_v03,"sem_arquivo_local","Entrada catalogada: 14 - VERSÁO 4.0 Violão 33.2 - o 'Paraiso' em 4 dias - FIN (Método Tríade). Disponibilidade: sem_material",verificado_metadados,2026-09-14,Arquivos locais: 0
evid-fonte-aula-mod-8-7,aula-mod-8-7,entrada_catalogo,inventario_v03,"sem_arquivo_local","Entrada catalogada: 15 - VERSÁO 4.0 Violão 33.3 - o 'Paraiso' em 4 dias - FIN (Método Tríade). Disponibilidade: sem_material",verificado_metadados,2026-09-14,Arquivos locais: 0
evid-fonte-aula-mod-8-8,aula-mod-8-8,entrada_catalogo,inventario_v03,"arq-1993;arq-1992","Entrada catalogada: 16 - VERSÁO 4.0 Violão 33.4 - o 'Paraiso' em 4 dias - FING (Método Tríade). Disponibilidade: disponivel",verificado_metadados,2026-09-14,Arquivos locais: 2
evid-fonte-aula-mod-8-10,aula-mod-8-10,entrada_catalogo,inventario_v03,"sem_arquivo_local","Entrada catalogada: 18 - VERSÁO 4.0 35.1 - SOFRENCIA - Parte 1 (Método Tríade). Disponibilidade: sem_material",verificado_metadados,2026-09-14,Arquivos locais: 0
evid-fonte-aula-mod-8-11,aula-mod-8-11,entrada_catalogo,inventario_v03,"sem_arquivo_local","Entrada catalogada: 19 - VERSÁO 4.0 35.2 - SOFRENCIA - Parte 2 (Método Tríade). Disponibilidade: sem_material",verificado_metadados,2026-09-14,Arquivos locais: 0
evid-fonte-aula-mod-9-4,aula-mod-9-4,entrada_catalogo,inventario_v03,"arq-2025;arq-2024","Entrada catalogada: 06 - Violão - 38 UPGRADE 5.0 Certas Coisas FINGERSTYLE (Método Tríade). Disponibilidade: disponivel",verificado_metadados,2026-09-14,Arquivos locais: 2
evid-fonte-aula-kaiser-23-1-comece-pelo-simples,aula-kaiser-23-1-comece-pelo-simples,entrada_catalogo,inventario_v03,"arq-0094;arq-0091;arq-0092;arq-0093","Entrada catalogada: 1. Comece pelo Simples (Kaiserplay). Disponibilidade: disponivel",verificado_metadados,2026-09-14,Arquivos locais: 4
evid-fonte-aula-kaiser-24-10-exercicio-para-ter-dominio-harmonico,aula-kaiser-24-10-exercicio-para-ter-dominio-harmonico,entrada_catalogo,inventario_v03,"arq-0096;arq-0095","Entrada catalogada: 10. Exercício para ter domínio harmônico (Kaiserplay). Disponibilidade: disponivel",verificado_metadados,2026-09-14,Arquivos locais: 2
evid-fonte-aula-kaiser-25-2-engenharia-reversa-da-musica,aula-kaiser-25-2-engenharia-reversa-da-musica,entrada_catalogo,inventario_v03,"arq-0098;arq-0097","Entrada catalogada: 2. Engenharia Reversa da Música (Kaiserplay). Disponibilidade: disponivel",verificado_metadados,2026-09-14,Arquivos locais: 2
evid-fonte-aula-kaiser-26-3-resolvendo-problemas-de-digitacao,aula-kaiser-26-3-resolvendo-problemas-de-digitacao,entrada_catalogo,inventario_v03,"arq-0101;arq-0099;arq-0100","Entrada catalogada: 3. Resolvendo problemas de digitação (Kaiserplay). Disponibilidade: disponivel",verificado_metadados,2026-09-14,Arquivos locais: 3
evid-fonte-aula-kaiser-27-4-os-principios-basicos-para-se-fazer-ar,aula-kaiser-27-4-os-principios-basicos-para-se-fazer-ar,entrada_catalogo,inventario_v03,"arq-0104;arq-0102;arq-0103","Entrada catalogada: 4. Os Princípios Básicos para se fazer arranjos para Violão (Kaiserplay). Disponibilidade: disponivel",verificado_metadados,2026-09-14,Arquivos locais: 3
evid-fonte-aula-kaiser-28-5-aprenda-a-fazer-arranjos-fingerstyle-e,aula-kaiser-28-5-aprenda-a-fazer-arranjos-fingerstyle-e,entrada_catalogo,inventario_v03,"arq-0108;arq-0106;arq-0107;arq-0105","Entrada catalogada: 5. Aprenda a fazer ARRANJOS FINGERSTYLE em UMA aula (Kaiserplay). Disponibilidade: disponivel",verificado_metadados,2026-09-14,Arquivos locais: 4
evid-fonte-aula-kaiser-29-6-preenchimento-ritmico-nos-arranjos,aula-kaiser-29-6-preenchimento-ritmico-nos-arranjos,entrada_catalogo,inventario_v03,"arq-0114;arq-0112;arq-0113;arq-0109;arq-0110;arq-0111","Entrada catalogada: 6. Preenchimento Rítmico nos Arranjos (Kaiserplay). Disponibilidade: disponivel",verificado_metadados,2026-09-14,Arquivos locais: 6
evid-fonte-aula-kaiser-30-7-entortando-uma-musica,aula-kaiser-30-7-entortando-uma-musica,entrada_catalogo,inventario_v03,"arq-0118;arq-0115;arq-0116;arq-0117","Entrada catalogada: 7. _Entortando_ uma música (Kaiserplay). Disponibilidade: disponivel",verificado_metadados,2026-09-14,Arquivos locais: 4
evid-fonte-aula-kaiser-31-8-como-criar-uma-introducao-de-uma-music,aula-kaiser-31-8-como-criar-uma-introducao-de-uma-music,entrada_catalogo,inventario_v03,"arq-0120;arq-0119","Entrada catalogada: 8. Como criar uma INTRODUÇÃO de uma música (Kaiserplay). Disponibilidade: disponivel",verificado_metadados,2026-09-14,Arquivos locais: 2
evid-fonte-aula-kaiser-32-9-inversoes-e-aberturas-de-acordes-avanc,aula-kaiser-32-9-inversoes-e-aberturas-de-acordes-avanc,entrada_catalogo,inventario_v03,"arq-0122;arq-0121","Entrada catalogada: 9. Inversões e Aberturas de acordes (avançado) (Kaiserplay). Disponibilidade: disponivel",verificado_metadados,2026-09-14,Arquivos locais: 2
evid-fonte-aula-kaiser-167-1-samba-da-bencao-baden-powell,aula-kaiser-167-1-samba-da-bencao-baden-powell,entrada_catalogo,inventario_v03,"arq-0560;arq-0558;arq-0559;arq-0556;arq-0557","Entrada catalogada: 1. Samba da Benção (Baden Powell) (Kaiserplay). Disponibilidade: disponivel",verificado_metadados,2026-09-14,Arquivos locais: 5
evid-fonte-aula-kaiser-168-10-rocky-um-lutador-tema-do-filme-6a-cor,aula-kaiser-168-10-rocky-um-lutador-tema-do-filme-6a-cor,entrada_catalogo,inventario_v03,"arq-0568;arq-0563;arq-0566;arq-0565;arq-0567;arq-0561;arq-0562;arq-0564","Entrada catalogada: 10. Rocky, Um Lutador _ Tema do Filme _ 6a corda afinada em (Kaiserplay). Disponibilidade: disponivel",verificado_metadados,2026-09-14,Arquivos locais: 8
evid-fonte-aula-kaiser-169-11-swing-slow-blues-robson-miguel,aula-kaiser-169-11-swing-slow-blues-robson-miguel,entrada_catalogo,inventario_v03,"arq-0574;arq-0572;arq-0571;arq-0573;arq-0569;arq-0570","Entrada catalogada: 11. Swing Slow Blues - Robson Miguel (Kaiserplay). Disponibilidade: disponivel",verificado_metadados,2026-09-14,Arquivos locais: 6
evid-fonte-aula-kaiser-170-12-noturno-marangoni-choro,aula-kaiser-170-12-noturno-marangoni-choro,entrada_catalogo,inventario_v03,"arq-0579;arq-0577;arq-0578;arq-0575;arq-0576","Entrada catalogada: 12. Noturno (Marangoni) - Choro (Kaiserplay). Disponibilidade: disponivel",verificado_metadados,2026-09-14,Arquivos locais: 5
evid-fonte-aula-kaiser-171-13-fly-me-to-the-moon-jazz-arranjo-de-ro,aula-kaiser-171-13-fly-me-to-the-moon-jazz-arranjo-de-ro,entrada_catalogo,inventario_v03,"arq-0585;arq-0582;arq-0583;arq-0580;arq-0581;arq-0584","Entrada catalogada: 13. Fly Me To The Moon - JAZZ - Arranjo de Robson Miguel (Kaiserplay). Disponibilidade: disponivel",verificado_metadados,2026-09-14,Arquivos locais: 6
evid-fonte-aula-kaiser-172-14-berimbau-baden-powell-afro-samba,aula-kaiser-172-14-berimbau-baden-powell-afro-samba,entrada_catalogo,inventario_v03,"arq-0589;arq-0587;arq-0586;arq-0588","Entrada catalogada: 14. Berimbau (Baden Powell) - Afro-Samba (Kaiserplay). Disponibilidade: disponivel",verificado_metadados,2026-09-14,Arquivos locais: 4
evid-fonte-aula-kaiser-173-15-caixa-de-fosforo-othon-da-rocha-filho,aula-kaiser-173-15-caixa-de-fosforo-othon-da-rocha-filho,entrada_catalogo,inventario_v03,"arq-0592;arq-0590;arq-0591","Entrada catalogada: 15. Caixa de Fósforo (Othon da Rocha Filho) - Choro (Kaiserplay). Disponibilidade: disponivel",verificado_metadados,2026-09-14,Arquivos locais: 3
evid-fonte-aula-kaiser-174-16-estudo-de-duas-vozes-matteo-carcassi-,aula-kaiser-174-16-estudo-de-duas-vozes-matteo-carcassi-,entrada_catalogo,inventario_v03,"arq-0594;arq-0593","Entrada catalogada: 16. Estudo de DUAS VOZES - Matteo Carcassi n11 (Kaiserplay). Disponibilidade: disponivel",verificado_metadados,2026-09-14,Arquivos locais: 2
evid-fonte-aula-kaiser-175-17-adagio-concerto-de-aranjuez,aula-kaiser-175-17-adagio-concerto-de-aranjuez,entrada_catalogo,inventario_v03,"arq-0598;arq-0595;arq-0596;arq-0597","Entrada catalogada: 17. ADAGIO_ Concerto de Aranjuez (Kaiserplay). Disponibilidade: disponivel",verificado_metadados,2026-09-14,Arquivos locais: 4
evid-fonte-aula-kaiser-176-18-eu-sei-que-vou-te-amar-tom-jobim,aula-kaiser-176-18-eu-sei-que-vou-te-amar-tom-jobim,entrada_catalogo,inventario_v03,"arq-0602;arq-0600;arq-0599;arq-0601","Entrada catalogada: 18. Eu sei que vou te amar (Tom Jobim) (Kaiserplay). Disponibilidade: disponivel",verificado_metadados,2026-09-14,Arquivos locais: 4
evid-fonte-aula-kaiser-177-19-bourree-j-s-bach-violao-classico,aula-kaiser-177-19-bourree-j-s-bach-violao-classico,entrada_catalogo,inventario_v03,"arq-0609;arq-0606;arq-0607;arq-0608;arq-0603;arq-0604;arq-0605","Entrada catalogada: 19. Bourrée (J. S. Bach) - Violão Clássico (Kaiserplay). Disponibilidade: disponivel",verificado_metadados,2026-09-14,Arquivos locais: 7
evid-fonte-aula-kaiser-178-2-estudo-para-mao-direita-leo-brouwer-es,aula-kaiser-178-2-estudo-para-mao-direita-leo-brouwer-es,entrada_catalogo,inventario_v03,"arq-0611;arq-0610","Entrada catalogada: 2. Estudo para Mão Direita (Leo Brouwer) - Estudio Sensillos (Kaiserplay). Disponibilidade: disponivel",verificado_metadados,2026-09-14,Arquivos locais: 2
evid-fonte-aula-kaiser-179-20-canto-de-ossanha-baden-powell-samba,aula-kaiser-179-20-canto-de-ossanha-baden-powell-samba,entrada_catalogo,inventario_v03,"arq-0616;arq-0614;arq-0615;arq-0612;arq-0613","Entrada catalogada: 20. Canto de Ossanha (Baden Powell) - Samba (Kaiserplay). Disponibilidade: disponivel",verificado_metadados,2026-09-14,Arquivos locais: 5
evid-fonte-aula-kaiser-180-21-samba-de-uma-nota-so-tom-jobim,aula-kaiser-180-21-samba-de-uma-nota-so-tom-jobim,entrada_catalogo,inventario_v03,"arq-0618;arq-0617","Entrada catalogada: 21. Samba de Uma Nota Só (Tom Jobim) (Kaiserplay). Disponibilidade: disponivel",verificado_metadados,2026-09-14,Arquivos locais: 2
evid-fonte-aula-kaiser-181-22-gente-humilde-garoto-mpb,aula-kaiser-181-22-gente-humilde-garoto-mpb,entrada_catalogo,inventario_v03,"arq-0622;arq-0620;arq-0619;arq-0621","Entrada catalogada: 22. Gente Humilde (Garoto) - MPB (Kaiserplay). Disponibilidade: disponivel",verificado_metadados,2026-09-14,Arquivos locais: 4
evid-fonte-aula-kaiser-182-23-aquarela-toquinho,aula-kaiser-182-23-aquarela-toquinho,entrada_catalogo,inventario_v03,"arq-0625;arq-0623;arq-0624","Entrada catalogada: 23. Aquarela (Toquinho) (Kaiserplay). Disponibilidade: disponivel",verificado_metadados,2026-09-14,Arquivos locais: 3
evid-fonte-aula-kaiser-183-24-exercicio-de-tremolo-dedilhado-avanca,aula-kaiser-183-24-exercicio-de-tremolo-dedilhado-avanca,entrada_catalogo,inventario_v03,"arq-0629;arq-0627;arq-0628;arq-0626","Entrada catalogada: 24. Exercício de Tremolo (DEDILHADO AVANÇADO) (Kaiserplay). Disponibilidade: disponivel",verificado_metadados,2026-09-14,Arquivos locais: 4
evid-fonte-aula-kaiser-184-25-romance-de-amor-com-tecnica-tremolo,aula-kaiser-184-25-romance-de-amor-com-tecnica-tremolo,entrada_catalogo,inventario_v03,"arq-0631;arq-0630","Entrada catalogada: 25. Romance de Amor com técnica TREMOLO (Kaiserplay). Disponibilidade: disponivel",verificado_metadados,2026-09-14,Arquivos locais: 2
evid-fonte-aula-kaiser-185-26-uma-valsa-e-dois-amores-dilermando-re,aula-kaiser-185-26-uma-valsa-e-dois-amores-dilermando-re,entrada_catalogo,inventario_v03,"arq-0634;arq-0632;arq-0633","Entrada catalogada: 26. Uma Valsa e Dois Amores (Dilermando Reis) (Kaiserplay). Disponibilidade: disponivel",verificado_metadados,2026-09-14,Arquivos locais: 3
evid-fonte-aula-kaiser-186-27-se-ela-perguntar-dilermando-reis,aula-kaiser-186-27-se-ela-perguntar-dilermando-reis,entrada_catalogo,inventario_v03,"arq-0639;arq-0635;arq-0636;arq-0637;arq-0638","Entrada catalogada: 27. Se Ela Perguntar (Dilermando Reis) (Kaiserplay). Disponibilidade: disponivel",verificado_metadados,2026-09-14,Arquivos locais: 5
evid-fonte-aula-kaiser-187-28-abismo-de-rosas-americo-jacobino-canh,aula-kaiser-187-28-abismo-de-rosas-americo-jacobino-canh,entrada_catalogo,inventario_v03,"arq-0643;arq-0641;arq-0640;arq-0642","Entrada catalogada: 28. Abismo de Rosas (Americo Jacobino Canhoto) (Kaiserplay). Disponibilidade: disponivel",verificado_metadados,2026-09-14,Arquivos locais: 4
evid-fonte-aula-kaiser-188-29-joao-e-maria-chico-buarque,aula-kaiser-188-29-joao-e-maria-chico-buarque,entrada_catalogo,inventario_v03,"arq-0646;arq-0644;arq-0645","Entrada catalogada: 29. João e Maria (Chico Buarque) (Kaiserplay). Disponibilidade: disponivel",verificado_metadados,2026-09-14,Arquivos locais: 3
evid-fonte-aula-kaiser-189-3-pantera-cor-de-rosa-fingerstyle,aula-kaiser-189-3-pantera-cor-de-rosa-fingerstyle,entrada_catalogo,inventario_v03,"arq-0649;arq-0647;arq-0648","Entrada catalogada: 3. Pantera Cor de Rosa - FINGERSTYLE (Kaiserplay). Disponibilidade: disponivel",verificado_metadados,2026-09-14,Arquivos locais: 3
evid-fonte-aula-kaiser-190-30-tristeza-do-jeca-musica-caipira,aula-kaiser-190-30-tristeza-do-jeca-musica-caipira,entrada_catalogo,inventario_v03,"arq-0652;arq-0650;arq-0651","Entrada catalogada: 30. Tristeza do Jeca (Música Caipira) (Kaiserplay). Disponibilidade: disponivel",verificado_metadados,2026-09-14,Arquivos locais: 3
evid-fonte-aula-kaiser-191-31-tristeza-samba,aula-kaiser-191-31-tristeza-samba,entrada_catalogo,inventario_v03,"arq-0655;arq-0653;arq-0654","Entrada catalogada: 31. Tristeza (Samba) (Kaiserplay). Disponibilidade: disponivel",verificado_metadados,2026-09-14,Arquivos locais: 3
evid-fonte-aula-kaiser-192-32-the-doctor-blues-marcos-kaiser-finger,aula-kaiser-192-32-the-doctor-blues-marcos-kaiser-finger,entrada_catalogo,inventario_v03,"arq-0658;arq-0656;arq-0657","Entrada catalogada: 32. The Doctor Blues (Marcos Kaiser) - FINGERSTYLE (Kaiserplay). Disponibilidade: disponivel",verificado_metadados,2026-09-14,Arquivos locais: 3
evid-fonte-aula-kaiser-193-33-rumbita-rumba-flamenca-de-robson-migu,aula-kaiser-193-33-rumbita-rumba-flamenca-de-robson-migu,entrada_catalogo,inventario_v03,"arq-0663;arq-0661;arq-0662;arq-0659;arq-0660","Entrada catalogada: 33. RUMBITA - Rumba Flamenca de Robson Miguel (Kaiserplay). Disponibilidade: disponivel",verificado_metadados,2026-09-14,Arquivos locais: 5
evid-fonte-aula-kaiser-194-34-dragon-ball-gt-sorriso-resplandecente,aula-kaiser-194-34-dragon-ball-gt-sorriso-resplandecente,entrada_catalogo,inventario_v03,"arq-0671;arq-0665;arq-0669;arq-0670;arq-0664;arq-0666;arq-0667;arq-0668","Entrada catalogada: 34. Dragon Ball GT - Sorriso Resplandecente (Kaiserplay). Disponibilidade: disponivel",verificado_metadados,2026-09-14,Arquivos locais: 8
evid-fonte-aula-kaiser-195-35-canon-in-d-pachelbel-violao-classico,aula-kaiser-195-35-canon-in-d-pachelbel-violao-classico,entrada_catalogo,inventario_v03,"arq-0677;arq-0674;arq-0675;arq-0672;arq-0673;arq-0676","Entrada catalogada: 35. Canon in D (Pachelbel) - Violão Clássico (Kaiserplay). Disponibilidade: disponivel",verificado_metadados,2026-09-14,Arquivos locais: 6
evid-fonte-aula-kaiser-196-36-noite-de-lua-dilermando-reis,aula-kaiser-196-36-noite-de-lua-dilermando-reis,entrada_catalogo,inventario_v03,"arq-0680;arq-0678;arq-0679","Entrada catalogada: 36. Noite de Lua (Dilermando Reis) (Kaiserplay). Disponibilidade: disponivel",verificado_metadados,2026-09-14,Arquivos locais: 3
evid-fonte-aula-kaiser-197-37-carinhoso-pixinguinha,aula-kaiser-197-37-carinhoso-pixinguinha,entrada_catalogo,inventario_v03,"arq-0684;arq-0681;arq-0682;arq-0683","Entrada catalogada: 37. Carinhoso (Pixinguinha) (Kaiserplay). Disponibilidade: disponivel",verificado_metadados,2026-09-14,Arquivos locais: 4
evid-fonte-aula-kaiser-198-38-o-trenzinho-do-caipira-villa-lobos,aula-kaiser-198-38-o-trenzinho-do-caipira-villa-lobos,entrada_catalogo,inventario_v03,"arq-0688;arq-0685;arq-0686;arq-0687","Entrada catalogada: 38. O Trenzinho do Caipira (Villa-Lobos) (Kaiserplay). Disponibilidade: disponivel",verificado_metadados,2026-09-14,Arquivos locais: 4
evid-fonte-aula-kaiser-199-39-samba-do-aviao-tom-jobim,aula-kaiser-199-39-samba-do-aviao-tom-jobim,entrada_catalogo,inventario_v03,"arq-0691;arq-0689;arq-0690","Entrada catalogada: 39. Samba do Avião (Tom Jobim) (Kaiserplay). Disponibilidade: disponivel",verificado_metadados,2026-09-14,Arquivos locais: 3
evid-fonte-aula-kaiser-200-4-divagando-domingos-semenzato-choro,aula-kaiser-200-4-divagando-domingos-semenzato-choro,entrada_catalogo,inventario_v03,"arq-0694;arq-0692;arq-0693","Entrada catalogada: 4. Divagando (Domingos Semenzato) - Choro (Kaiserplay). Disponibilidade: disponivel",verificado_metadados,2026-09-14,Arquivos locais: 3
evid-fonte-aula-kaiser-201-40-malaguena-flamenco,aula-kaiser-201-40-malaguena-flamenco,entrada_catalogo,inventario_v03,"arq-0697;arq-0695;arq-0696","Entrada catalogada: 40. Malagueña (Flamenco) (Kaiserplay). Disponibilidade: disponivel",verificado_metadados,2026-09-14,Arquivos locais: 3
evid-fonte-aula-kaiser-202-41-zorro-flamenco,aula-kaiser-202-41-zorro-flamenco,entrada_catalogo,inventario_v03,"arq-0701;arq-0698;arq-0699;arq-0700","Entrada catalogada: 41. Zorro (Flamenco) (Kaiserplay). Disponibilidade: disponivel",verificado_metadados,2026-09-14,Arquivos locais: 4
evid-fonte-aula-kaiser-203-42-samba-em-preludio-versao-baden-powell,aula-kaiser-203-42-samba-em-preludio-versao-baden-powell,entrada_catalogo,inventario_v03,"arq-0706;arq-0704;arq-0705;arq-0702;arq-0703","Entrada catalogada: 42. Samba em Prelúdio _ Versão Baden Powell (Kaiserplay). Disponibilidade: disponivel",verificado_metadados,2026-09-14,Arquivos locais: 5
evid-fonte-aula-kaiser-204-43-estudo-para-mao-direita-marcos-kaiser,aula-kaiser-204-43-estudo-para-mao-direita-marcos-kaiser,entrada_catalogo,inventario_v03,"arq-0709;arq-0707;arq-0708","Entrada catalogada: 43. ESTUDO para Mão Direita (Marcos Kaiser) (Kaiserplay). Disponibilidade: disponivel",verificado_metadados,2026-09-14,Arquivos locais: 3
evid-fonte-aula-kaiser-205-44-estudo-de-arpejos-marcos-kaiser,aula-kaiser-205-44-estudo-de-arpejos-marcos-kaiser,entrada_catalogo,inventario_v03,"arq-0712;arq-0710;arq-0711","Entrada catalogada: 44. ESTUDO de Arpejos (Marcos Kaiser) (Kaiserplay). Disponibilidade: disponivel",verificado_metadados,2026-09-14,Arquivos locais: 3
evid-fonte-aula-kaiser-206-45-o-bebado-e-a-equilibrista-samba,aula-kaiser-206-45-o-bebado-e-a-equilibrista-samba,entrada_catalogo,inventario_v03,"arq-0715;arq-0713;arq-0714","Entrada catalogada: 45. O Bêbado e a Equilibrista (Samba) (Kaiserplay). Disponibilidade: disponivel",verificado_metadados,2026-09-14,Arquivos locais: 3
evid-fonte-aula-kaiser-207-46-por-una-cabeza-tango,aula-kaiser-207-46-por-una-cabeza-tango,entrada_catalogo,inventario_v03,"arq-0716","Entrada catalogada: 46. Por Una Cabeza (Tango) (Kaiserplay). Disponibilidade: parcial",verificado_metadados,2026-09-14,Arquivos locais: 1
evid-fonte-aula-kaiser-208-47-pedacinhos-do-ceu-choro,aula-kaiser-208-47-pedacinhos-do-ceu-choro,entrada_catalogo,inventario_v03,"arq-0719;arq-0717;arq-0718","Entrada catalogada: 47. Pedacinhos do Céu (Choro) (Kaiserplay). Disponibilidade: disponivel",verificado_metadados,2026-09-14,Arquivos locais: 3
evid-fonte-aula-kaiser-209-48-stairway-to-heaven-led-zepellin-finge,aula-kaiser-209-48-stairway-to-heaven-led-zepellin-finge,entrada_catalogo,inventario_v03,"arq-0724;arq-0721;arq-0722;arq-0720;arq-0723","Entrada catalogada: 48. Stairway to Heaven (Led Zepellin) - FINGERSTYLE (Kaiserplay). Disponibilidade: disponivel",verificado_metadados,2026-09-14,Arquivos locais: 5
evid-fonte-aula-kaiser-210-49-deixa-samba-baden-powell,aula-kaiser-210-49-deixa-samba-baden-powell,entrada_catalogo,inventario_v03,"arq-0731;arq-0725;arq-0728;arq-0729;arq-0726;arq-0727;arq-0730","Entrada catalogada: 49. Deixa (Samba) - Baden Powell (Kaiserplay). Disponibilidade: disponivel",verificado_metadados,2026-09-14,Arquivos locais: 7
evid-fonte-aula-kaiser-211-5-mortal-kombat-fingerstyle,aula-kaiser-211-5-mortal-kombat-fingerstyle,entrada_catalogo,inventario_v03,"arq-0737;arq-0734;arq-0735;arq-0732;arq-0733;arq-0736","Entrada catalogada: 5. Mortal Kombat - (Fingerstyle) (Kaiserplay). Disponibilidade: disponivel",verificado_metadados,2026-09-14,Arquivos locais: 6
evid-fonte-aula-kaiser-212-6-aleluia-hallelujah-fingerstyle,aula-kaiser-212-6-aleluia-hallelujah-fingerstyle,entrada_catalogo,inventario_v03,"arq-0740;arq-0738;arq-0739","Entrada catalogada: 6. ALELUIA - Hallelujah - Fingerstyle (Kaiserplay). Disponibilidade: disponivel",verificado_metadados,2026-09-14,Arquivos locais: 3
evid-fonte-aula-kaiser-213-7-the-sound-of-silence-fingerstyle,aula-kaiser-213-7-the-sound-of-silence-fingerstyle,entrada_catalogo,inventario_v03,"arq-0743;arq-0741;arq-0742","Entrada catalogada: 7. The Sound of Silence (Fingerstyle) (Kaiserplay). Disponibilidade: disponivel",verificado_metadados,2026-09-14,Arquivos locais: 3
evid-fonte-aula-kaiser-214-8-estudo-n-1-carcassi-violao-classico,aula-kaiser-214-8-estudo-n-1-carcassi-violao-classico,entrada_catalogo,inventario_v03,"arq-0747;arq-0744;arq-0745;arq-0746","Entrada catalogada: 8. Estudo n.1 (Carcassi) - Violão Clássico (Kaiserplay). Disponibilidade: disponivel",verificado_metadados,2026-09-14,Arquivos locais: 4
evid-fonte-aula-kaiser-215-9-gloria-gloria-aleluia,aula-kaiser-215-9-gloria-gloria-aleluia,entrada_catalogo,inventario_v03,"arq-0750;arq-0748;arq-0749","Entrada catalogada: 9. Glória Glória Aleluia (Kaiserplay). Disponibilidade: disponivel",verificado_metadados,2026-09-14,Arquivos locais: 3
evid-fonte-aula-kaiser-216-1-preludio-em-do-bach,aula-kaiser-216-1-preludio-em-do-bach,entrada_catalogo,inventario_v03,"arq-0756;arq-0754;arq-0753;arq-0755;arq-0751;arq-0752","Entrada catalogada: 1. Prelúdio em Dó (Bach) (Kaiserplay). Disponibilidade: disponivel",verificado_metadados,2026-09-14,Arquivos locais: 6
evid-fonte-aula-kaiser-217-10-qui-nem-jilo-luiz-gonzaga,aula-kaiser-217-10-qui-nem-jilo-luiz-gonzaga,entrada_catalogo,inventario_v03,"arq-0762;arq-0759;arq-0760;arq-0757;arq-0758;arq-0761","Entrada catalogada: 10. Qui Nem Jiló (Luiz Gonzaga) (Kaiserplay). Disponibilidade: disponivel",verificado_metadados,2026-09-14,Arquivos locais: 6
evid-fonte-aula-kaiser-218-11-aria-da-quarta-corda-bach-versao-paul,aula-kaiser-218-11-aria-da-quarta-corda-bach-versao-paul,entrada_catalogo,inventario_v03,"arq-0767;arq-0764;arq-0765;arq-0763;arq-0766","Entrada catalogada: 11. Ária da Quarta Corda (Bach) - Versão Paulinho Nogueira (Kaiserplay). Disponibilidade: disponivel",verificado_metadados,2026-09-14,Arquivos locais: 5
evid-fonte-aula-kaiser-219-12-aquarela-do-brasil-ary-barroso,aula-kaiser-219-12-aquarela-do-brasil-ary-barroso,entrada_catalogo,inventario_v03,"arq-0770;arq-0768;arq-0769","Entrada catalogada: 12. Aquarela do Brasil (Ary Barroso) (Kaiserplay). Disponibilidade: disponivel",verificado_metadados,2026-09-14,Arquivos locais: 3
evid-fonte-aula-kaiser-220-13-as-rosas-nao-falam-choro,aula-kaiser-220-13-as-rosas-nao-falam-choro,entrada_catalogo,inventario_v03,"arq-0773;arq-0771;arq-0772","Entrada catalogada: 13. As Rosas Não Falam (Choro) (Kaiserplay). Disponibilidade: disponivel",verificado_metadados,2026-09-14,Arquivos locais: 3
evid-fonte-aula-kaiser-221-14-sampa-caetano-veloso,aula-kaiser-221-14-sampa-caetano-veloso,entrada_catalogo,inventario_v03,"arq-0776;arq-0774;arq-0775","Entrada catalogada: 14. Sampa (Caetano Veloso) (Kaiserplay). Disponibilidade: disponivel",verificado_metadados,2026-09-14,Arquivos locais: 3
evid-fonte-aula-kaiser-222-15-wave-tom-jobim-bossa-nova,aula-kaiser-222-15-wave-tom-jobim-bossa-nova,entrada_catalogo,inventario_v03,"arq-0780;arq-0777;arq-0778;arq-0779","Entrada catalogada: 15. Wave (Tom Jobim) - Bossa Nova (Kaiserplay). Disponibilidade: disponivel",verificado_metadados,2026-09-14,Arquivos locais: 4
evid-fonte-aula-kaiser-223-16-sons-de-carrilhoes-joao-pernambuco-ch,aula-kaiser-223-16-sons-de-carrilhoes-joao-pernambuco-ch,entrada_catalogo,inventario_v03,"arq-0783;arq-0781;arq-0782","Entrada catalogada: 16. Sons de Carrilhões (João Pernambuco) - Choro (Kaiserplay). Disponibilidade: disponivel",verificado_metadados,2026-09-14,Arquivos locais: 3
evid-fonte-aula-kaiser-224-17-bachianinha-n-2-paulinho-nogueira,aula-kaiser-224-17-bachianinha-n-2-paulinho-nogueira,entrada_catalogo,inventario_v03,"arq-0787;arq-0786;arq-0784;arq-0785","Entrada catalogada: 17. Bachianinha n.2 (Paulinho Nogueira) (Kaiserplay). Disponibilidade: disponivel",verificado_metadados,2026-09-14,Arquivos locais: 4
evid-fonte-aula-kaiser-225-18-piano-som-arranjo-de-robson-miguel,aula-kaiser-225-18-piano-som-arranjo-de-robson-miguel,entrada_catalogo,inventario_v03,"arq-0791;arq-0788;arq-0789;arq-0790","Entrada catalogada: 18. Piano som - Arranjo de Robson Miguel (Kaiserplay). Disponibilidade: disponivel",verificado_metadados,2026-09-14,Arquivos locais: 4
evid-fonte-aula-kaiser-226-19-lamentos-pixinguinha,aula-kaiser-226-19-lamentos-pixinguinha,entrada_catalogo,inventario_v03,"arq-0795;arq-0792;arq-0793;arq-0794","Entrada catalogada: 19. Lamentos (Pixinguinha) (Kaiserplay). Disponibilidade: disponivel",verificado_metadados,2026-09-14,Arquivos locais: 4
evid-fonte-aula-kaiser-227-2-piratas-do-caribe-tema-do-filme-finger,aula-kaiser-227-2-piratas-do-caribe-tema-do-filme-finger,entrada_catalogo,inventario_v03,"arq-0803;arq-0796;arq-0800;arq-0802;arq-0797;arq-0798;arq-0799;arq-0801","Entrada catalogada: 2. Piratas do Caribe (Tema do Filme) - Fingerstyle (Kaiserplay). Disponibilidade: disponivel",verificado_metadados,2026-09-14,Arquivos locais: 8
evid-fonte-aula-kaiser-228-20-trem-das-onze-samba,aula-kaiser-228-20-trem-das-onze-samba,entrada_catalogo,inventario_v03,"arq-0808;arq-0804;arq-0807;arq-0805;arq-0806","Entrada catalogada: 20. Trem das Onze (Samba) (Kaiserplay). Disponibilidade: disponivel",verificado_metadados,2026-09-14,Arquivos locais: 5
evid-fonte-aula-kaiser-229-21-sonata-ao-luar-beethoven,aula-kaiser-229-21-sonata-ao-luar-beethoven,entrada_catalogo,inventario_v03,"arq-0812;arq-0810;arq-0809;arq-0811","Entrada catalogada: 21. Sonata ao Luar (Beethoven) (Kaiserplay). Disponibilidade: disponivel",verificado_metadados,2026-09-14,Arquivos locais: 4
evid-fonte-aula-kaiser-230-22-evidencias-chitaozinho-xororo,aula-kaiser-230-22-evidencias-chitaozinho-xororo,entrada_catalogo,inventario_v03,"arq-0818;arq-0816;arq-0817;arq-0813;arq-0814;arq-0815","Entrada catalogada: 22. Evidências (Chitãozinho & Xororó) (Kaiserplay). Disponibilidade: disponivel",verificado_metadados,2026-09-14,Arquivos locais: 6
evid-fonte-aula-kaiser-231-23-baiao-do-meio-dia-marcos-kaiser,aula-kaiser-231-23-baiao-do-meio-dia-marcos-kaiser,entrada_catalogo,inventario_v03,"arq-0825;arq-0822;arq-0821;arq-0823;arq-0819;arq-0820;arq-0824","Entrada catalogada: 23. Baião do Meio-Dia (Marcos Kaiser) (Kaiserplay). Disponibilidade: disponivel",verificado_metadados,2026-09-14,Arquivos locais: 7
evid-fonte-aula-kaiser-232-24-saudosa-maloca-samba,aula-kaiser-232-24-saudosa-maloca-samba,entrada_catalogo,inventario_v03,"arq-0832;arq-0828;arq-0829;arq-0831;arq-0826;arq-0827;arq-0830","Entrada catalogada: 24. Saudosa Maloca (Samba) (Kaiserplay). Disponibilidade: disponivel",verificado_metadados,2026-09-14,Arquivos locais: 7
evid-fonte-aula-kaiser-233-25-preciso-me-encontrar-versao-cartola,aula-kaiser-233-25-preciso-me-encontrar-versao-cartola,entrada_catalogo,inventario_v03,"arq-0839;arq-0837;arq-0838;arq-0833;arq-0834;arq-0835;arq-0836","Entrada catalogada: 25. Preciso Me Encontrar (Versão Cartola) (Kaiserplay). Disponibilidade: disponivel",verificado_metadados,2026-09-14,Arquivos locais: 7
evid-fonte-aula-kaiser-234-26-naquela-mesa-choro,aula-kaiser-234-26-naquela-mesa-choro,entrada_catalogo,inventario_v03,"arq-0842;arq-0840;arq-0841","Entrada catalogada: 26. Naquela Mesa (Choro) (Kaiserplay). Disponibilidade: disponivel",verificado_metadados,2026-09-14,Arquivos locais: 3
evid-fonte-aula-kaiser-235-27-o-astronauta-baden-powell,aula-kaiser-235-27-o-astronauta-baden-powell,entrada_catalogo,inventario_v03,"arq-0845;arq-0843;arq-0844","Entrada catalogada: 27. O Astronauta (Baden Powell) (Kaiserplay). Disponibilidade: disponivel",verificado_metadados,2026-09-14,Arquivos locais: 3
evid-fonte-aula-kaiser-236-28-chorrindo-marcos-kaiser,aula-kaiser-236-28-chorrindo-marcos-kaiser,entrada_catalogo,inventario_v03,"arq-0848;arq-0846;arq-0847","Entrada catalogada: 28. Chorrindo (Marcos Kaiser) (Kaiserplay). Disponibilidade: disponivel",verificado_metadados,2026-09-14,Arquivos locais: 3
evid-fonte-aula-kaiser-237-29-brejeiro-e-nazareth-choro,aula-kaiser-237-29-brejeiro-e-nazareth-choro,entrada_catalogo,inventario_v03,"arq-0851;arq-0849;arq-0850","Entrada catalogada: 29. Brejeiro (E. Nazareth) - Choro (Kaiserplay). Disponibilidade: disponivel",verificado_metadados,2026-09-14,Arquivos locais: 3
evid-fonte-aula-kaiser-238-3-fingerpicking-blues-fingerstyle,aula-kaiser-238-3-fingerpicking-blues-fingerstyle,entrada_catalogo,inventario_v03,"arq-0853;arq-0852","Entrada catalogada: 3. Fingerpicking Blues - FINGERSTYLE (Kaiserplay). Disponibilidade: disponivel",verificado_metadados,2026-09-14,Arquivos locais: 2
evid-fonte-aula-kaiser-239-30-on-the-road-blues,aula-kaiser-239-30-on-the-road-blues,entrada_catalogo,inventario_v03,"arq-0859;arq-0856;arq-0857;arq-0854;arq-0855;arq-0858","Entrada catalogada: 30. On the Road (Blues) (Kaiserplay). Disponibilidade: disponivel",verificado_metadados,2026-09-14,Arquivos locais: 6
evid-fonte-aula-kaiser-240-31-marcha-dos-marinheiros-americo-jacobi,aula-kaiser-240-31-marcha-dos-marinheiros-americo-jacobi,entrada_catalogo,inventario_v03,"arq-0862;arq-0860;arq-0861","Entrada catalogada: 31. Marcha dos Marinheiros (Americo Jacobino Canhoto) (Kaiserplay). Disponibilidade: disponivel",verificado_metadados,2026-09-14,Arquivos locais: 3
evid-fonte-aula-kaiser-241-32-regra-tres-toquinho-vinicius,aula-kaiser-241-32-regra-tres-toquinho-vinicius,entrada_catalogo,inventario_v03,"arq-0867;arq-0866;arq-0863;arq-0864;arq-0865","Entrada catalogada: 32. Regra Três (Toquinho & Vinicius) (Kaiserplay). Disponibilidade: disponivel",verificado_metadados,2026-09-14,Arquivos locais: 5
evid-fonte-aula-kaiser-242-33-odeon-nazareth-choro,aula-kaiser-242-33-odeon-nazareth-choro,entrada_catalogo,inventario_v03,"arq-0870;arq-0868;arq-0869","Entrada catalogada: 33. Odeon (Nazareth) - Choro (Kaiserplay). Disponibilidade: disponivel",verificado_metadados,2026-09-14,Arquivos locais: 3
evid-fonte-aula-kaiser-243-34-magoado-dilermando-reis-choro,aula-kaiser-243-34-magoado-dilermando-reis-choro,entrada_catalogo,inventario_v03,"arq-0872;arq-0871","Entrada catalogada: 34. Magoado (Dilermando Reis) - Choro (Kaiserplay). Disponibilidade: disponivel",verificado_metadados,2026-09-14,Arquivos locais: 2
evid-fonte-aula-kaiser-244-35-samba-triste-baden-powell,aula-kaiser-244-35-samba-triste-baden-powell,entrada_catalogo,inventario_v03,"arq-0875;arq-0873;arq-0874","Entrada catalogada: 35. Samba Triste (Baden Powell) (Kaiserplay). Disponibilidade: disponivel",verificado_metadados,2026-09-14,Arquivos locais: 3
evid-fonte-aula-kaiser-245-36-choro-n-1-villa-lobos,aula-kaiser-245-36-choro-n-1-villa-lobos,entrada_catalogo,inventario_v03,"arq-0879;arq-0877;arq-0876;arq-0878","Entrada catalogada: 36. Choro N.1 (Villa-Lobos) (Kaiserplay). Disponibilidade: disponivel",verificado_metadados,2026-09-14,Arquivos locais: 4
evid-fonte-aula-kaiser-246-37-noites-cariocas-jacob-do-bandolim,aula-kaiser-246-37-noites-cariocas-jacob-do-bandolim,entrada_catalogo,inventario_v03,"arq-0882;arq-0880;arq-0881","Entrada catalogada: 37. Noites Cariocas (Jacob do Bandolim) (Kaiserplay). Disponibilidade: disponivel",verificado_metadados,2026-09-14,Arquivos locais: 3
evid-fonte-aula-kaiser-247-38-tempo-de-crianca-dilermando-reis,aula-kaiser-247-38-tempo-de-crianca-dilermando-reis,entrada_catalogo,inventario_v03,"arq-0885;arq-0883;arq-0884","Entrada catalogada: 38. Tempo de Criança (Dilermando Reis) (Kaiserplay). Disponibilidade: disponivel",verificado_metadados,2026-09-14,Arquivos locais: 3
evid-fonte-aula-kaiser-248-39-bachianinha-n-1-paulinho-nogueira,aula-kaiser-248-39-bachianinha-n-1-paulinho-nogueira,entrada_catalogo,inventario_v03,"arq-0888;arq-0886;arq-0887","Entrada catalogada: 39. Bachianinha n.1 (Paulinho Nogueira) (Kaiserplay). Disponibilidade: disponivel",verificado_metadados,2026-09-14,Arquivos locais: 3
evid-fonte-aula-kaiser-249-4-o-mundo-e-um-moinho-cartola,aula-kaiser-249-4-o-mundo-e-um-moinho-cartola,entrada_catalogo,inventario_v03,"arq-0892;arq-0889;arq-0890;arq-0891","Entrada catalogada: 4. O Mundo é Um Moinho (Cartola) (Kaiserplay). Disponibilidade: disponivel",verificado_metadados,2026-09-14,Arquivos locais: 4
evid-fonte-aula-kaiser-250-40-segundo-violao-da-bachianinha-n1,aula-kaiser-250-40-segundo-violao-da-bachianinha-n1,entrada_catalogo,inventario_v03,"arq-0901;arq-0894;arq-0896;arq-0895;arq-0897;arq-0899;arq-0900;arq-0893;arq-0898","Entrada catalogada: 40. Segundo Violão da Bachianinha n1 (Kaiserplay). Disponibilidade: disponivel",verificado_metadados,2026-09-14,Arquivos locais: 9
evid-fonte-aula-kaiser-251-41-grauna-choro,aula-kaiser-251-41-grauna-choro,entrada_catalogo,inventario_v03,"arq-0904;arq-0902;arq-0903","Entrada catalogada: 41. Graúna (Choro) (Kaiserplay). Disponibilidade: disponivel",verificado_metadados,2026-09-14,Arquivos locais: 3
evid-fonte-aula-kaiser-252-42-feira-de-mangaio-forro,aula-kaiser-252-42-feira-de-mangaio-forro,entrada_catalogo,inventario_v03,"arq-0909;arq-0907;arq-0905;arq-0906;arq-0908","Entrada catalogada: 42. Feira de Mangaio (Forró) (Kaiserplay). Disponibilidade: disponivel",verificado_metadados,2026-09-14,Arquivos locais: 5
evid-fonte-aula-kaiser-253-43-hino-nacional-brasileiro,aula-kaiser-253-43-hino-nacional-brasileiro,entrada_catalogo,inventario_v03,"arq-0913;arq-0911;arq-0910;arq-0912","Entrada catalogada: 43. Hino Nacional Brasileiro (Kaiserplay). Disponibilidade: disponivel",verificado_metadados,2026-09-14,Arquivos locais: 4
evid-fonte-aula-kaiser-254-5-estudo-n-1-de-villa-lobos-classico,aula-kaiser-254-5-estudo-n-1-de-villa-lobos-classico,entrada_catalogo,inventario_v03,"arq-0915;arq-0914","Entrada catalogada: 5. Estudo n.1 de Villa Lobos - Clássico (Kaiserplay). Disponibilidade: disponivel",verificado_metadados,2026-09-14,Arquivos locais: 2
evid-fonte-aula-kaiser-255-6-blues-in-the-woods,aula-kaiser-255-6-blues-in-the-woods,entrada_catalogo,inventario_v03,"arq-0922;arq-0920;arq-0921;arq-0917;arq-0916;arq-0918;arq-0919","Entrada catalogada: 6. Blues in the Woods (Kaiserplay). Disponibilidade: disponivel",verificado_metadados,2026-09-14,Arquivos locais: 7
evid-fonte-aula-kaiser-256-7-na-mosca-marcos-kaiser-choro,aula-kaiser-256-7-na-mosca-marcos-kaiser-choro,entrada_catalogo,inventario_v03,"arq-0925;arq-0923;arq-0924","Entrada catalogada: 7. Na Mosca (Marcos Kaiser) - Choro (Kaiserplay). Disponibilidade: disponivel",verificado_metadados,2026-09-14,Arquivos locais: 3
evid-fonte-aula-kaiser-257-8-gotas-de-lagrimas-valsa,aula-kaiser-257-8-gotas-de-lagrimas-valsa,entrada_catalogo,inventario_v03,"arq-0928;arq-0926;arq-0927","Entrada catalogada: 8. Gotas de Lágrimas (Valsa) (Kaiserplay). Disponibilidade: disponivel",verificado_metadados,2026-09-14,Arquivos locais: 3
evid-fonte-aula-kaiser-258-9-jesus-alegria-dos-homens-bach,aula-kaiser-258-9-jesus-alegria-dos-homens-bach,entrada_catalogo,inventario_v03,"arq-0930;arq-0929","Entrada catalogada: 9. Jesus Alegria dos Homens (Bach) (Kaiserplay). Disponibilidade: disponivel",verificado_metadados,2026-09-14,Arquivos locais: 2
evid-fonte-aula-mod-5-15,aula-mod-5-15,entrada_catalogo,inventario_v03,"arq-1875","Entrada catalogada: Violão - 17.1 - Leitura C D E (pág 45) (Método Tríade). Disponibilidade: disponivel",verificado_metadados,2026-09-14,Arquivos locais: 1
evid-fonte-aula-mod-5-16,aula-mod-5-16,entrada_catalogo,inventario_v03,"arq-1877;arq-1876","Entrada catalogada: Violão - 17.2 - Leitura C D E F e G (Método Tríade). Disponibilidade: disponivel",verificado_metadados,2026-09-14,Arquivos locais: 2
evid-fonte-aula-mod-5-17,aula-mod-5-17,entrada_catalogo,inventario_v03,"arq-1879;arq-1878","Entrada catalogada: Violão - 17.3 - Leitura Região Média (ág 46) (Método Tríade). Disponibilidade: disponivel",verificado_metadados,2026-09-14,Arquivos locais: 2
evid-fonte-aula-mod-5-18,aula-mod-5-18,entrada_catalogo,inventario_v03,"sem_arquivo_local","Entrada catalogada: Violão - 17.4 - Região Aguda (Método Tríade). Disponibilidade: sem_material",verificado_metadados,2026-09-14,Arquivos locais: 0
evid-fonte-aula-mod-5-19,aula-mod-5-19,entrada_catalogo,inventario_v03,"arq-1881;arq-1883;arq-1884;arq-1882;arq-1880;arq-1885","Entrada catalogada: Violão - 17.5 - Aceleração de Leitura de Partituras (Método Tríade). Disponibilidade: disponivel",verificado_metadados,2026-09-14,Arquivos locais: 6
evid-fonte-aula-mod-5-1,aula-mod-5-1,entrada_catalogo,inventario_v03,"sem_arquivo_local","Entrada catalogada: 07 - Violão - 17.6 - A OITAVA (Método Tríade). Disponibilidade: sem_material",verificado_metadados,2026-09-14,Arquivos locais: 0
evid-fonte-aula-mod-5-22,aula-mod-5-22,entrada_catalogo,inventario_v03,"sem_arquivo_local","Entrada catalogada: Violão - 18.1 - Dedilhado Vai e Vem (Pág 47) (batida) (Método Tríade). Disponibilidade: sem_material",verificado_metadados,2026-09-14,Arquivos locais: 0
evid-fonte-aula-mod-5-23,aula-mod-5-23,entrada_catalogo,inventario_v03,"sem_arquivo_local","Entrada catalogada: Violão - 18.2 - Dedilhado vai e vem - Você (Pág 47) (Método Tríade). Disponibilidade: sem_material",verificado_metadados,2026-09-14,Arquivos locais: 0
evid-fonte-aula-mod-5-2,aula-mod-5-2,entrada_catalogo,inventario_v03,"sem_arquivo_local","Entrada catalogada: 13 - Violão - 18.4 - A Notação mais FÁCIL do mundo (Método Tríade). Disponibilidade: sem_material",verificado_metadados,2026-09-14,Arquivos locais: 0
evid-fonte-aula-mod-5-3,aula-mod-5-3,entrada_catalogo,inventario_v03,"sem_arquivo_local","Entrada catalogada: 14 - Violão - 18.5 - UPGRADE 6.0 simplificando acordes (Método Tríade). Disponibilidade: sem_material",verificado_metadados,2026-09-14,Arquivos locais: 0
evid-fonte-aula-mod-5-4,aula-mod-5-4,entrada_catalogo,inventario_v03,"sem_arquivo_local","Entrada catalogada: 15 - UPGRADE 7.0 Violão - 18.6 Quais cordas dedilhar (Método Tríade). Disponibilidade: sem_material",verificado_metadados,2026-09-14,Arquivos locais: 0
evid-fonte-aula-mod-5-5,aula-mod-5-5,entrada_catalogo,inventario_v03,"sem_arquivo_local","Entrada catalogada: 16 - UPGRADE 7.0 Violão 18.7 Momento GOSPEL - Aleluia (Método Tríade). Disponibilidade: sem_material",verificado_metadados,2026-09-14,Arquivos locais: 0
evid-fonte-aula-mod-5-6,aula-mod-5-6,entrada_catalogo,inventario_v03,"sem_arquivo_local","Entrada catalogada: 17 - UPGRADE 7.0 Violão 18.8 Aleluia com I.A (Método Tríade). Disponibilidade: sem_material",verificado_metadados,2026-09-14,Arquivos locais: 0
evid-fonte-aula-mod-5-7,aula-mod-5-7,entrada_catalogo,inventario_v03,"arq-1869;arq-1870;arq-1871","Entrada catalogada: 19 - Violão - 19.1 - VILAREJO (Método Tríade). Disponibilidade: disponivel",verificado_metadados,2026-09-14,Arquivos locais: 3
evid-fonte-aula-mod-5-8,aula-mod-5-8,entrada_catalogo,inventario_v03,"sem_arquivo_local","Entrada catalogada: 20 - Violão - 19.2 - TOCA que EU CANTO! - VILAREJO (Método Tríade). Disponibilidade: sem_material",verificado_metadados,2026-09-14,Arquivos locais: 0
evid-fonte-aula-mod-5-27,aula-mod-5-27,entrada_catalogo,inventario_v03,"sem_arquivo_local","Entrada catalogada: Violão - 19.4 - Leitura Oitava Completa (Pág 51) (Método Tríade). Disponibilidade: sem_material",verificado_metadados,2026-09-14,Arquivos locais: 0
evid-fonte-aula-mod-5-28,aula-mod-5-28,entrada_catalogo,inventario_v03,"sem_arquivo_local","Entrada catalogada: Violão - 19.5 - Trenzinho C. Villa Lobos  (Pág 51) (Método Tríade). Disponibilidade: sem_material",verificado_metadados,2026-09-14,Arquivos locais: 0
evid-fonte-aula-mod-5-9,aula-mod-5-9,entrada_catalogo,inventario_v03,"sem_arquivo_local","Entrada catalogada: 24 - 19.6 UPGRADE 6.0 Revisão DOMINE o BRAÇO - Onde está a (Método Tríade). Disponibilidade: sem_material",verificado_metadados,2026-09-14,Arquivos locais: 0
evid-fonte-aula-mod-5-10,aula-mod-5-10,entrada_catalogo,inventario_v03,"sem_arquivo_local","Entrada catalogada: 25 - UPGRADE 5.0 19.6 - MOMENTO GOSPEL Lindo és (+Variaçã (Método Tríade). Disponibilidade: sem_material",verificado_metadados,2026-09-14,Arquivos locais: 0
evid-fonte-aula-mod-5-31,aula-mod-5-31,entrada_catalogo,inventario_v03,"sem_arquivo_local","Entrada catalogada: Violão - 20.2 - FINGERSTYLE (Natalina) (Método Tríade). Disponibilidade: sem_material",verificado_metadados,2026-09-14,Arquivos locais: 0
evid-fonte-aula-mod-5-34,aula-mod-5-34,entrada_catalogo,inventario_v03,"arq-1898;arq-1900;arq-1901;arq-1899;arq-1897;arq-1902","Entrada catalogada: Violão - 20.5 - BÔNUS! Fingerstyle de _LINDA_ (Roupa Nov (Método Tríade). Disponibilidade: disponivel",verificado_metadados,2026-09-14,Arquivos locais: 6
evid-fonte-aula-mod-5-35,aula-mod-5-35,entrada_catalogo,inventario_v03,"arq-1904;arq-1903","Entrada catalogada: 20.6 - HIPER DETALHAMENTO- Me Chama (Método Tríade). Disponibilidade: disponivel",verificado_metadados,2026-09-14,Arquivos locais: 2
evid-fonte-aula-mod-5-11,aula-mod-5-11,entrada_catalogo,inventario_v03,"sem_arquivo_local","Entrada catalogada: 33 - UPGRADE 7.0 20.7 - VIOLÁO - Como DECORAR (Método Tríade). Disponibilidade: sem_material",verificado_metadados,2026-09-14,Arquivos locais: 0
evid-fonte-aula-mod-5-12,aula-mod-5-12,entrada_catalogo,inventario_v03,"sem_arquivo_local","Entrada catalogada: 34 - UPGRADE 8.0 Pra Melhorar - Marisa monte (Método Tríade). Disponibilidade: sem_material",verificado_metadados,2026-09-14,Arquivos locais: 0
evid-fonte-aula-mod-5-13,aula-mod-5-13,entrada_catalogo,inventario_v03,"arq-1873;arq-1872","Entrada catalogada: 35 - UPGRADE 8.0 TOCA QUE EU CANTO - Pra Melhorar (Método Tríade). Disponibilidade: disponivel",verificado_metadados,2026-09-14,Arquivos locais: 2
evid-fonte-aula-mod-9-1,aula-mod-9-1,entrada_catalogo,inventario_v03,"sem_arquivo_local","Entrada catalogada: 02 - Violão - 36.1 Dedilhado BLOCADO 1 - Careless UPGRADE 5 (Método Tríade). Disponibilidade: sem_material",verificado_metadados,2026-09-14,Arquivos locais: 0
evid-fonte-aula-mod-9-2,aula-mod-9-2,entrada_catalogo,inventario_v03,"arq-2021;arq-2020;arq-2019","Entrada catalogada: 03 - Violão - 36.2 Dedilhado BLOCADO 1 Variação Final UPGR (Método Tríade). Disponibilidade: disponivel",verificado_metadados,2026-09-14,Arquivos locais: 3
evid-fonte-aula-mod-9-3,aula-mod-9-3,entrada_catalogo,inventario_v03,"arq-2023;arq-2022","Entrada catalogada: 04 - Violão - 36.3 CHAMA o SAX! - Levada Blocada 01 UPGRADE (Método Tríade). Disponibilidade: disponivel",verificado_metadados,2026-09-14,Arquivos locais: 2
evid-fonte-aula-mod-9-15,aula-mod-9-15,entrada_catalogo,inventario_v03,"arq-2058;arq-2057","Entrada catalogada: Violão - 37 _Explicação da Prova Prática (Método Tríade). Disponibilidade: disponivel",verificado_metadados,2026-09-14,Arquivos locais: 2
evid-fonte-aula-mod-9-5,aula-mod-9-5,entrada_catalogo,inventario_v03,"sem_arquivo_local","Entrada catalogada: 08 - UPGRADE 8.0 - 2025 38.2 Sofrência Avançada (Bolero!) Tu (Método Tríade). Disponibilidade: sem_material",verificado_metadados,2026-09-14,Arquivos locais: 0
evid-fonte-aula-mod-9-6,aula-mod-9-6,entrada_catalogo,inventario_v03,"arq-2033;arq-2034;arq-2027;arq-2026;arq-2035","Entrada catalogada: 09 - UPGRADE 8.0 - 2025 38.3 Fluência na Sofrência Avançada (Método Tríade). Disponibilidade: disponivel",verificado_metadados,2026-09-14,Arquivos locais: 5
evid-fonte-aula-mod-9-7,aula-mod-9-7,entrada_catalogo,inventario_v03,"sem_arquivo_local","Entrada catalogada: 10 - VERSÁO 4.0 Violão 39.1 - Revisão Intevalos no Braço (Método Tríade). Disponibilidade: sem_material",verificado_metadados,2026-09-14,Arquivos locais: 0
evid-fonte-aula-mod-9-9,aula-mod-9-9,entrada_catalogo,inventario_v03,"arq-2040;arq-2041;arq-2039;arq-2042","Entrada catalogada: 12 - Violão - 39.3 - 9's em TRÍADES de 5a corda (Método Tríade). Disponibilidade: disponivel",verificado_metadados,2026-09-14,Arquivos locais: 4
evid-fonte-aula-mod-11-1,aula-mod-11-1,entrada_catalogo,inventario_v03,"arq-2085","Entrada catalogada: 01 - SORTEIO VIOLÁO [30 07 2026] (Método Tríade). Disponibilidade: parcial",verificado_metadados,2026-09-14,Arquivos locais: 1
evid-fonte-aula-mod-11-2,aula-mod-11-2,entrada_catalogo,inventario_v03,"arq-2087;arq-2086;arq-2088;arq-2089","Entrada catalogada: 02 - AULA LIVE [30 07 2026] (Método Tríade). Disponibilidade: disponivel",verificado_metadados,2026-09-14,Arquivos locais: 4
evid-fonte-aula-kaiser-73-1-introducao-composicao-e-improvisacao,aula-kaiser-73-1-introducao-composicao-e-improvisacao,entrada_catalogo,inventario_v03,"arq-0214;arq-0213","Entrada catalogada: 1. Introdução_ Composição e Improvisação (Kaiserplay). Disponibilidade: disponivel",verificado_metadados,2026-09-14,Arquivos locais: 2
evid-fonte-aula-kaiser-74-10-dica-de-composicao-domine-o-braco-do-,aula-kaiser-74-10-dica-de-composicao-domine-o-braco-do-,entrada_catalogo,inventario_v03,"arq-0216;arq-0215","Entrada catalogada: 10. Dica de COMPOSIÇÃO_ Domine o Braço do Violão (Kaiserplay). Disponibilidade: disponivel",verificado_metadados,2026-09-14,Arquivos locais: 2
evid-fonte-aula-kaiser-75-11-improviso-em-dominantes-secundarios,aula-kaiser-75-11-improviso-em-dominantes-secundarios,entrada_catalogo,inventario_v03,"arq-0226;arq-0223;arq-0217;arq-0218;arq-0219;arq-0220;arq-0221;arq-0222;arq-0224;arq-0225","Entrada catalogada: 11. Improviso em DOMINANTES SECUNDÁRIOS (Kaiserplay). Disponibilidade: disponivel",verificado_metadados,2026-09-14,Arquivos locais: 10
evid-fonte-aula-kaiser-76-12-exemplo-de-improviso-em-dominantes-se,aula-kaiser-76-12-exemplo-de-improviso-em-dominantes-se,entrada_catalogo,inventario_v03,"arq-0228;arq-0227","Entrada catalogada: 12. EXEMPLO de improviso em Dominantes Secundários (Kaiserplay). Disponibilidade: disponivel",verificado_metadados,2026-09-14,Arquivos locais: 2
evid-fonte-aula-kaiser-77-13-improviso-em-subdominantes-secundario,aula-kaiser-77-13-improviso-em-subdominantes-secundario,entrada_catalogo,inventario_v03,"arq-0230;arq-0229","Entrada catalogada: 13. Improviso em SUBDOMINANTES SECUNDÁRIOS (Kaiserplay). Disponibilidade: disponivel",verificado_metadados,2026-09-14,Arquivos locais: 2
evid-fonte-aula-kaiser-78-14-improviso-em-dominantes-substitutos-s,aula-kaiser-78-14-improviso-em-dominantes-substitutos-s,entrada_catalogo,inventario_v03,"arq-0235;arq-0231;arq-0232;arq-0233;arq-0234","Entrada catalogada: 14. Improviso em DOMINANTES SUBSTITUTOS (SubV7) (Kaiserplay). Disponibilidade: disponivel",verificado_metadados,2026-09-14,Arquivos locais: 5
evid-fonte-aula-kaiser-79-15-exemplo-de-improviso-em-dominantes-su,aula-kaiser-79-15-exemplo-de-improviso-em-dominantes-su,entrada_catalogo,inventario_v03,"arq-0237;arq-0236","Entrada catalogada: 15. EXEMPLO de improviso em Dominantes Substitutos (Kaiserplay). Disponibilidade: disponivel",verificado_metadados,2026-09-14,Arquivos locais: 2
evid-fonte-aula-kaiser-80-16-improvisacao-em-diminutos,aula-kaiser-80-16-improvisacao-em-diminutos,entrada_catalogo,inventario_v03,"arq-0243;arq-0238;arq-0239;arq-0240;arq-0241;arq-0242","Entrada catalogada: 16. Improvisação em DIMINUTOS (Kaiserplay). Disponibilidade: disponivel",verificado_metadados,2026-09-14,Arquivos locais: 6
evid-fonte-aula-kaiser-81-17-exemplo-de-improviso-em-diminutos,aula-kaiser-81-17-exemplo-de-improviso-em-diminutos,entrada_catalogo,inventario_v03,"arq-0245;arq-0244","Entrada catalogada: 17. EXEMPLO de Improviso em Diminutos (Kaiserplay). Disponibilidade: disponivel",verificado_metadados,2026-09-14,Arquivos locais: 2
evid-fonte-aula-kaiser-82-18-escalas-horizontais,aula-kaiser-82-18-escalas-horizontais,entrada_catalogo,inventario_v03,"arq-0247;arq-0246","Entrada catalogada: 18. Escalas Horizontais (Kaiserplay). Disponibilidade: disponivel",verificado_metadados,2026-09-14,Arquivos locais: 2
evid-fonte-aula-kaiser-83-2-desenvolva-sua-musicalidade,aula-kaiser-83-2-desenvolva-sua-musicalidade,entrada_catalogo,inventario_v03,"arq-0249;arq-0248","Entrada catalogada: 2. Desenvolva sua musicalidade (Kaiserplay). Disponibilidade: disponivel",verificado_metadados,2026-09-14,Arquivos locais: 2
evid-fonte-aula-kaiser-84-3-o-basico-do-basico,aula-kaiser-84-3-o-basico-do-basico,entrada_catalogo,inventario_v03,"arq-0251;arq-0250","Entrada catalogada: 3. O Básico do Básico (Kaiserplay). Disponibilidade: disponivel",verificado_metadados,2026-09-14,Arquivos locais: 2
evid-fonte-aula-kaiser-85-4-aplicacoes-do-modo-mixolidio-resolucao,aula-kaiser-85-4-aplicacoes-do-modo-mixolidio-resolucao,entrada_catalogo,inventario_v03,"arq-0255;arq-0252;arq-0253;arq-0254","Entrada catalogada: 4. Aplicações do Modo Mixolídio - Resolução em tons Maiores (Kaiserplay). Disponibilidade: disponivel",verificado_metadados,2026-09-14,Arquivos locais: 4
evid-fonte-aula-kaiser-86-5-flamenco,aula-kaiser-86-5-flamenco,entrada_catalogo,inventario_v03,"arq-0257;arq-0256","Entrada catalogada: 5. Flamenco (Kaiserplay). Disponibilidade: disponivel",verificado_metadados,2026-09-14,Arquivos locais: 2
evid-fonte-aula-kaiser-87-6-funk-blues,aula-kaiser-87-6-funk-blues,entrada_catalogo,inventario_v03,"arq-0259;arq-0258","Entrada catalogada: 6. Funk Blues (Kaiserplay). Disponibilidade: disponivel",verificado_metadados,2026-09-14,Arquivos locais: 2
evid-fonte-aula-kaiser-88-7-funk-com-modulacoes,aula-kaiser-88-7-funk-com-modulacoes,entrada_catalogo,inventario_v03,"arq-0261;arq-0260","Entrada catalogada: 7. Funk com Modulações (Kaiserplay). Disponibilidade: disponivel",verificado_metadados,2026-09-14,Arquivos locais: 2
evid-fonte-aula-kaiser-89-8-flamenco-cadencia-andaluza,aula-kaiser-89-8-flamenco-cadencia-andaluza,entrada_catalogo,inventario_v03,"arq-0268;arq-0264;arq-0265;arq-0266;arq-0267;arq-0262;arq-0263","Entrada catalogada: 8. Flamenco (Cadência Andaluza) (Kaiserplay). Disponibilidade: disponivel",verificado_metadados,2026-09-14,Arquivos locais: 7
evid-fonte-aula-kaiser-90-9-samba,aula-kaiser-90-9-samba,entrada_catalogo,inventario_v03,"arq-0270;arq-0269","Entrada catalogada: 9. Samba (Kaiserplay). Disponibilidade: disponivel",verificado_metadados,2026-09-14,Arquivos locais: 2
evid-fonte-aula-kaiser-91-1-crie-novos-acordes,aula-kaiser-91-1-crie-novos-acordes,entrada_catalogo,inventario_v03,"arq-0272;arq-0271","Entrada catalogada: 1. CRIE NOVOS ACORDES (Kaiserplay). Disponibilidade: disponivel",verificado_metadados,2026-09-14,Arquivos locais: 2
evid-fonte-aula-kaiser-92-2-padroes-ritmicos,aula-kaiser-92-2-padroes-ritmicos,entrada_catalogo,inventario_v03,"arq-0274;arq-0273","Entrada catalogada: 2. PADRÕES RÍTMICOS (Kaiserplay). Disponibilidade: disponivel",verificado_metadados,2026-09-14,Arquivos locais: 2
evid-fonte-aula-kaiser-93-3-inspiracao-harmonica,aula-kaiser-93-3-inspiracao-harmonica,entrada_catalogo,inventario_v03,"arq-0276;arq-0275","Entrada catalogada: 3. INSPIRAÇÃO HARMÔNICA (Kaiserplay). Disponibilidade: disponivel",verificado_metadados,2026-09-14,Arquivos locais: 2
evid-fonte-aula-kaiser-94-4-composicao-precisa-de-treino,aula-kaiser-94-4-composicao-precisa-de-treino,entrada_catalogo,inventario_v03,"arq-0278;arq-0277","Entrada catalogada: 4. Composição precisa de TREINO! (Kaiserplay). Disponibilidade: disponivel",verificado_metadados,2026-09-14,Arquivos locais: 2
evid-fonte-aula-kaiser-115-1-209-arranjos-pra-violao,aula-kaiser-115-1-209-arranjos-pra-violao,entrada_catalogo,inventario_v03,"arq-0373","Entrada catalogada: 1. 209 arranjos pra violão (Kaiserplay). Disponibilidade: parcial",verificado_metadados,2026-09-14,Arquivos locais: 1
evid-fonte-aula-kaiser-116-1-ebook-a-arte-auditiva-do-violao,aula-kaiser-116-1-ebook-a-arte-auditiva-do-violao,entrada_catalogo,inventario_v03,"arq-0374","Entrada catalogada: 1. Ebook_ A Arte Auditiva do Violão (Kaiserplay). Disponibilidade: parcial",verificado_metadados,2026-09-14,Arquivos locais: 1
evid-fonte-aula-kaiser-128-1-formatos-do-blues,aula-kaiser-128-1-formatos-do-blues,entrada_catalogo,inventario_v03,"arq-0434;arq-0425;arq-0426;arq-0427;arq-0428;arq-0429;arq-0430;arq-0431;arq-0432;arq-0433","Entrada catalogada: 1. Formatos do Blues (Kaiserplay). Disponibilidade: disponivel",verificado_metadados,2026-09-14,Arquivos locais: 10
evid-fonte-aula-kaiser-129-2-escalas-do-blues,aula-kaiser-129-2-escalas-do-blues,entrada_catalogo,inventario_v03,"arq-0436;arq-0435","Entrada catalogada: 2. Escalas do Blues (Kaiserplay). Disponibilidade: disponivel",verificado_metadados,2026-09-14,Arquivos locais: 2
evid-fonte-aula-kaiser-130-3-bases-pra-solar-blues-maior,aula-kaiser-130-3-bases-pra-solar-blues-maior,entrada_catalogo,inventario_v03,"arq-0438;arq-0437","Entrada catalogada: 3. Bases pra Solar BLUES MAIOR (Kaiserplay). Disponibilidade: disponivel",verificado_metadados,2026-09-14,Arquivos locais: 2
evid-fonte-aula-kaiser-131-4-bases-para-solar-blues-menor,aula-kaiser-131-4-bases-para-solar-blues-menor,entrada_catalogo,inventario_v03,"arq-0440;arq-0439","Entrada catalogada: 4. Bases para Solar BLUES MENOR (Kaiserplay). Disponibilidade: disponivel",verificado_metadados,2026-09-14,Arquivos locais: 2
evid-fonte-aula-kaiser-132-5-turnarounds,aula-kaiser-132-5-turnarounds,entrada_catalogo,inventario_v03,"arq-0444;arq-0442;arq-0441;arq-0443","Entrada catalogada: 5. Turnarounds (Kaiserplay). Disponibilidade: disponivel",verificado_metadados,2026-09-14,Arquivos locais: 4
evid-fonte-aula-kaiser-133-6-ritmos-do-blues,aula-kaiser-133-6-ritmos-do-blues,entrada_catalogo,inventario_v03,"arq-0446;arq-0445","Entrada catalogada: 6. Ritmos do Blues (Kaiserplay). Disponibilidade: disponivel",verificado_metadados,2026-09-14,Arquivos locais: 2
evid-fonte-aula-kaiser-134-7-exercicio-de-blues,aula-kaiser-134-7-exercicio-de-blues,entrada_catalogo,inventario_v03,"arq-0449;arq-0447;arq-0448","Entrada catalogada: 7. Exercício de Blues (Kaiserplay). Disponibilidade: disponivel",verificado_metadados,2026-09-14,Arquivos locais: 3
evid-fonte-aula-kaiser-135-8-aprenda-um-blues-fingerstyle,aula-kaiser-135-8-aprenda-um-blues-fingerstyle,entrada_catalogo,inventario_v03,"arq-0451;arq-0450","Entrada catalogada: 8. Aprenda um Blues Fingerstyle (Kaiserplay). Disponibilidade: disponivel",verificado_metadados,2026-09-14,Arquivos locais: 2
evid-fonte-aula-kaiser-259-1-choro-chorado-pra-paulinho-nogueira,aula-kaiser-259-1-choro-chorado-pra-paulinho-nogueira,entrada_catalogo,inventario_v03,"arq-0933;arq-0931;arq-0932","Entrada catalogada: 1. Choro Chorado pra Paulinho Nogueira (Kaiserplay). Disponibilidade: disponivel",verificado_metadados,2026-09-14,Arquivos locais: 3
evid-fonte-aula-kaiser-260-2-jerry-s-breakdown-musica-country,aula-kaiser-260-2-jerry-s-breakdown-musica-country,entrada_catalogo,inventario_v03,"arq-0936;arq-0934;arq-0935","Entrada catalogada: 2. Jerry´s Breakdown (Música Country) (Kaiserplay). Disponibilidade: disponivel",verificado_metadados,2026-09-14,Arquivos locais: 3
evid-fonte-aula-kaiser-261-3-luiza-tom-jobim-arranjo-raphael-rabell,aula-kaiser-261-3-luiza-tom-jobim-arranjo-raphael-rabell,entrada_catalogo,inventario_v03,"arq-0940;arq-0938;arq-0937;arq-0939","Entrada catalogada: 3. Luiza (Tom Jobim) -  Arranjo Raphael Rabello (Kaiserplay). Disponibilidade: disponivel",verificado_metadados,2026-09-14,Arquivos locais: 4
evid-fonte-aula-kaiser-262-4-samba-em-preludio-versao-paulinho-nogu,aula-kaiser-262-4-samba-em-preludio-versao-paulinho-nogu,entrada_catalogo,inventario_v03,"arq-0946;arq-0941;arq-0944;arq-0945;arq-0942;arq-0943","Entrada catalogada: 4. Samba em Prelúdio _ Versão Paulinho Nogueira (Kaiserplay). Disponibilidade: disponivel",verificado_metadados,2026-09-14,Arquivos locais: 6
evid-fonte-aula-kaiser-263-5-lamentos-do-morro-garoto,aula-kaiser-263-5-lamentos-do-morro-garoto,entrada_catalogo,inventario_v03,"arq-0949;arq-0947;arq-0948","Entrada catalogada: 5. Lamentos do Morro (Garoto) (Kaiserplay). Disponibilidade: disponivel",verificado_metadados,2026-09-14,Arquivos locais: 3
evid-fonte-aula-kaiser-264-6-cheio-de-dedos-guinga,aula-kaiser-264-6-cheio-de-dedos-guinga,entrada_catalogo,inventario_v03,"arq-0952;arq-0950;arq-0951","Entrada catalogada: 6. Cheio de Dedos (Guinga) (Kaiserplay). Disponibilidade: disponivel",verificado_metadados,2026-09-14,Arquivos locais: 3
evid-fonte-aula-kaiser-265-7-tico-tico-no-fuba-zequinha-de-abreu,aula-kaiser-265-7-tico-tico-no-fuba-zequinha-de-abreu,entrada_catalogo,inventario_v03,"arq-0956;arq-0953;arq-0954;arq-0955","Entrada catalogada: 7. Tico-tico no Fubá (Zequinha de Abreu) (Kaiserplay). Disponibilidade: disponivel",verificado_metadados,2026-09-14,Arquivos locais: 4
evid-fonte-aula-kaiser-266-8-mediterranean-sundance-al-di-meola,aula-kaiser-266-8-mediterranean-sundance-al-di-meola,entrada_catalogo,inventario_v03,"arq-0959;arq-0957;arq-0958","Entrada catalogada: 8. Mediterranean Sundance (Al Di Meola) (Kaiserplay). Disponibilidade: disponivel",verificado_metadados,2026-09-14,Arquivos locais: 3
evid-fonte-aula-mod-1-32,aula-mod-1-32,entrada_catalogo,inventario_v03,"arq-1512;arq-1511","Entrada catalogada: 32 - Violão - 4.6 - Com qual dedo (Método Tríade). Disponibilidade: disponivel",verificado_metadados,2026-09-14,Arquivos locais: 2
evid-fonte-aula-mod-1-33,aula-mod-1-33,entrada_catalogo,inventario_v03,"arq-1514;arq-1515;arq-1516;arq-1517;arq-1513;arq-1518;arq-1519","Entrada catalogada: 33 - Violão - 4.7 - TOCA que eu CANTO - POP Básica (Wicked Ga (Método Tríade). Disponibilidade: disponivel",verificado_metadados,2026-09-14,Arquivos locais: 7
evid-fonte-aula-mod-1-34,aula-mod-1-34,entrada_catalogo,inventario_v03,"arq-1521;arq-1523;arq-1522;arq-1520","Entrada catalogada: 34 - Violão - 4.8 - BÔNUS - MOMENTO GOSPEL - (Método Tríade). Disponibilidade: disponivel",verificado_metadados,2026-09-14,Arquivos locais: 4
evid-fonte-aula-mod-1-35,aula-mod-1-35,entrada_catalogo,inventario_v03,"arq-1525;arq-1526;arq-1524","Entrada catalogada: 35 - Violão - 4.9 - Bônus - Músicas inteiras (Método Tríade). Disponibilidade: disponivel",verificado_metadados,2026-09-14,Arquivos locais: 3
evid-fonte-aula-mod-1-36,aula-mod-1-36,entrada_catalogo,inventario_v03,"arq-1528;arq-1527","Entrada catalogada: 36 - Violão - 4.10 - Bônus - Knocking on Heavens Door (Pág 05 (Método Tríade). Disponibilidade: disponivel",verificado_metadados,2026-09-14,Arquivos locais: 2
evid-fonte-aula-mod-1-37,aula-mod-1-37,entrada_catalogo,inventario_v03,"arq-1531;arq-1530;arq-1529","Entrada catalogada: 37 - Violão - 4.11- Bônus - É o Amor (Pág 06) (Método Tríade). Disponibilidade: disponivel",verificado_metadados,2026-09-14,Arquivos locais: 3
evid-fonte-aula-mod-1-38,aula-mod-1-38,entrada_catalogo,inventario_v03,"arq-1533;arq-1532","Entrada catalogada: 38 - Violão - 4.12 - Bônus - Let it Be (Pág 06) (Método Tríade). Disponibilidade: disponivel",verificado_metadados,2026-09-14,Arquivos locais: 2
evid-fonte-aula-mod-1-39,aula-mod-1-39,entrada_catalogo,inventario_v03,"arq-1535;arq-1534","Entrada catalogada: 39 - Violão - 4.13 - Bônus - Ovelha Negra (Pág 08) (Método Tríade). Disponibilidade: disponivel",verificado_metadados,2026-09-14,Arquivos locais: 2
evid-fonte-aula-mod-1-40,aula-mod-1-40,entrada_catalogo,inventario_v03,"arq-1537;arq-1538;arq-1536","Entrada catalogada: 40 - Violão - 4.14 - Bônus - Patience (Pág 09) (Método Tríade). Disponibilidade: disponivel",verificado_metadados,2026-09-14,Arquivos locais: 3
evid-fonte-aula-mod-1-41,aula-mod-1-41,entrada_catalogo,inventario_v03,"arq-1540;arq-1541;arq-1542;arq-1539;arq-1543","Entrada catalogada: 41 - BÔNUS versão AO VIVO H P - Aula 1 Noções Básicas de Ri (Método Tríade). Disponibilidade: disponivel",verificado_metadados,2026-09-14,Arquivos locais: 5
evid-fonte-aula-mod-1-42,aula-mod-1-42,entrada_catalogo,inventario_v03,"arq-1545;arq-1546;arq-1547;arq-1544;arq-1548","Entrada catalogada: 42 - BÔNUS versão AO VIVO H P - Aula 2 - H P Compassos (Método Tríade). Disponibilidade: disponivel",verificado_metadados,2026-09-14,Arquivos locais: 5
evid-fonte-aula-mod-1-44,aula-mod-1-44,entrada_catalogo,inventario_v03,"arq-1555;arq-1556;arq-1557;arq-1558;arq-1554;arq-1559;arq-1560","Entrada catalogada: 44 - BÔNUS versão AO VIVO H P - Aula 4 As Notas Musicais (P (Método Tríade). Disponibilidade: disponivel",verificado_metadados,2026-09-14,Arquivos locais: 7
evid-fonte-aula-mod-1-45,aula-mod-1-45,entrada_catalogo,inventario_v03,"arq-1561","Entrada catalogada: 45 - Você é CANHOTO Qual a forma CERTA de aprender (UPGRADE (Método Tríade). Disponibilidade: disponivel",verificado_metadados,2026-09-14,Arquivos locais: 1
evid-fonte-aula-mod-1-46,aula-mod-1-46,entrada_catalogo,inventario_v03,"arq-1563;arq-1562","Entrada catalogada: 46 - Trilhas (Método Tríade). Disponibilidade: disponivel",verificado_metadados,2026-09-14,Arquivos locais: 2
evid-fonte-aula-mod-2-27,aula-mod-2-27,entrada_catalogo,inventario_v03,"arq-1658;arq-1660;arq-1659;arq-1657","Entrada catalogada: 28 - Violão - 8.9.2 - Bônus Como Eu Quero (Método Tríade). Disponibilidade: disponivel",verificado_metadados,2026-09-14,Arquivos locais: 4
evid-fonte-aula-mod-2-28,aula-mod-2-28,entrada_catalogo,inventario_v03,"arq-1662;arq-1663;arq-1661","Entrada catalogada: 29 - Violão - 8.9.2 - Bônus Menina Veneno (Método Tríade). Disponibilidade: disponivel",verificado_metadados,2026-09-14,Arquivos locais: 3
evid-fonte-aula-mod-2-29,aula-mod-2-29,entrada_catalogo,inventario_v03,"arq-1665;arq-1666;arq-1664","Entrada catalogada: 30 - Violão - 8.9.3 - Bônus Natasha (Método Tríade). Disponibilidade: disponivel",verificado_metadados,2026-09-14,Arquivos locais: 3
evid-fonte-aula-mod-2-30,aula-mod-2-30,entrada_catalogo,inventario_v03,"arq-1668;arq-1667","Entrada catalogada: 31 - Violão - 8.9.4 - Bônus Que País é esse (Método Tríade). Disponibilidade: disponivel",verificado_metadados,2026-09-14,Arquivos locais: 2
evid-fonte-aula-mod-2-31,aula-mod-2-31,entrada_catalogo,inventario_v03,"arq-1670;arq-1669","Entrada catalogada: 32 - 08.10 - Hiper detalhamento - Batida Rock Inglês - Mais u (Método Tríade). Disponibilidade: disponivel",verificado_metadados,2026-09-14,Arquivos locais: 2
evid-fonte-aula-mod-2-35,aula-mod-2-35,entrada_catalogo,inventario_v03,"arq-1685;arq-1684","Entrada catalogada: 36 - BÔNUS versão AO VIVO H P - 7 - Id. Acordes Maiores e Men (Método Tríade). Disponibilidade: disponivel",verificado_metadados,2026-09-14,Arquivos locais: 2
evid-fonte-aula-mod-2-37,aula-mod-2-37,entrada_catalogo,inventario_v03,"arq-1690;arq-1691;arq-1689","Entrada catalogada: 38 - UPGRADE 6.0 Parabéns pra Você em 3 Níveis de Complexid (Método Tríade). Disponibilidade: disponivel",verificado_metadados,2026-09-14,Arquivos locais: 3
evid-fonte-aula-mod-3-43,aula-mod-3-43,entrada_catalogo,inventario_v03,"arq-1833;arq-1832;arq-1831","Entrada catalogada: Quiz para ir ao mês 3 (Método Tríade). Disponibilidade: disponivel",verificado_metadados,2026-09-14,Arquivos locais: 3
evid-fonte-aula-mod-3-1,aula-mod-3-1,entrada_catalogo,inventario_v03,"sem_arquivo_local","Entrada catalogada: 02 - Violão - 9.1 - O que veremos no mês 3 (Método Tríade). Disponibilidade: sem_material",verificado_metadados,2026-09-14,Arquivos locais: 0
evid-fonte-aula-mod-3-2,aula-mod-3-2,entrada_catalogo,inventario_v03,"arq-1694;arq-1693","Entrada catalogada: 03 - H P - 9.1 - Revisão id. Acordes Maiores e Menores (Método Tríade). Disponibilidade: disponivel",verificado_metadados,2026-09-14,Arquivos locais: 2
evid-fonte-aula-mod-3-3,aula-mod-3-3,entrada_catalogo,inventario_v03,"arq-1696;arq-1695","Entrada catalogada: 04 - H P - 9.2 - Figuras Rítmicas (todas) Pág 23 (Método Tríade). Disponibilidade: disponivel",verificado_metadados,2026-09-14,Arquivos locais: 2
evid-fonte-aula-mod-3-5,aula-mod-3-5,entrada_catalogo,inventario_v03,"arq-1704;arq-1705;arq-1703","Entrada catalogada: 06 - Violão - 9.3 TOCA que eu CANTO Mais uma de Amor (Método Tríade). Disponibilidade: disponivel",verificado_metadados,2026-09-14,Arquivos locais: 3
evid-fonte-aula-mod-3-6,aula-mod-3-6,entrada_catalogo,inventario_v03,"arq-1707;arq-1708;arq-1706","Entrada catalogada: 07 - Violão - 9.4 Batida Rock Inglês Variação (Método Tríade). Disponibilidade: disponivel",verificado_metadados,2026-09-14,Arquivos locais: 3
evid-fonte-aula-mod-3-7,aula-mod-3-7,entrada_catalogo,inventario_v03,"arq-1710;arq-1709","Entrada catalogada: 08 - Violão - 9.5 - VOCÊ SABIA - (Método Tríade). Disponibilidade: disponivel",verificado_metadados,2026-09-14,Arquivos locais: 2
evid-fonte-aula-mod-3-8,aula-mod-3-8,entrada_catalogo,inventario_v03,"arq-1712;arq-1713;arq-1711","Entrada catalogada: 09 - Violão 9.6 BÔNUS Solinho Aonde quer que eu vá (Letra na (Método Tríade). Disponibilidade: disponivel",verificado_metadados,2026-09-14,Arquivos locais: 3
evid-fonte-aula-mod-6-20,aula-mod-6-20,entrada_catalogo,inventario_v03,"sem_arquivo_local","Entrada catalogada: Violão - 23.1 - Campo Harmômico na Prática (Método Tríade). Disponibilidade: sem_material",verificado_metadados,2026-09-14,Arquivos locais: 0
evid-fonte-aula-mod-6-21,aula-mod-6-21,entrada_catalogo,inventario_v03,"sem_arquivo_local","Entrada catalogada: Violão - 23.2 - Reggae (pág 62) (Método Tríade). Disponibilidade: sem_material",verificado_metadados,2026-09-14,Arquivos locais: 0
evid-fonte-aula-mod-6-22,aula-mod-6-22,entrada_catalogo,inventario_v03,"sem_arquivo_local","Entrada catalogada: _UPGRADE 5.0_ 23.3 Dedihado SIMPLES e acordes de UM dedo (Método Tríade). Disponibilidade: sem_material",verificado_metadados,2026-09-14,Arquivos locais: 0
evid-fonte-aula-mod-6-23,aula-mod-6-23,entrada_catalogo,inventario_v03,"sem_arquivo_local","Entrada catalogada: _UPGRADE 5.0_ 23.4 Entendendo os acordes 'simplificados' (Método Tríade). Disponibilidade: sem_material",verificado_metadados,2026-09-14,Arquivos locais: 0
evid-fonte-aula-mod-6-25,aula-mod-6-25,entrada_catalogo,inventario_v03,"arq-1913;arq-1914;arq-1912;arq-1915","Entrada catalogada: Violão - 24.1 - Levada Pop Swing (Método Tríade). Disponibilidade: disponivel",verificado_metadados,2026-09-14,Arquivos locais: 4
evid-fonte-aula-mod-6-4,aula-mod-6-4,entrada_catalogo,inventario_v03,"sem_arquivo_local","Entrada catalogada: 25 - Violão - 24.2 - Chama o FLAUTISTA - Mentiras (Dedilhado) (Método Tríade). Disponibilidade: sem_material",verificado_metadados,2026-09-14,Arquivos locais: 0
evid-fonte-aula-mod-6-26,aula-mod-6-26,entrada_catalogo,inventario_v03,"sem_arquivo_local","Entrada catalogada: Violão - 24.3 - BÔNUS! Conheça o macete 151351 (Método Tríade). Disponibilidade: sem_material",verificado_metadados,2026-09-14,Arquivos locais: 0
evid-fonte-aula-mod-6-27,aula-mod-6-27,entrada_catalogo,inventario_v03,"sem_arquivo_local","Entrada catalogada: Violão - 24.4 - BÔNUS_ Macete 151351 - AULA  2 (Método Tríade). Disponibilidade: sem_material",verificado_metadados,2026-09-14,Arquivos locais: 0
evid-fonte-aula-mod-6-28,aula-mod-6-28,entrada_catalogo,inventario_v03,"sem_arquivo_local","Entrada catalogada: Violão - 24.5 - IMPRESSIONE a todos com este ROCK CLÁSSI (Método Tríade). Disponibilidade: sem_material",verificado_metadados,2026-09-14,Arquivos locais: 0
evid-fonte-aula-mod-6-29,aula-mod-6-29,entrada_catalogo,inventario_v03,"sem_arquivo_local","Entrada catalogada: Violão - 24.6 - LIMPEZA DEDILHADO MOTIVAÇÁO (Método Tríade). Disponibilidade: sem_material",verificado_metadados,2026-09-14,Arquivos locais: 0
evid-fonte-aula-mod-6-30,aula-mod-6-30,entrada_catalogo,inventario_v03,"sem_arquivo_local","Entrada catalogada: Violão - 24.7 - BÔNUS_ Escala PENTATÔNICA (Método Tríade). Disponibilidade: sem_material",verificado_metadados,2026-09-14,Arquivos locais: 0
evid-matriz-aula-prop-001-aula-mod-1-4,aula-mod-1-4,relacao_matriz,matriz_v03,"arq-1241","Relação formal: aula-mod-1-4 alocada para aula-prop-001 como conteudo_principal",verificado_programatico,2026-09-14,Conferido contra catalogo canônico
evid-matriz-aula-prop-002-aula-mod-1-7,aula-mod-1-7,relacao_matriz,matriz_v03,"arq-1271","Relação formal: aula-mod-1-7 alocada para aula-prop-002 como conteudo_principal",verificado_programatico,2026-09-14,Conferido contra catalogo canônico
evid-matriz-aula-prop-003-aula-mod-1-5,aula-mod-1-5,relacao_matriz,matriz_v03,"arq-1252","Relação formal: aula-mod-1-5 alocada para aula-prop-003 como conteudo_principal",verificado_programatico,2026-09-14,Conferido contra catalogo canônico
evid-matriz-aula-prop-004-aula-mod-1-2,aula-mod-1-2,relacao_matriz,matriz_v03,"arq-1206","Relação formal: aula-mod-1-2 alocada para aula-prop-004 como conteudo_principal",verificado_programatico,2026-09-14,Conferido contra catalogo canônico
evid-matriz-aula-prop-004-aula-mod-1-8,aula-mod-1-8,relacao_matriz,matriz_v03,"arq-1287","Relação formal: aula-mod-1-8 alocada para aula-prop-004 como recurso_complementar",verificado_programatico,2026-09-14,Conferido contra catalogo canônico
evid-matriz-aula-prop-005-aula-mod-1-10,aula-mod-1-10,relacao_matriz,matriz_v03,"arq-1324","Relação formal: aula-mod-1-10 alocada para aula-prop-005 como conteudo_principal",verificado_programatico,2026-09-14,Conferido contra catalogo canônico
evid-matriz-aula-prop-005-aula-mod-1-11,aula-mod-1-11,relacao_matriz,matriz_v03,"arq-1331","Relação formal: aula-mod-1-11 alocada para aula-prop-005 como recurso_complementar",verificado_programatico,2026-09-14,Conferido contra catalogo canônico
evid-matriz-aula-prop-006-aula-mod-1-13,aula-mod-1-13,relacao_matriz,matriz_v03,"arq-1346","Relação formal: aula-mod-1-13 alocada para aula-prop-006 como conteudo_principal",verificado_programatico,2026-09-14,Conferido contra catalogo canônico
evid-matriz-aula-prop-006-aula-mod-1-14,aula-mod-1-14,relacao_matriz,matriz_v03,"arq-1350","Relação formal: aula-mod-1-14 alocada para aula-prop-006 como recurso_complementar",verificado_programatico,2026-09-14,Conferido contra catalogo canônico
evid-matriz-aula-prop-007-aula-mod-1-23,aula-mod-1-23,relacao_matriz,matriz_v03,"arq-1441","Relação formal: aula-mod-1-23 alocada para aula-prop-007 como conteudo_principal",verificado_programatico,2026-09-14,Conferido contra catalogo canônico
evid-matriz-aula-prop-007-aula-mod-1-24,aula-mod-1-24,relacao_matriz,matriz_v03,"arq-1449","Relação formal: aula-mod-1-24 alocada para aula-prop-007 como recurso_complementar",verificado_programatico,2026-09-14,Conferido contra catalogo canônico
evid-matriz-aula-prop-008-aula-mod-1-17,aula-mod-1-17,relacao_matriz,matriz_v03,"arq-1380","Relação formal: aula-mod-1-17 alocada para aula-prop-008 como conteudo_principal",verificado_programatico,2026-09-14,Conferido contra catalogo canônico
evid-matriz-aula-prop-009-aula-mod-1-19,aula-mod-1-19,relacao_matriz,matriz_v03,"arq-1400","Relação formal: aula-mod-1-19 alocada para aula-prop-009 como conteudo_principal",verificado_programatico,2026-09-14,Conferido contra catalogo canônico
evid-matriz-aula-prop-009-aula-mod-1-20,aula-mod-1-20,relacao_matriz,matriz_v03,"arq-1407","Relação formal: aula-mod-1-20 alocada para aula-prop-009 como recurso_complementar",verificado_programatico,2026-09-14,Conferido contra catalogo canônico
evid-matriz-aula-prop-010-aula-mod-1-21,aula-mod-1-21,relacao_matriz,matriz_v03,"arq-1419","Relação formal: aula-mod-1-21 alocada para aula-prop-010 como conteudo_principal",verificado_programatico,2026-09-14,Conferido contra catalogo canônico
evid-matriz-aula-prop-011-aula-mod-1-6,aula-mod-1-6,relacao_matriz,matriz_v03,"arq-1262","Relação formal: aula-mod-1-6 alocada para aula-prop-011 como conteudo_principal",verificado_programatico,2026-09-14,Conferido contra catalogo canônico
evid-matriz-aula-prop-012-aula-mod-1-15,aula-mod-1-15,relacao_matriz,matriz_v03,"arq-1359","Relação formal: aula-mod-1-15 alocada para aula-prop-012 como conteudo_principal",verificado_programatico,2026-09-14,Conferido contra catalogo canônico
evid-matriz-aula-prop-012-aula-mod-1-16,aula-mod-1-16,relacao_matriz,matriz_v03,"arq-1374","Relação formal: aula-mod-1-16 alocada para aula-prop-012 como recurso_complementar",verificado_programatico,2026-09-14,Conferido contra catalogo canônico
evid-matriz-aula-prop-013-aula-mod-1-15,aula-mod-1-15,relacao_matriz,matriz_v03,"arq-1359","Relação formal: aula-mod-1-15 alocada para aula-prop-013 como conteudo_principal",verificado_programatico,2026-09-14,Conferido contra catalogo canônico
evid-matriz-aula-prop-014-aula-mod-6-5,aula-mod-6-5,relacao_matriz,matriz_v03,"sem_arquivo","Relação formal: aula-mod-6-5 alocada para aula-prop-014 como conteudo_principal",verificado_programatico,2026-09-14,Conferido contra catalogo canônico
evid-matriz-aula-prop-015-aula-kaiser-164-7-cai-cai-balao,aula-kaiser-164-7-cai-cai-balao,relacao_matriz,matriz_v03,"arq-0548","Relação formal: aula-kaiser-164-7-cai-cai-balao alocada para aula-prop-015 como conteudo_principal",verificado_programatico,2026-09-14,Conferido contra catalogo canônico
evid-matriz-aula-prop-016-aula-mod-2-26,aula-mod-2-26,relacao_matriz,matriz_v03,"arq-1652","Relação formal: aula-mod-2-26 alocada para aula-prop-016 como conteudo_principal",verificado_programatico,2026-09-14,Conferido contra catalogo canônico
evid-matriz-aula-prop-017-aula-kaiser-124-3-partituras-faceis-para-iniciantes,aula-kaiser-124-3-partituras-faceis-para-iniciantes,relacao_matriz,matriz_v03,"arq-0415","Relação formal: aula-kaiser-124-3-partituras-faceis-para-iniciantes alocada para aula-prop-017 como conteudo_principal",verificado_programatico,2026-09-14,Conferido contra catalogo canônico
evid-matriz-aula-prop-018-aula-mod-3-23,aula-mod-3-23,relacao_matriz,matriz_v03,"arq-1762","Relação formal: aula-mod-3-23 alocada para aula-prop-018 como conteudo_principal",verificado_programatico,2026-09-14,Conferido contra catalogo canônico
evid-matriz-aula-prop-018-aula-mod-5-1,aula-mod-5-1,relacao_matriz,matriz_v03,"sem_arquivo","Relação formal: aula-mod-5-1 alocada para aula-prop-018 como recurso_complementar",verificado_programatico,2026-09-14,Conferido contra catalogo canônico
evid-matriz-aula-prop-019-aula-mod-3-24,aula-mod-3-24,relacao_matriz,matriz_v03,"arq-1767","Relação formal: aula-mod-3-24 alocada para aula-prop-019 como conteudo_principal",verificado_programatico,2026-09-14,Conferido contra catalogo canônico
evid-matriz-aula-prop-020-aula-mod-5-30,aula-mod-5-30,relacao_matriz,matriz_v03,"sem_arquivo","Relação formal: aula-mod-5-30 alocada para aula-prop-020 como conteudo_principal",verificado_programatico,2026-09-14,Conferido contra catalogo canônico
evid-matriz-aula-prop-020-aula-kaiser-1-1-batida-de-samba-e-bossa-nova,aula-kaiser-1-1-batida-de-samba-e-bossa-nova,relacao_matriz,matriz_v03,"arq-0006","Relação formal: aula-kaiser-1-1-batida-de-samba-e-bossa-nova alocada para aula-prop-020 como recurso_complementar",verificado_programatico,2026-09-14,Conferido contra catalogo canônico
evid-matriz-aula-prop-021-aula-mod-6-1,aula-mod-6-1,relacao_matriz,matriz_v03,"sem_arquivo","Relação formal: aula-mod-6-1 alocada para aula-prop-021 como conteudo_principal",verificado_programatico,2026-09-14,Conferido contra catalogo canônico
evid-matriz-aula-prop-021-aula-kaiser-36-4-aula-da-levada-1-exercicio-2-batida-co,aula-kaiser-36-4-aula-da-levada-1-exercicio-2-batida-co,relacao_matriz,matriz_v03,"arq-0131","Relação formal: aula-kaiser-36-4-aula-da-levada-1-exercicio-2-batida-co alocada para aula-prop-021 como recurso_complementar",verificado_programatico,2026-09-14,Conferido contra catalogo canônico
evid-matriz-aula-prop-022-aula-mod-6-6,aula-mod-6-6,relacao_matriz,matriz_v03,"sem_arquivo","Relação formal: aula-mod-6-6 alocada para aula-prop-022 como conteudo_principal",verificado_programatico,2026-09-14,Conferido contra catalogo canônico
evid-matriz-aula-prop-022-aula-kaiser-12-2-batida-de-choro,aula-kaiser-12-2-batida-de-choro,relacao_matriz,matriz_v03,"arq-0047","Relação formal: aula-kaiser-12-2-batida-de-choro alocada para aula-prop-022 como recurso_complementar",verificado_programatico,2026-09-14,Conferido contra catalogo canônico
evid-matriz-aula-prop-023-aula-kaiser-17-4-batida-de-baiao,aula-kaiser-17-4-batida-de-baiao,relacao_matriz,matriz_v03,"arq-0067","Relação formal: aula-kaiser-17-4-batida-de-baiao alocada para aula-prop-023 como conteudo_principal",verificado_programatico,2026-09-14,Conferido contra catalogo canônico
evid-matriz-aula-prop-024-aula-kaiser-36-4-aula-da-levada-1-exercicio-2-batida-co,aula-kaiser-36-4-aula-da-levada-1-exercicio-2-batida-co,relacao_matriz,matriz_v03,"arq-0131","Relação formal: aula-kaiser-36-4-aula-da-levada-1-exercicio-2-batida-co alocada para aula-prop-024 como conteudo_principal",verificado_programatico,2026-09-14,Conferido contra catalogo canônico
evid-matriz-aula-prop-025-aula-kaiser-172-14-berimbau-baden-powell-afro-samba,aula-kaiser-172-14-berimbau-baden-powell-afro-samba,relacao_matriz,matriz_v03,"arq-0589","Relação formal: aula-kaiser-172-14-berimbau-baden-powell-afro-samba alocada para aula-prop-025 como conteudo_principal",verificado_programatico,2026-09-14,Conferido contra catalogo canônico
evid-matriz-aula-prop-026-aula-mod-7-1,aula-mod-7-1,relacao_matriz,matriz_v03,"sem_arquivo","Relação formal: aula-mod-7-1 alocada para aula-prop-026 como conteudo_principal",verificado_programatico,2026-09-14,Conferido contra catalogo canônico
evid-matriz-aula-prop-026-aula-kaiser-49-1-juntanto-todas-as-levadas-deixa,aula-kaiser-49-1-juntanto-todas-as-levadas-deixa,relacao_matriz,matriz_v03,"arq-0162","Relação formal: aula-kaiser-49-1-juntanto-todas-as-levadas-deixa alocada para aula-prop-026 como recurso_complementar",verificado_programatico,2026-09-14,Conferido contra catalogo canônico
nao_inspecionado,aula-mod-4-37,relacao_matriz,matriz_v03,"sem_arquivo","Relação formal: aula-mod-4-37 alocada para aula-prop-027 como conteudo_principal",verificado_programatico,2026-09-14,Conferido contra catalogo canônico
evid-matriz-aula-prop-028-aula-mod-3-9,aula-mod-3-9,relacao_matriz,matriz_v03,"arq-1715","Relação formal: aula-mod-3-9 alocada para aula-prop-028 como conteudo_principal",verificado_programatico,2026-09-14,Conferido contra catalogo canônico
evid-matriz-aula-prop-028-aula-kaiser-305-4-o-metodo-esquecido-de-harmonia-popular,aula-kaiser-305-4-o-metodo-esquecido-de-harmonia-popular,relacao_matriz,matriz_v03,"arq-1112","Relação formal: aula-kaiser-305-4-o-metodo-esquecido-de-harmonia-popular alocada para aula-prop-028 como recurso_complementar",verificado_programatico,2026-09-14,Conferido contra catalogo canônico
evid-matriz-aula-prop-029-aula-kaiser-137-10-pequena-valsa-ferdinando-carulli-viol,aula-kaiser-137-10-pequena-valsa-ferdinando-carulli-viol,relacao_matriz,matriz_v03,"arq-0462","Relação formal: aula-kaiser-137-10-pequena-valsa-ferdinando-carulli-viol alocada para aula-prop-029 como conteudo_principal",verificado_programatico,2026-09-14,Conferido contra catalogo canônico
evid-matriz-aula-prop-030-aula-kaiser-18-5-thumb-slap-batida-fingerstyle,aula-kaiser-18-5-thumb-slap-batida-fingerstyle,relacao_matriz,matriz_v03,"arq-0073","Relação formal: aula-kaiser-18-5-thumb-slap-batida-fingerstyle alocada para aula-prop-030 como conteudo_principal",verificado_programatico,2026-09-14,Conferido contra catalogo canônico
evid-matriz-aula-prop-031-aula-kaiser-156-28-saudades-de-marcia-baden-powell,aula-kaiser-156-28-saudades-de-marcia-baden-powell,relacao_matriz,matriz_v03,"arq-0523","Relação formal: aula-kaiser-156-28-saudades-de-marcia-baden-powell alocada para aula-prop-031 como conteudo_principal",verificado_programatico,2026-09-14,Conferido contra catalogo canônico
legenda_indexada,aula-mod-8-1,relacao_matriz,matriz_v03,"arq-1980","Relação formal: aula-mod-8-1 alocada para aula-prop-032 como conteudo_principal",verificado_programatico,2026-09-14,Conferido contra catalogo canônico
evid-matriz-aula-prop-033-aula-kaiser-128-1-formatos-do-blues,aula-kaiser-128-1-formatos-do-blues,relacao_matriz,matriz_v03,"arq-0434","Relação formal: aula-kaiser-128-1-formatos-do-blues alocada para aula-prop-033 como conteudo_principal",verificado_programatico,2026-09-14,Conferido contra catalogo canônico
evid-matriz-aula-prop-033-aula-mod-8-15,aula-mod-8-15,relacao_matriz,matriz_v03,"arq-2000","Relação formal: aula-mod-8-15 alocada para aula-prop-033 como recurso_complementar",verificado_programatico,2026-09-14,Conferido contra catalogo canônico
evid-matriz-aula-prop-027-aula-mod-4-37,aula-mod-4-37,relacao_matriz,matriz_v03,"sem_arquivo","Relação formal: aula-mod-4-37 alocada para aula-prop-027 como conteudo_principal",verificado_programatico,2026-09-14,Conferido contra catalogo canônico
evid-matriz-aula-prop-027-aula-mod-5-29,aula-mod-5-29,relacao_matriz,matriz_v03,"sem_arquivo","Relação formal: aula-mod-5-29 alocada para aula-prop-027 como recurso_complementar",verificado_programatico,2026-09-14,Conferido contra catalogo canônico
evid-matriz-aula-prop-032-aula-mod-8-1,aula-mod-8-1,relacao_matriz,matriz_v03,"arq-0001","Relação formal: aula-mod-8-1 alocada para aula-prop-032 como conteudo_principal",verificado_programatico,2026-09-14,Conferido contra catalogo canônico