entradaOrigemId,arquivoId,aulaPropostaId,habilidadeId,destinoEditorialId,tipoRelacao,decisaoProvisoria,justificativa,nivelInspecao,evidenciaId,pendenciaId
aula-mod-1-4,arq-1241,aula-prop-001,hab-tec-001,,conteudo_principal,manter_aula_individual,"Fundamento ergonômico indispensável antes do contato instrumental com carga motora.",legenda_indexada,evid-matriz-aula-prop-001-aula-mod-1-4,""
aula-mod-1-7,arq-1271,aula-prop-002,hab-lei-001,,conteudo_principal,manter_aula_individual,"Procedimento operacional essencial para qualquer estudo musical.",metadados_catalogo,evid-matriz-aula-prop-002-aula-mod-1-7,""
aula-mod-1-5,arq-1252,aula-prop-003,hab-tec-002,,conteudo_principal,manter_aula_individual,"Mecânica inicial de ataque nas cordas sem tensão nos dedos.",legenda_indexada,evid-matriz-aula-prop-003-aula-mod-1-5,""
aula-mod-1-2,arq-1206,aula-prop-004,hab-rit-001,,conteudo_principal,fundir,"Unificação de conceitos de ritmo elementar e contagem quaternária em uma única aula prática.",legenda_indexada,evid-matriz-aula-prop-004-aula-mod-1-2,""
aula-mod-1-8,arq-1287,aula-prop-004,hab-rit-001,,recurso_complementar,fundir,"Unificação de conceitos de ritmo elementar e contagem quaternária em uma única aula prática.",legenda_indexada,evid-matriz-aula-prop-004-aula-mod-1-8,""
aula-mod-1-10,arq-1324,aula-prop-005,hab-tec-003,,conteudo_principal,fundir,"Integração do formato de A e D com o trabalho mecânico de fluência de transição.",metadados_catalogo,evid-matriz-aula-prop-005-aula-mod-1-10,""
aula-mod-1-11,arq-1331,aula-prop-005,hab-tec-003,,recurso_complementar,fundir,"Integração do formato de A e D com o trabalho mecânico de fluência de transição.",metadados_catalogo,evid-matriz-aula-prop-005-aula-mod-1-11,""
aula-mod-1-13,arq-1346,aula-prop-006,hab-tec-003,,conteudo_principal,fundir,"Posicionamento correto das pontas dos dedos próximo aos trastes nos acordes E e Em.",metadados_catalogo,evid-matriz-aula-prop-006-aula-mod-1-13,""
aula-mod-1-14,arq-1350,aula-prop-006,hab-tec-003,,recurso_complementar,fundir,"Posicionamento correto das pontas dos dedos próximo aos trastes nos acordes E e Em.",metadados_catalogo,evid-matriz-aula-prop-006-aula-mod-1-14,""
aula-mod-1-23,arq-1441,aula-prop-007,hab-tec-003,,conteudo_principal,fundir,"Consolidação dos acordes abertos com abertura maior entre os dedos (C e G).",legenda_indexada,evid-matriz-aula-prop-007-aula-mod-1-23,""
aula-mod-1-24,arq-1449,aula-prop-007,hab-tec-003,,recurso_complementar,fundir,"Consolidação dos acordes abertos com abertura maior entre os dedos (C e G).",metadados_catalogo,evid-matriz-aula-prop-007-aula-mod-1-24,""
aula-mod-1-17,arq-1380,aula-prop-008,hab-rit-003,,conteudo_principal,manter_aula_individual,"Aula de calibração didática do domínio rítmico fundamental de acompanhamento.",legenda_indexada,evid-matriz-aula-prop-008-aula-mod-1-17,""
aula-mod-1-19,arq-1400,aula-prop-009,hab-aco-001,,conteudo_principal,fundir,"Aplicação direta da balada básica na progressão harmônica clássica.",legenda_indexada,evid-matriz-aula-prop-009-aula-mod-1-19,""
aula-mod-1-20,arq-1407,aula-prop-009,hab-aco-001,,recurso_complementar,fundir,"Aplicação direta da balada básica na progressão harmônica clássica.",legenda_indexada,evid-matriz-aula-prop-009-aula-mod-1-20,""
aula-mod-1-21,arq-1419,aula-prop-010,hab-rit-002,,conteudo_principal,manter_aula_individual,"Desenvolvimento da flexibilidade rítmica através de acentuações deliberadas.",legenda_indexada,evid-matriz-aula-prop-010-aula-mod-1-21,""
aula-mod-1-6,arq-1262,aula-prop-011,hab-ouv-001,,conteudo_principal,manter_aula_individual,"Fundamento da percepção auditiva: identificar direção do movimento melódico.",legenda_indexada,evid-matriz-aula-prop-011-aula-mod-1-6,""
aula-mod-1-15,arq-1359,aula-prop-012,hab-ouv-002,,conteudo_principal,fundir,"Aula de calibração auditiva com explicação conceitual e prática de ditado sensorial.",legenda_indexada,evid-matriz-aula-prop-012-aula-mod-1-15,""
aula-mod-1-16,arq-1374,aula-prop-012,hab-ouv-002,,recurso_complementar,fundir,"Aula de calibração auditiva com explicação conceitual e prática de ditado sensorial.",metadados_catalogo,evid-matriz-aula-prop-012-aula-mod-1-16,""
aula-mod-1-15,arq-1359,aula-prop-013,hab-ouv-003,,conteudo_principal,suplementar,"Separação expressa entre identificação auditiva e emissão vocal afinada.",legenda_indexada,evid-matriz-aula-prop-013-aula-mod-1-15,""
aula-mod-6-5,,aula-prop-014,hab-ouv-004,,conteudo_principal,manter_aula_individual,"Diferenciação auditiva da terça maior vs menor em contexto de acordes.",nao_inspecionado,evid-matriz-aula-prop-014-aula-mod-6-5,"sem_arquivos_locais; sem_link_remoto"
aula-kaiser-164-7-cai-cai-balao,arq-0548,aula-prop-015,hab-ouv-005,,conteudo_principal,manter_aula_individual,"Aplicação prática do ouvido relativo para encontrar notas no braço.",metadados_catalogo,evid-matriz-aula-prop-015-aula-kaiser-164-7-cai-cai-balao,""
aula-mod-2-26,arq-1652,aula-prop-016,hab-lei-002,,conteudo_principal,manter_aula_individual,"Notação prática espacial relacionando linha da pauta com corda do instrumento.",legenda_indexada,evid-matriz-aula-prop-016-aula-mod-2-26,""
aula-kaiser-124-3-partituras-faceis-para-iniciantes,arq-0415,aula-prop-017,hab-lei-003,,conteudo_principal,manter_aula_individual,"Aula de calibração de leitura notacional utilizando as 7 partituras PDF validadas.",metadados_catalogo,evid-matriz-aula-prop-017-aula-kaiser-124-3-partituras-faceis-para-iniciantes,""
aula-mod-3-23,arq-1762,aula-prop-018,hab-tec-005,,conteudo_principal,manter_aula_individual,"Técnica de alavanca para pestana sem apertar o polegar contra o braço.",legenda_indexada,evid-matriz-aula-prop-018-aula-mod-3-23,""
aula-mod-5-1,,aula-prop-018,hab-tec-005,,recurso_complementar,manter_aula_individual,"Técnica de alavanca para pestana sem apertar o polegar contra o braço.",nao_inspecionado,evid-matriz-aula-prop-018-aula-mod-5-1,"sem_arquivos_locais"
aula-mod-3-24,arq-1767,aula-prop-019,hab-har-001,,conteudo_principal,manter_aula_individual,"Introdução às tétrades e tensão harmônica essencial para MPB e Bossa.",legenda_indexada,evid-matriz-aula-prop-019-aula-mod-3-24,""
aula-mod-5-30,,aula-prop-020,hab-rit-005,,conteudo_principal,fundir,"Fusão da técnica mecânica de dedilhado com a síncopa brasileira característica.",nao_inspecionado,evid-matriz-aula-prop-020-aula-mod-5-30,"sem_arquivos_locais; sem_link_remoto"
aula-kaiser-1-1-batida-de-samba-e-bossa-nova,arq-0006,aula-prop-020,hab-rit-005,,recurso_complementar,fundir,"Fusão da técnica mecânica de dedilhado com a síncopa brasileira característica.",legenda_indexada,evid-matriz-aula-prop-020-aula-kaiser-1-1-batida-de-samba-e-bossa-nova,""
aula-mod-6-1,,aula-prop-021,hab-rit-005,,conteudo_principal,manter_aula_individual,"Aplicação da levada em repertório de Tom Jobim com condução de baixo.",nao_inspecionado,evid-matriz-aula-prop-021-aula-mod-6-1,"sem_arquivos_locais"
aula-kaiser-36-4-aula-da-levada-1-exercicio-2-batida-co,arq-0131,aula-prop-021,hab-rit-005,,recurso_complementar,manter_aula_individual,"Aplicação da levada em repertório de Tom Jobim com condução de baixo.",metadados_catalogo,evid-matriz-aula-prop-021-aula-kaiser-36-4-aula-da-levada-1-exercicio-2-batida-co,""
aula-mod-6-6,,aula-prop-022,hab-rit-006,,conteudo_principal,fundir,"Estudo do balanço do samba e acentuações percussivas no violão.",nao_inspecionado,evid-matriz-aula-prop-022-aula-mod-6-6,"sem_arquivos_locais; sem_link_remoto"
aula-kaiser-12-2-batida-de-choro,arq-0047,aula-prop-022,hab-rit-006,,recurso_complementar,fundir,"Estudo do balanço do samba e acentuações percussivas no violão.",legenda_indexada,evid-matriz-aula-prop-022-aula-kaiser-12-2-batida-de-choro,""
aula-kaiser-17-4-batida-de-baiao,arq-0067,aula-prop-023,hab-rit-006,,conteudo_principal,manter_aula_individual,"Ritmo brasileiro essencial com marcação de zabumba no polegar.",legenda_indexada,evid-matriz-aula-prop-023-aula-kaiser-17-4-batida-de-baiao,""
aula-kaiser-36-4-aula-da-levada-1-exercicio-2-batida-co,arq-0131,aula-prop-024,hab-rit-007,,conteudo_principal,manter_aula_individual,"Estudo dos padrões rítmicos percussivos e dinâmicos de Baden Powell.",metadados_catalogo,evid-matriz-aula-prop-024-aula-kaiser-36-4-aula-da-levada-1-exercicio-2-batida-co,""
aula-kaiser-172-14-berimbau-baden-powell-afro-samba,arq-0589,aula-prop-025,hab-rit-007,,conteudo_principal,manter_aula_individual,"Repertório mestre da escola violonística brasileira.",legenda_indexada,evid-matriz-aula-prop-025-aula-kaiser-172-14-berimbau-baden-powell-afro-samba,""
aula-mod-7-1,,aula-prop-026,hab-aco-002,,conteudo_principal,fundir,"Trabalho de independência de polegar e condução de baixarias melódicas.",nao_inspecionado,evid-matriz-aula-prop-026-aula-mod-7-1,"sem_arquivos_locais"
aula-kaiser-49-1-juntanto-todas-as-levadas-deixa,arq-0162,aula-prop-026,hab-aco-002,,recurso_complementar,fundir,"Trabalho de independência de polegar e condução de baixarias melódicas.",metadados_catalogo,evid-matriz-aula-prop-026-aula-kaiser-49-1-juntanto-todas-as-levadas-deixa,""
aula-mod-4-37,,aula-prop-027,hab-har-001,,conteudo_principal,fundir,"Mapeamento das famílias de acordes e funções de tônica, subdominante e dominante.",nao_inspecionado,evid-matriz-aula-prop-027-aula-mod-4-37,"sem_arquivos_locais; sem_link_remoto"
aula-mod-5-29,,aula-prop-027,hab-har-001,,recurso_complementar,fundir,"Mapeamento das famílias de acordes e funções de tônica, subdominante e dominante.",nao_inspecionado,evid-matriz-aula-prop-027-aula-mod-5-29,"sem_arquivos_locais; sem_link_remoto"
aula-mod-3-9,arq-1715,aula-prop-028,hab-har-002,,conteudo_principal,fundir,"Visualização panorâmica do braço conectando os 5 modelos fundamentais.",legenda_indexada,evid-matriz-aula-prop-028-aula-mod-3-9,""
aula-kaiser-305-4-o-metodo-esquecido-de-harmonia-popular,arq-1112,aula-prop-028,hab-har-002,,recurso_complementar,fundir,"Visualização panorâmica do braço conectando os 5 modelos fundamentais.",legenda_indexada,evid-matriz-aula-prop-028-aula-kaiser-305-4-o-metodo-esquecido-de-harmonia-popular,""
aula-kaiser-137-10-pequena-valsa-ferdinando-carulli-viol,arq-0462,aula-prop-029,hab-sol-001,,conteudo_principal,manter_aula_individual,"Aula de calibração de violão solo com melodia cantabile e baixo simultâneo.",metadados_catalogo,evid-matriz-aula-prop-029-aula-kaiser-137-10-pequena-valsa-ferdinando-carulli-viol,""
aula-kaiser-18-5-thumb-slap-batida-fingerstyle,arq-0073,aula-prop-030,hab-rit-004,,conteudo_principal,manter_aula_individual,"Aula de calibração de técnica percussiva de mão direita no contexto fingerstyle.",legenda_indexada,evid-matriz-aula-prop-030-aula-kaiser-18-5-thumb-slap-batida-fingerstyle,""
aula-kaiser-156-28-saudades-de-marcia-baden-powell,arq-0523,aula-prop-031,hab-sol-002,,conteudo_principal,manter_aula_individual,"Consolidação da independência a três camadas sonoras simultâneas.",metadados_catalogo,evid-matriz-aula-prop-031-aula-kaiser-156-28-saudades-de-marcia-baden-powell,""
aula-mod-8-1,arq-1980,aula-prop-032,hab-exp-001,,conteudo_principal,manter_aula_individual,"Refinamento interpretativo, controle de toque suave vs incisivo e rubato musical.",legenda_indexada,evid-matriz-aula-prop-032-aula-mod-8-1,""
aula-kaiser-128-1-formatos-do-blues,arq-0434,aula-prop-033,hab-exp-003,,conteudo_principal,fundir,"Criação autoral de solos e frases expressivas sobre estrutura de 12 compassos.",metadados_catalogo,evid-matriz-aula-prop-033-aula-kaiser-128-1-formatos-do-blues,""
aula-mod-8-15,arq-2000,aula-prop-033,hab-exp-003,,recurso_complementar,fundir,"Criação autoral de solos e frases expressivas sobre estrutura de 12 compassos.",legenda_indexada,evid-matriz-aula-prop-033-aula-mod-8-15,""
aula-mod-1-1,arq-1190,,,dest-expansao-curadoria,destino_editorial_expansao,alocar_em_lote_expansao,"Recurso preservado no acervo físico para detalhamento e curadoria na expansão curricular.",legenda_indexada,evid-fonte-aula-mod-1-1,""
aula-mod-1-3,arq-1230,,,dest-expansao-curadoria,destino_editorial_expansao,alocar_em_lote_expansao,"Recurso preservado no acervo físico para detalhamento e curadoria na expansão curricular.",legenda_indexada,evid-fonte-aula-mod-1-3,""
aula-mod-1-9,arq-1307,,,dest-expansao-curadoria,destino_editorial_expansao,alocar_em_lote_expansao,"Recurso preservado no acervo físico para detalhamento e curadoria na expansão curricular.",legenda_indexada,evid-fonte-aula-mod-1-9,""
aula-kaiser-64-1-como-estudar-no-kaiserplay,arq-0194,,,dest-expansao-curadoria,destino_editorial_expansao,alocar_em_lote_expansao,"Recurso preservado no acervo físico para detalhamento e curadoria na expansão curricular.",metadados_catalogo,evid-fonte-aula-kaiser-64-1-como-estudar-no-kaiserplay,"apenas_documentacao_sem_midia; sem_link_remoto"
aula-kaiser-65-2-como-cancelar-a-sua-assinatura-e-pedir,arq-0195,,,dest-descarte-admin,destino_editorial_suporte,avaliar_descarte_administrativo,"Comunicado ou material de suporte da plataforma sem conteúdo instrumental.",metadados_catalogo,evid-fonte-aula-kaiser-65-2-como-cancelar-a-sua-assinatura-e-pedir,"apenas_documentacao_sem_midia; item_administrativo; sem_link_remoto"
aula-kaiser-316-1-1-vamos-sair-do-zero,arq-1145,,,dest-expansao-curadoria,destino_editorial_expansao,alocar_em_lote_expansao,"Recurso preservado no acervo físico para detalhamento e curadoria na expansão curricular.",metadados_catalogo,evid-fonte-aula-kaiser-316-1-1-vamos-sair-do-zero,""
aula-kaiser-317-10-10-o-que-e-um-acorde-aprenda-a-primei,arq-1147,,,dest-expansao-curadoria,destino_editorial_expansao,alocar_em_lote_expansao,"Recurso preservado no acervo físico para detalhamento e curadoria na expansão curricular.",metadados_catalogo,evid-fonte-aula-kaiser-317-10-10-o-que-e-um-acorde-aprenda-a-primei,""
aula-kaiser-318-11-11-como-ler-cifras-e-diagramas-aprend,arq-1152,,,dest-expansao-curadoria,destino_editorial_expansao,alocar_em_lote_expansao,"Recurso preservado no acervo físico para detalhamento e curadoria na expansão curricular.",metadados_catalogo,evid-fonte-aula-kaiser-318-11-11-como-ler-cifras-e-diagramas-aprend,""
aula-kaiser-319-12-12-dicas-para-fazer-acorde-de-pestana,arq-1154,,,dest-expansao-curadoria,destino_editorial_expansao,alocar_em_lote_expansao,"Recurso preservado no acervo físico para detalhamento e curadoria na expansão curricular.",metadados_catalogo,evid-fonte-aula-kaiser-319-12-12-dicas-para-fazer-acorde-de-pestana,""
aula-kaiser-320-13-13-como-fazer-batidas-com-a-mao-direi,arq-1156,,,dest-expansao-curadoria,destino_editorial_expansao,alocar_em_lote_expansao,"Recurso preservado no acervo físico para detalhamento e curadoria na expansão curricular.",metadados_catalogo,evid-fonte-aula-kaiser-320-13-13-como-fazer-batidas-com-a-mao-direi,""
aula-kaiser-321-14-14-como-combinar-batidas-com-acordes,arq-1158,,,dest-expansao-curadoria,destino_editorial_expansao,alocar_em_lote_expansao,"Recurso preservado no acervo físico para detalhamento e curadoria na expansão curricular.",metadados_catalogo,evid-fonte-aula-kaiser-321-14-14-como-combinar-batidas-com-acordes,""
aula-kaiser-322-15-15-como-fazer-dedilhados,arq-1162,,,dest-expansao-curadoria,destino_editorial_expansao,alocar_em_lote_expansao,"Recurso preservado no acervo físico para detalhamento e curadoria na expansão curricular.",legenda_indexada,evid-fonte-aula-kaiser-322-15-15-como-fazer-dedilhados,""
aula-kaiser-323-16-16-qual-caminho-seguir-agora,arq-1164,,,dest-expansao-curadoria,destino_editorial_expansao,alocar_em_lote_expansao,"Recurso preservado no acervo físico para detalhamento e curadoria na expansão curricular.",metadados_catalogo,evid-fonte-aula-kaiser-323-16-16-qual-caminho-seguir-agora,""
aula-kaiser-324-2-2-o-violao-conhecendo-o-instrumento,arq-1166,,,dest-expansao-curadoria,destino_editorial_expansao,alocar_em_lote_expansao,"Recurso preservado no acervo físico para detalhamento e curadoria na expansão curricular.",metadados_catalogo,evid-fonte-aula-kaiser-324-2-2-o-violao-conhecendo-o-instrumento,""
aula-kaiser-325-3-3-postura-como-segurar-o-violao-adequa,arq-1169,,,dest-expansao-curadoria,destino_editorial_expansao,alocar_em_lote_expansao,"Recurso preservado no acervo físico para detalhamento e curadoria na expansão curricular.",legenda_indexada,evid-fonte-aula-kaiser-325-3-3-postura-como-segurar-o-violao-adequa,""
aula-kaiser-326-4-4-exercicios-fundamentais,arq-1171,,,dest-expansao-curadoria,destino_editorial_expansao,alocar_em_lote_expansao,"Recurso preservado no acervo físico para detalhamento e curadoria na expansão curricular.",metadados_catalogo,evid-fonte-aula-kaiser-326-4-4-exercicios-fundamentais,""
aula-kaiser-327-5-5-teoria-musical-basica,arq-1173,,,dest-expansao-curadoria,destino_editorial_expansao,alocar_em_lote_expansao,"Recurso preservado no acervo físico para detalhamento e curadoria na expansão curricular.",metadados_catalogo,evid-fonte-aula-kaiser-327-5-5-teoria-musical-basica,""
aula-kaiser-328-6-6-como-ler-tablatura,arq-1175,,,dest-expansao-curadoria,destino_editorial_expansao,alocar_em_lote_expansao,"Recurso preservado no acervo físico para detalhamento e curadoria na expansão curricular.",metadados_catalogo,evid-fonte-aula-kaiser-328-6-6-como-ler-tablatura,""
aula-kaiser-329-7-7-aprenda-a-primeira-musica-brilha-bri,arq-1178,,,dest-expansao-curadoria,destino_editorial_expansao,alocar_em_lote_expansao,"Recurso preservado no acervo físico para detalhamento e curadoria na expansão curricular.",metadados_catalogo,evid-fonte-aula-kaiser-329-7-7-aprenda-a-primeira-musica-brilha-bri,""
aula-kaiser-330-8-8-escravos-de-jo,arq-1181,,,dest-expansao-curadoria,destino_editorial_expansao,alocar_em_lote_expansao,"Recurso preservado no acervo físico para detalhamento e curadoria na expansão curricular.",metadados_catalogo,evid-fonte-aula-kaiser-330-8-8-escravos-de-jo,""
aula-kaiser-331-9-9-parabens-pra-voce,arq-1184,,,dest-expansao-curadoria,destino_editorial_expansao,alocar_em_lote_expansao,"Recurso preservado no acervo físico para detalhamento e curadoria na expansão curricular.",metadados_catalogo,evid-fonte-aula-kaiser-331-9-9-parabens-pra-voce,""
aula-mod-1-12,arq-1341,,,dest-expansao-curadoria,destino_editorial_expansao,alocar_em_lote_expansao,"Recurso preservado no acervo físico para detalhamento e curadoria na expansão curricular.",metadados_catalogo,evid-fonte-aula-mod-1-12,""
aula-mod-1-18,arq-1393,,,dest-expansao-curadoria,destino_editorial_expansao,alocar_em_lote_expansao,"Recurso preservado no acervo físico para detalhamento e curadoria na expansão curricular.",legenda_indexada,evid-fonte-aula-mod-1-18,""
aula-mod-2-38,arq-1692,,,dest-quiz-plataforma,destino_editorial_quiz,manter_como_quiz_opcional,"Questionário interativo nativo da plataforma Hotmart sem arquivos multimídia locais.",metadados_catalogo,evid-fonte-aula-mod-2-38,"quiz_plataforma"
aula-mod-2-1,,,,dest-aguardando-backup,destino_editorial_aguardando,aguardar_auditoria_remota,"Entrada sem arquivos no backup local; requer verificação remota no Google Drive.",nao_inspecionado,evid-fonte-aula-mod-2-1,"sem_arquivos_locais"
aula-mod-2-2,arq-1565,,,dest-expansao-curadoria,destino_editorial_expansao,alocar_em_lote_expansao,"Recurso preservado no acervo físico para detalhamento e curadoria na expansão curricular.",legenda_indexada,evid-fonte-aula-mod-2-2,""
aula-mod-2-3,arq-1571,,,dest-expansao-curadoria,destino_editorial_expansao,alocar_em_lote_expansao,"Recurso preservado no acervo físico para detalhamento e curadoria na expansão curricular.",legenda_indexada,evid-fonte-aula-mod-2-3,""
aula-mod-2-4,arq-1579,,,dest-expansao-curadoria,destino_editorial_expansao,alocar_em_lote_expansao,"Recurso preservado no acervo físico para detalhamento e curadoria na expansão curricular.",legenda_indexada,evid-fonte-aula-mod-2-4,""
aula-mod-2-5,arq-1582,,,dest-expansao-curadoria,destino_editorial_expansao,alocar_em_lote_expansao,"Recurso preservado no acervo físico para detalhamento e curadoria na expansão curricular.",legenda_indexada,evid-fonte-aula-mod-2-5,""
aula-mod-2-6,arq-1585,,,dest-expansao-curadoria,destino_editorial_expansao,alocar_em_lote_expansao,"Recurso preservado no acervo físico para detalhamento e curadoria na expansão curricular.",legenda_indexada,evid-fonte-aula-mod-2-6,""
aula-mod-2-7,arq-1589,,,dest-expansao-curadoria,destino_editorial_expansao,alocar_em_lote_expansao,"Recurso preservado no acervo físico para detalhamento e curadoria na expansão curricular.",legenda_indexada,evid-fonte-aula-mod-2-7,""
aula-mod-2-8,arq-1594,,,dest-expansao-curadoria,destino_editorial_expansao,alocar_em_lote_expansao,"Recurso preservado no acervo físico para detalhamento e curadoria na expansão curricular.",legenda_indexada,evid-fonte-aula-mod-2-8,""
aula-mod-2-9,arq-1596,,,dest-expansao-curadoria,destino_editorial_expansao,alocar_em_lote_expansao,"Recurso preservado no acervo físico para detalhamento e curadoria na expansão curricular.",legenda_indexada,evid-fonte-aula-mod-2-9,""
aula-mod-2-10,arq-1600,,,dest-expansao-curadoria,destino_editorial_expansao,alocar_em_lote_expansao,"Recurso preservado no acervo físico para detalhamento e curadoria na expansão curricular.",legenda_indexada,evid-fonte-aula-mod-2-10,""
aula-mod-2-11,arq-1603,,,dest-expansao-curadoria,destino_editorial_expansao,alocar_em_lote_expansao,"Recurso preservado no acervo físico para detalhamento e curadoria na expansão curricular.",metadados_catalogo,evid-fonte-aula-mod-2-11,""
aula-mod-2-12,arq-1605,,,dest-expansao-curadoria,destino_editorial_expansao,alocar_em_lote_expansao,"Recurso preservado no acervo físico para detalhamento e curadoria na expansão curricular.",legenda_indexada,evid-fonte-aula-mod-2-12,""
aula-mod-3-4,arq-1698,,,dest-expansao-curadoria,destino_editorial_expansao,alocar_em_lote_expansao,"Recurso preservado no acervo físico para detalhamento e curadoria na expansão curricular.",legenda_indexada,evid-fonte-aula-mod-3-4,""
aula-kaiser-117-1-principios-fundamentais-pra-evoluir,arq-0377,,,dest-expansao-curadoria,destino_editorial_expansao,alocar_em_lote_expansao,"Recurso preservado no acervo físico para detalhamento e curadoria na expansão curricular.",legenda_indexada,evid-fonte-aula-kaiser-117-1-principios-fundamentais-pra-evoluir,""
aula-kaiser-118-2-exercicios-de-mao-esquerda,arq-0381,,,dest-expansao-curadoria,destino_editorial_expansao,alocar_em_lote_expansao,"Recurso preservado no acervo físico para detalhamento e curadoria na expansão curricular.",legenda_indexada,evid-fonte-aula-kaiser-118-2-exercicios-de-mao-esquerda,""
aula-kaiser-119-3-exercicios-de-mao-direita,arq-0386,,,dest-expansao-curadoria,destino_editorial_expansao,alocar_em_lote_expansao,"Recurso preservado no acervo físico para detalhamento e curadoria na expansão curricular.",legenda_indexada,evid-fonte-aula-kaiser-119-3-exercicios-de-mao-direita,""
aula-kaiser-120-4-exercicios-de-ligados,arq-0389,,,dest-expansao-curadoria,destino_editorial_expansao,alocar_em_lote_expansao,"Recurso preservado no acervo físico para detalhamento e curadoria na expansão curricular.",legenda_indexada,evid-fonte-aula-kaiser-120-4-exercicios-de-ligados,""
aula-kaiser-121-5-como-estudar-melhor-o-video-definitivo,arq-0393,,,dest-expansao-curadoria,destino_editorial_expansao,alocar_em_lote_expansao,"Recurso preservado no acervo físico para detalhamento e curadoria na expansão curricular.",legenda_indexada,evid-fonte-aula-kaiser-121-5-como-estudar-melhor-o-video-definitivo,""
aula-mod-1-43,arq-1550,,,dest-expansao-curadoria,destino_editorial_expansao,alocar_em_lote_expansao,"Recurso preservado no acervo físico para detalhamento e curadoria na expansão curricular.",legenda_indexada,evid-fonte-aula-mod-1-43,""
aula-mod-2-18,arq-1627,,,dest-expansao-curadoria,destino_editorial_expansao,alocar_em_lote_expansao,"Recurso preservado no acervo físico para detalhamento e curadoria na expansão curricular.",legenda_indexada,evid-fonte-aula-mod-2-18,""
aula-mod-2-32,arq-1673,,,dest-expansao-curadoria,destino_editorial_expansao,alocar_em_lote_expansao,"Recurso preservado no acervo físico para detalhamento e curadoria na expansão curricular.",legenda_indexada,evid-fonte-aula-mod-2-32,""
aula-mod-2-33,arq-1675,,,dest-expansao-curadoria,destino_editorial_expansao,alocar_em_lote_expansao,"Recurso preservado no acervo físico para detalhamento e curadoria na expansão curricular.",legenda_indexada,evid-fonte-aula-mod-2-33,""
aula-mod-2-34,arq-1680,,,dest-expansao-curadoria,destino_editorial_expansao,alocar_em_lote_expansao,"Recurso preservado no acervo físico para detalhamento e curadoria na expansão curricular.",legenda_indexada,evid-fonte-aula-mod-2-34,""
aula-mod-2-36,arq-1687,,,dest-expansao-curadoria,destino_editorial_expansao,alocar_em_lote_expansao,"Recurso preservado no acervo físico para detalhamento e curadoria na expansão curricular.",legenda_indexada,evid-fonte-aula-mod-2-36,""
aula-mod-4-14,,,,dest-aguardando-backup,destino_editorial_aguardando,aguardar_auditoria_remota,"Entrada sem arquivos no backup local; requer verificação remota no Google Drive.",nao_inspecionado,evid-fonte-aula-mod-4-14,"sem_arquivos_locais; sem_link_remoto"
aula-mod-4-23,arq-1857,,,dest-expansao-curadoria,destino_editorial_expansao,alocar_em_lote_expansao,"Recurso preservado no acervo físico para detalhamento e curadoria na expansão curricular.",legenda_indexada,evid-fonte-aula-mod-4-23,""
aula-mod-4-35,,,,dest-aguardando-backup,destino_editorial_aguardando,aguardar_auditoria_remota,"Entrada sem arquivos no backup local; requer verificação remota no Google Drive.",nao_inspecionado,evid-fonte-aula-mod-4-35,"sem_arquivos_locais; sem_link_remoto"
aula-mod-4-36,,,,dest-aguardando-backup,destino_editorial_aguardando,aguardar_auditoria_remota,"Entrada sem arquivos no backup local; requer verificação remota no Google Drive.",nao_inspecionado,evid-fonte-aula-mod-4-36,"sem_arquivos_locais; sem_link_remoto"
aula-mod-5-14,arq-1874,,,dest-expansao-curadoria,destino_editorial_expansao,alocar_em_lote_expansao,"Recurso preservado no acervo físico para detalhamento e curadoria na expansão curricular.",metadados_catalogo,evid-fonte-aula-mod-5-14,""
aula-mod-5-20,arq-1887,,,dest-expansao-curadoria,destino_editorial_expansao,alocar_em_lote_expansao,"Recurso preservado no acervo físico para detalhamento e curadoria na expansão curricular.",legenda_indexada,evid-fonte-aula-mod-5-20,""
aula-mod-5-21,,,,dest-aguardando-backup,destino_editorial_aguardando,aguardar_auditoria_remota,"Entrada sem arquivos no backup local; requer verificação remota no Google Drive.",nao_inspecionado,evid-fonte-aula-mod-5-21,"sem_arquivos_locais; sem_link_remoto"
aula-mod-5-25,arq-1892,,,dest-expansao-curadoria,destino_editorial_expansao,alocar_em_lote_expansao,"Recurso preservado no acervo físico para detalhamento e curadoria na expansão curricular.",legenda_indexada,evid-fonte-aula-mod-5-25,""
aula-mod-6-14,,,,dest-aguardando-backup,destino_editorial_aguardando,aguardar_auditoria_remota,"Entrada sem arquivos no backup local; requer verificação remota no Google Drive.",nao_inspecionado,evid-fonte-aula-mod-6-14,"sem_arquivos_locais; sem_link_remoto"
aula-mod-6-19,,,,dest-aguardando-backup,destino_editorial_aguardando,aguardar_auditoria_remota,"Entrada sem arquivos no backup local; requer verificação remota no Google Drive.",nao_inspecionado,evid-fonte-aula-mod-6-19,"sem_arquivos_locais; sem_link_remoto"
aula-mod-6-24,,,,dest-aguardando-backup,destino_editorial_aguardando,aguardar_auditoria_remota,"Entrada sem arquivos no backup local; requer verificação remota no Google Drive.",nao_inspecionado,evid-fonte-aula-mod-6-24,"sem_arquivos_locais; sem_link_remoto"
aula-mod-7-7,arq-1921,,,dest-expansao-curadoria,destino_editorial_expansao,alocar_em_lote_expansao,"Recurso preservado no acervo físico para detalhamento e curadoria na expansão curricular.",legenda_indexada,evid-fonte-aula-mod-7-7,""
aula-mod-7-9,arq-1926,,,dest-expansao-curadoria,destino_editorial_expansao,alocar_em_lote_expansao,"Recurso preservado no acervo físico para detalhamento e curadoria na expansão curricular.",legenda_indexada,evid-fonte-aula-mod-7-9,""
aula-mod-7-12,,,,dest-aguardando-backup,destino_editorial_aguardando,aguardar_auditoria_remota,"Entrada sem arquivos no backup local; requer verificação remota no Google Drive.",nao_inspecionado,evid-fonte-aula-mod-7-12,"sem_arquivos_locais; sem_link_remoto"
aula-mod-7-17,,,,dest-aguardando-backup,destino_editorial_aguardando,aguardar_auditoria_remota,"Entrada sem arquivos no backup local; requer verificação remota no Google Drive.",nao_inspecionado,evid-fonte-aula-mod-7-17,"sem_arquivos_locais; sem_link_remoto"
aula-mod-8-13,arq-1996,,,dest-expansao-curadoria,destino_editorial_expansao,alocar_em_lote_expansao,"Recurso preservado no acervo físico para detalhamento e curadoria na expansão curricular.",legenda_indexada,evid-fonte-aula-mod-8-13,""
aula-mod-8-16,arq-2002,,,dest-expansao-curadoria,destino_editorial_expansao,alocar_em_lote_expansao,"Recurso preservado no acervo físico para detalhamento e curadoria na expansão curricular.",legenda_indexada,evid-fonte-aula-mod-8-16,""
aula-mod-8-18,arq-2007,,,dest-expansao-curadoria,destino_editorial_expansao,alocar_em_lote_expansao,"Recurso preservado no acervo físico para detalhamento e curadoria na expansão curricular.",legenda_indexada,evid-fonte-aula-mod-8-18,""
aula-mod-9-14,,,,dest-aguardando-backup,destino_editorial_aguardando,aguardar_auditoria_remota,"Entrada sem arquivos no backup local; requer verificação remota no Google Drive.",nao_inspecionado,evid-fonte-aula-mod-9-14,"sem_arquivos_locais; sem_link_remoto"
aula-mod-9-16,arq-2060,,,dest-expansao-curadoria,destino_editorial_expansao,alocar_em_lote_expansao,"Recurso preservado no acervo físico para detalhamento e curadoria na expansão curricular.",legenda_indexada,evid-fonte-aula-mod-9-16,""
aula-mod-9-17,arq-2062,,,dest-expansao-curadoria,destino_editorial_expansao,alocar_em_lote_expansao,"Recurso preservado no acervo físico para detalhamento e curadoria na expansão curricular.",legenda_indexada,evid-fonte-aula-mod-9-17,""
aula-mod-9-18,,,,dest-aguardando-backup,destino_editorial_aguardando,aguardar_auditoria_remota,"Entrada sem arquivos no backup local; requer verificação remota no Google Drive.",nao_inspecionado,evid-fonte-aula-mod-9-18,"sem_arquivos_locais; sem_link_remoto"
aula-kaiser-66-1-introducao-tirar-musicas-de-ouvido,arq-0197,,,dest-expansao-curadoria,destino_editorial_expansao,alocar_em_lote_expansao,"Recurso preservado no acervo físico para detalhamento e curadoria na expansão curricular.",metadados_catalogo,evid-fonte-aula-kaiser-66-1-introducao-tirar-musicas-de-ouvido,""
aula-kaiser-67-2-exercicios-de-percepcao-de-uma-nota,arq-0199,,,dest-expansao-curadoria,destino_editorial_expansao,alocar_em_lote_expansao,"Recurso preservado no acervo físico para detalhamento e curadoria na expansão curricular.",metadados_catalogo,evid-fonte-aula-kaiser-67-2-exercicios-de-percepcao-de-uma-nota,""
aula-kaiser-68-3-exercicios-de-percepcao-de-duas-notas,arq-0201,,,dest-expansao-curadoria,destino_editorial_expansao,alocar_em_lote_expansao,"Recurso preservado no acervo físico para detalhamento e curadoria na expansão curricular.",metadados_catalogo,evid-fonte-aula-kaiser-68-3-exercicios-de-percepcao-de-duas-notas,""
aula-kaiser-69-4-exercicios-de-percepcao-de-acordes,arq-0203,,,dest-expansao-curadoria,destino_editorial_expansao,alocar_em_lote_expansao,"Recurso preservado no acervo físico para detalhamento e curadoria na expansão curricular.",metadados_catalogo,evid-fonte-aula-kaiser-69-4-exercicios-de-percepcao-de-acordes,""
aula-kaiser-70-5-exemplo-aprendendo-de-ouvido-uma-canca,arq-0207,,,dest-expansao-curadoria,destino_editorial_expansao,alocar_em_lote_expansao,"Recurso preservado no acervo físico para detalhamento e curadoria na expansão curricular.",legenda_indexada,evid-fonte-aula-kaiser-70-5-exemplo-aprendendo-de-ouvido-uma-canca,""
aula-kaiser-71-6-exemplo-2-aprendendo-de-ouvido-uma-pec,arq-0210,,,dest-expansao-curadoria,destino_editorial_expansao,alocar_em_lote_expansao,"Recurso preservado no acervo físico para detalhamento e curadoria na expansão curricular.",metadados_catalogo,evid-fonte-aula-kaiser-71-6-exemplo-2-aprendendo-de-ouvido-uma-pec,""
aula-kaiser-72-7-programas-que-podem-ajudar,arq-0212,,,dest-expansao-curadoria,destino_editorial_expansao,alocar_em_lote_expansao,"Recurso preservado no acervo físico para detalhamento e curadoria na expansão curricular.",metadados_catalogo,evid-fonte-aula-kaiser-72-7-programas-que-podem-ajudar,""
aula-mod-1-22,arq-1434,,,dest-expansao-curadoria,destino_editorial_expansao,alocar_em_lote_expansao,"Recurso preservado no acervo físico para detalhamento e curadoria na expansão curricular.",legenda_indexada,evid-fonte-aula-mod-1-22,""
aula-mod-1-25,arq-1457,,,dest-expansao-curadoria,destino_editorial_expansao,alocar_em_lote_expansao,"Recurso preservado no acervo físico para detalhamento e curadoria na expansão curricular.",legenda_indexada,evid-fonte-aula-mod-1-25,""
aula-mod-1-26,arq-1465,,,dest-expansao-curadoria,destino_editorial_expansao,alocar_em_lote_expansao,"Recurso preservado no acervo físico para detalhamento e curadoria na expansão curricular.",legenda_indexada,evid-fonte-aula-mod-1-26,""
aula-mod-1-27,arq-1484,,,dest-expansao-curadoria,destino_editorial_expansao,alocar_em_lote_expansao,"Recurso preservado no acervo físico para detalhamento e curadoria na expansão curricular.",legenda_indexada,evid-fonte-aula-mod-1-27,""
aula-mod-1-28,arq-1496,,,dest-expansao-curadoria,destino_editorial_expansao,alocar_em_lote_expansao,"Recurso preservado no acervo físico para detalhamento e curadoria na expansão curricular.",legenda_indexada,evid-fonte-aula-mod-1-28,""
aula-mod-1-29,arq-1498,,,dest-expansao-curadoria,destino_editorial_expansao,alocar_em_lote_expansao,"Recurso preservado no acervo físico para detalhamento e curadoria na expansão curricular.",legenda_indexada,evid-fonte-aula-mod-1-29,""
aula-mod-1-30,arq-1502,,,dest-expansao-curadoria,destino_editorial_expansao,alocar_em_lote_expansao,"Recurso preservado no acervo físico para detalhamento e curadoria na expansão curricular.",legenda_indexada,evid-fonte-aula-mod-1-30,""
aula-mod-1-31,arq-1504,,,dest-expansao-curadoria,destino_editorial_expansao,alocar_em_lote_expansao,"Recurso preservado no acervo físico para detalhamento e curadoria na expansão curricular.",legenda_indexada,evid-fonte-aula-mod-1-31,""
aula-mod-2-13,arq-1607,,,dest-expansao-curadoria,destino_editorial_expansao,alocar_em_lote_expansao,"Recurso preservado no acervo físico para detalhamento e curadoria na expansão curricular.",legenda_indexada,evid-fonte-aula-mod-2-13,""
aula-mod-2-14,arq-1609,,,dest-expansao-curadoria,destino_editorial_expansao,alocar_em_lote_expansao,"Recurso preservado no acervo físico para detalhamento e curadoria na expansão curricular.",legenda_indexada,evid-fonte-aula-mod-2-14,""
aula-mod-2-15,arq-1616,,,dest-expansao-curadoria,destino_editorial_expansao,alocar_em_lote_expansao,"Recurso preservado no acervo físico para detalhamento e curadoria na expansão curricular.",legenda_indexada,evid-fonte-aula-mod-2-15,""
aula-mod-2-16,arq-1618,,,dest-expansao-curadoria,destino_editorial_expansao,alocar_em_lote_expansao,"Recurso preservado no acervo físico para detalhamento e curadoria na expansão curricular.",legenda_indexada,evid-fonte-aula-mod-2-16,""
aula-mod-2-17,arq-1623,,,dest-expansao-curadoria,destino_editorial_expansao,alocar_em_lote_expansao,"Recurso preservado no acervo físico para detalhamento e curadoria na expansão curricular.",legenda_indexada,evid-fonte-aula-mod-2-17,""
aula-mod-2-19,arq-1629,,,dest-expansao-curadoria,destino_editorial_expansao,alocar_em_lote_expansao,"Recurso preservado no acervo físico para detalhamento e curadoria na expansão curricular.",legenda_indexada,evid-fonte-aula-mod-2-19,""
aula-mod-2-20,arq-1633,,,dest-expansao-curadoria,destino_editorial_expansao,alocar_em_lote_expansao,"Recurso preservado no acervo físico para detalhamento e curadoria na expansão curricular.",legenda_indexada,evid-fonte-aula-mod-2-20,""
aula-mod-2-21,arq-1638,,,dest-expansao-curadoria,destino_editorial_expansao,alocar_em_lote_expansao,"Recurso preservado no acervo físico para detalhamento e curadoria na expansão curricular.",metadados_catalogo,evid-fonte-aula-mod-2-21,""
aula-mod-2-22,arq-1640,,,dest-expansao-curadoria,destino_editorial_expansao,alocar_em_lote_expansao,"Recurso preservado no acervo físico para detalhamento e curadoria na expansão curricular.",legenda_indexada,evid-fonte-aula-mod-2-22,""
aula-mod-2-23,arq-1643,,,dest-expansao-curadoria,destino_editorial_expansao,alocar_em_lote_expansao,"Recurso preservado no acervo físico para detalhamento e curadoria na expansão curricular.",legenda_indexada,evid-fonte-aula-mod-2-23,""
aula-mod-2-24,arq-1648,,,dest-expansao-curadoria,destino_editorial_expansao,alocar_em_lote_expansao,"Recurso preservado no acervo físico para detalhamento e curadoria na expansão curricular.",legenda_indexada,evid-fonte-aula-mod-2-24,""
aula-mod-2-25,arq-1650,,,dest-expansao-curadoria,destino_editorial_expansao,alocar_em_lote_expansao,"Recurso preservado no acervo físico para detalhamento e curadoria na expansão curricular.",legenda_indexada,evid-fonte-aula-mod-2-25,""
aula-mod-3-10,arq-1718,,,dest-expansao-curadoria,destino_editorial_expansao,alocar_em_lote_expansao,"Recurso preservado no acervo físico para detalhamento e curadoria na expansão curricular.",legenda_indexada,evid-fonte-aula-mod-3-10,""
aula-mod-3-11,arq-1724,,,dest-expansao-curadoria,destino_editorial_expansao,alocar_em_lote_expansao,"Recurso preservado no acervo físico para detalhamento e curadoria na expansão curricular.",metadados_catalogo,evid-fonte-aula-mod-3-11,""
aula-mod-3-12,arq-1727,,,dest-expansao-curadoria,destino_editorial_expansao,alocar_em_lote_expansao,"Recurso preservado no acervo físico para detalhamento e curadoria na expansão curricular.",metadados_catalogo,evid-fonte-aula-mod-3-12,""
aula-mod-3-13,arq-1730,,,dest-expansao-curadoria,destino_editorial_expansao,alocar_em_lote_expansao,"Recurso preservado no acervo físico para detalhamento e curadoria na expansão curricular.",legenda_indexada,evid-fonte-aula-mod-3-13,""
aula-mod-3-14,arq-1732,,,dest-expansao-curadoria,destino_editorial_expansao,alocar_em_lote_expansao,"Recurso preservado no acervo físico para detalhamento e curadoria na expansão curricular.",legenda_indexada,evid-fonte-aula-mod-3-14,""
aula-mod-3-15,arq-1734,,,dest-expansao-curadoria,destino_editorial_expansao,alocar_em_lote_expansao,"Recurso preservado no acervo físico para detalhamento e curadoria na expansão curricular.",legenda_indexada,evid-fonte-aula-mod-3-15,""
aula-mod-3-16,arq-1736,,,dest-expansao-curadoria,destino_editorial_expansao,alocar_em_lote_expansao,"Recurso preservado no acervo físico para detalhamento e curadoria na expansão curricular.",legenda_indexada,evid-fonte-aula-mod-3-16,""
aula-mod-3-17,arq-1737,,,dest-expansao-curadoria,destino_editorial_expansao,alocar_em_lote_expansao,"Recurso preservado no acervo físico para detalhamento e curadoria na expansão curricular.",metadados_catalogo,evid-fonte-aula-mod-3-17,""
aula-mod-3-18,arq-1739,,,dest-expansao-curadoria,destino_editorial_expansao,alocar_em_lote_expansao,"Recurso preservado no acervo físico para detalhamento e curadoria na expansão curricular.",legenda_indexada,evid-fonte-aula-mod-3-18,""
aula-mod-3-19,arq-1744,,,dest-expansao-curadoria,destino_editorial_expansao,alocar_em_lote_expansao,"Recurso preservado no acervo físico para detalhamento e curadoria na expansão curricular.",legenda_indexada,evid-fonte-aula-mod-3-19,""
aula-mod-3-20,arq-1750,,,dest-expansao-curadoria,destino_editorial_expansao,alocar_em_lote_expansao,"Recurso preservado no acervo físico para detalhamento e curadoria na expansão curricular.",metadados_catalogo,evid-fonte-aula-mod-3-20,""
aula-mod-3-21,arq-1752,,,dest-expansao-curadoria,destino_editorial_expansao,alocar_em_lote_expansao,"Recurso preservado no acervo físico para detalhamento e curadoria na expansão curricular.",legenda_indexada,evid-fonte-aula-mod-3-21,""
aula-mod-3-22,arq-1760,,,dest-expansao-curadoria,destino_editorial_expansao,alocar_em_lote_expansao,"Recurso preservado no acervo físico para detalhamento e curadoria na expansão curricular.",legenda_indexada,evid-fonte-aula-mod-3-22,""
aula-mod-4-13,,,,dest-quiz-plataforma,destino_editorial_quiz,manter_como_quiz_opcional,"Questionário interativo nativo da plataforma Hotmart sem arquivos multimídia locais.",nao_inspecionado,evid-fonte-aula-mod-4-13,"sem_arquivos_locais; quiz_plataforma; sem_link_remoto"
aula-mod-4-15,,,,dest-descarte-admin,destino_editorial_suporte,avaliar_descarte_administrativo,"Comunicado ou material de suporte da plataforma sem conteúdo instrumental.",nao_inspecionado,evid-fonte-aula-mod-4-15,"sem_arquivos_locais; item_administrativo; sem_link_remoto"
aula-mod-4-1,,,,dest-aguardando-backup,destino_editorial_aguardando,aguardar_auditoria_remota,"Entrada sem arquivos no backup local; requer verificação remota no Google Drive.",nao_inspecionado,evid-fonte-aula-mod-4-1,"sem_arquivos_locais"
aula-mod-4-16,,,,dest-aguardando-backup,destino_editorial_aguardando,aguardar_auditoria_remota,"Entrada sem arquivos no backup local; requer verificação remota no Google Drive.",nao_inspecionado,evid-fonte-aula-mod-4-16,"sem_arquivos_locais; sem_link_remoto"
aula-mod-4-17,,,,dest-aguardando-backup,destino_editorial_aguardando,aguardar_auditoria_remota,"Entrada sem arquivos no backup local; requer verificação remota no Google Drive.",nao_inspecionado,evid-fonte-aula-mod-4-17,"sem_arquivos_locais; sem_link_remoto"
aula-mod-4-18,,,,dest-aguardando-backup,destino_editorial_aguardando,aguardar_auditoria_remota,"Entrada sem arquivos no backup local; requer verificação remota no Google Drive.",nao_inspecionado,evid-fonte-aula-mod-4-18,"sem_arquivos_locais; sem_link_remoto"
aula-mod-4-19,,,,dest-aguardando-backup,destino_editorial_aguardando,aguardar_auditoria_remota,"Entrada sem arquivos no backup local; requer verificação remota no Google Drive.",nao_inspecionado,evid-fonte-aula-mod-4-19,"sem_arquivos_locais; sem_link_remoto"
aula-mod-4-2,,,,dest-aguardando-backup,destino_editorial_aguardando,aguardar_auditoria_remota,"Entrada sem arquivos no backup local; requer verificação remota no Google Drive.",nao_inspecionado,evid-fonte-aula-mod-4-2,"sem_arquivos_locais"
aula-mod-4-3,,,,dest-aguardando-backup,destino_editorial_aguardando,aguardar_auditoria_remota,"Entrada sem arquivos no backup local; requer verificação remota no Google Drive.",nao_inspecionado,evid-fonte-aula-mod-4-3,"sem_arquivos_locais"
aula-mod-4-20,arq-1848,,,dest-expansao-curadoria,destino_editorial_expansao,alocar_em_lote_expansao,"Recurso preservado no acervo físico para detalhamento e curadoria na expansão curricular.",legenda_indexada,evid-fonte-aula-mod-4-20,""
aula-mod-4-21,arq-1850,,,dest-expansao-curadoria,destino_editorial_expansao,alocar_em_lote_expansao,"Recurso preservado no acervo físico para detalhamento e curadoria na expansão curricular.",legenda_indexada,evid-fonte-aula-mod-4-21,""
aula-mod-4-22,arq-1854,,,dest-expansao-curadoria,destino_editorial_expansao,alocar_em_lote_expansao,"Recurso preservado no acervo físico para detalhamento e curadoria na expansão curricular.",legenda_indexada,evid-fonte-aula-mod-4-22,""
aula-mod-4-24,arq-1860,,,dest-expansao-curadoria,destino_editorial_expansao,alocar_em_lote_expansao,"Recurso preservado no acervo físico para detalhamento e curadoria na expansão curricular.",legenda_indexada,evid-fonte-aula-mod-4-24,""
aula-mod-4-25,arq-1862,,,dest-expansao-curadoria,destino_editorial_expansao,alocar_em_lote_expansao,"Recurso preservado no acervo físico para detalhamento e curadoria na expansão curricular.",legenda_indexada,evid-fonte-aula-mod-4-25,""
aula-kaiser-122-1-partitura-leitura-melodica,arq-0400,,,dest-expansao-curadoria,destino_editorial_expansao,alocar_em_lote_expansao,"Recurso preservado no acervo físico para detalhamento e curadoria na expansão curricular.",metadados_catalogo,evid-fonte-aula-kaiser-122-1-partitura-leitura-melodica,""
aula-kaiser-123-2-partitura-leitura-ritmica,arq-0407,,,dest-expansao-curadoria,destino_editorial_expansao,alocar_em_lote_expansao,"Recurso preservado no acervo físico para detalhamento e curadoria na expansão curricular.",metadados_catalogo,evid-fonte-aula-kaiser-123-2-partitura-leitura-ritmica,""
aula-kaiser-125-4-andante-h-pinto-partituras-de-nivel-me,arq-0418,,,dest-expansao-curadoria,destino_editorial_expansao,alocar_em_lote_expansao,"Recurso preservado no acervo físico para detalhamento e curadoria na expansão curricular.",metadados_catalogo,evid-fonte-aula-kaiser-125-4-andante-h-pinto-partituras-de-nivel-me,""
aula-kaiser-126-5-allegretto-h-pinto-partituras-de-nivel,arq-0421,,,dest-expansao-curadoria,destino_editorial_expansao,alocar_em_lote_expansao,"Recurso preservado no acervo físico para detalhamento e curadoria na expansão curricular.",metadados_catalogo,evid-fonte-aula-kaiser-126-5-allegretto-h-pinto-partituras-de-nivel,""
aula-kaiser-127-6-andante-religioso-partitura-de-nivel-m,arq-0424,,,dest-expansao-curadoria,destino_editorial_expansao,alocar_em_lote_expansao,"Recurso preservado no acervo físico para detalhamento e curadoria na expansão curricular.",metadados_catalogo,evid-fonte-aula-kaiser-127-6-andante-religioso-partitura-de-nivel-m,""
aula-kaiser-136-1-importante-saiba-como-assistir-as-aula,arq-0459,,,dest-expansao-curadoria,destino_editorial_expansao,alocar_em_lote_expansao,"Recurso preservado no acervo físico para detalhamento e curadoria na expansão curricular.",legenda_indexada,evid-fonte-aula-kaiser-136-1-importante-saiba-como-assistir-as-aula,""
aula-kaiser-138-11-baixo-cantante-pedro-cameron-violao-c,arq-0464,,,dest-expansao-curadoria,destino_editorial_expansao,alocar_em_lote_expansao,"Recurso preservado no acervo físico para detalhamento e curadoria na expansão curricular.",metadados_catalogo,evid-fonte-aula-kaiser-138-11-baixo-cantante-pedro-cameron-violao-c,""
aula-kaiser-139-12-andantino-antonio-cano-violao-classic,arq-0468,,,dest-expansao-curadoria,destino_editorial_expansao,alocar_em_lote_expansao,"Recurso preservado no acervo físico para detalhamento e curadoria na expansão curricular.",legenda_indexada,evid-fonte-aula-kaiser-139-12-andantino-antonio-cano-violao-classic,""
aula-kaiser-140-13-madrugada-marcos-kaiser-violao-classi,arq-0470,,,dest-expansao-curadoria,destino_editorial_expansao,alocar_em_lote_expansao,"Recurso preservado no acervo físico para detalhamento e curadoria na expansão curricular.",metadados_catalogo,evid-fonte-aula-kaiser-140-13-madrugada-marcos-kaiser-violao-classi,""
aula-kaiser-141-14-atirei-o-pau-no-gato,arq-0472,,,dest-expansao-curadoria,destino_editorial_expansao,alocar_em_lote_expansao,"Recurso preservado no acervo físico para detalhamento e curadoria na expansão curricular.",metadados_catalogo,evid-fonte-aula-kaiser-141-14-atirei-o-pau-no-gato,""
aula-kaiser-142-15-gloria-gloria-aleluia-versao-simplifi,arq-0474,,,dest-expansao-curadoria,destino_editorial_expansao,alocar_em_lote_expansao,"Recurso preservado no acervo físico para detalhamento e curadoria na expansão curricular.",metadados_catalogo,evid-fonte-aula-kaiser-142-15-gloria-gloria-aleluia-versao-simplifi,""
aula-kaiser-143-16-se-essa-rua-fosse-minha-mpb,arq-0477,,,dest-expansao-curadoria,destino_editorial_expansao,alocar_em_lote_expansao,"Recurso preservado no acervo físico para detalhamento e curadoria na expansão curricular.",legenda_indexada,evid-fonte-aula-kaiser-143-16-se-essa-rua-fosse-minha-mpb,""
aula-kaiser-144-17-estudo-de-pestanas-marcos-kaiser,arq-0480,,,dest-expansao-curadoria,destino_editorial_expansao,alocar_em_lote_expansao,"Recurso preservado no acervo físico para detalhamento e curadoria na expansão curricular.",legenda_indexada,evid-fonte-aula-kaiser-144-17-estudo-de-pestanas-marcos-kaiser,""
aula-kaiser-145-18-estudo-em-do-tarrega-violao-classico,arq-0482,,,dest-expansao-curadoria,destino_editorial_expansao,alocar_em_lote_expansao,"Recurso preservado no acervo físico para detalhamento e curadoria na expansão curricular.",metadados_catalogo,evid-fonte-aula-kaiser-145-18-estudo-em-do-tarrega-violao-classico,""
aula-kaiser-146-19-greensleeves-violao-classico,arq-0485,,,dest-expansao-curadoria,destino_editorial_expansao,alocar_em_lote_expansao,"Recurso preservado no acervo físico para detalhamento e curadoria na expansão curricular.",legenda_indexada,evid-fonte-aula-kaiser-146-19-greensleeves-violao-classico,""
aula-kaiser-147-2-o-melhor-exercicio-do-mundo,arq-0490,,,dest-expansao-curadoria,destino_editorial_expansao,alocar_em_lote_expansao,"Recurso preservado no acervo físico para detalhamento e curadoria na expansão curricular.",legenda_indexada,evid-fonte-aula-kaiser-147-2-o-melhor-exercicio-do-mundo,""
aula-kaiser-148-20-toureiro-marcos-kaiser-musica-espanho,arq-0492,,,dest-expansao-curadoria,destino_editorial_expansao,alocar_em_lote_expansao,"Recurso preservado no acervo físico para detalhamento e curadoria na expansão curricular.",metadados_catalogo,evid-fonte-aula-kaiser-148-20-toureiro-marcos-kaiser-musica-espanho,""
aula-kaiser-149-21-estudo-de-dedilhados-no-campo-harmoni,arq-0494,,,dest-expansao-curadoria,destino_editorial_expansao,alocar_em_lote_expansao,"Recurso preservado no acervo físico para detalhamento e curadoria na expansão curricular.",metadados_catalogo,evid-fonte-aula-kaiser-149-21-estudo-de-dedilhados-no-campo-harmoni,""
aula-kaiser-150-22-samba-lele-aprenda-seu-primeiro-samba,arq-0496,,,dest-expansao-curadoria,destino_editorial_expansao,alocar_em_lote_expansao,"Recurso preservado no acervo físico para detalhamento e curadoria na expansão curricular.",metadados_catalogo,evid-fonte-aula-kaiser-150-22-samba-lele-aprenda-seu-primeiro-samba,""
aula-kaiser-151-23-o-menos-e-mais-choro,arq-0501,,,dest-expansao-curadoria,destino_editorial_expansao,alocar_em_lote_expansao,"Recurso preservado no acervo físico para detalhamento e curadoria na expansão curricular.",legenda_indexada,evid-fonte-aula-kaiser-151-23-o-menos-e-mais-choro,""
aula-kaiser-152-24-romance-de-amor-violao-classico,arq-0508,,,dest-expansao-curadoria,destino_editorial_expansao,alocar_em_lote_expansao,"Recurso preservado no acervo físico para detalhamento e curadoria na expansão curricular.",legenda_indexada,evid-fonte-aula-kaiser-152-24-romance-de-amor-violao-classico,"contem_arquivos_part"
aula-kaiser-153-25-lagrima-tarrega-violao-classico,arq-0511,,,dest-expansao-curadoria,destino_editorial_expansao,alocar_em_lote_expansao,"Recurso preservado no acervo físico para detalhamento e curadoria na expansão curricular.",legenda_indexada,evid-fonte-aula-kaiser-153-25-lagrima-tarrega-violao-classico,""
aula-kaiser-154-26-tema-do-harry-potter-violao-classico,arq-0517,,,dest-expansao-curadoria,destino_editorial_expansao,alocar_em_lote_expansao,"Recurso preservado no acervo físico para detalhamento e curadoria na expansão curricular.",legenda_indexada,evid-fonte-aula-kaiser-154-26-tema-do-harry-potter-violao-classico,""
aula-kaiser-155-27-fur-elise-beethoven-violao-classico,arq-0520,,,dest-expansao-curadoria,destino_editorial_expansao,alocar_em_lote_expansao,"Recurso preservado no acervo físico para detalhamento e curadoria na expansão curricular.",legenda_indexada,evid-fonte-aula-kaiser-155-27-fur-elise-beethoven-violao-classico,""
aula-kaiser-157-29-eu-nao-existo-sem-voce-tom-jobim-mpb,arq-0528,,,dest-expansao-curadoria,destino_editorial_expansao,alocar_em_lote_expansao,"Recurso preservado no acervo físico para detalhamento e curadoria na expansão curricular.",legenda_indexada,evid-fonte-aula-kaiser-157-29-eu-nao-existo-sem-voce-tom-jobim-mpb,""
aula-kaiser-158-3-como-avancar-nas-aulas-de-repertorio,arq-0530,,,dest-expansao-curadoria,destino_editorial_expansao,alocar_em_lote_expansao,"Recurso preservado no acervo físico para detalhamento e curadoria na expansão curricular.",metadados_catalogo,evid-fonte-aula-kaiser-158-3-como-avancar-nas-aulas-de-repertorio,""
aula-kaiser-159-30-estudo-n-5-em-si-menor-fernando-sor-v,arq-0533,,,dest-expansao-curadoria,destino_editorial_expansao,alocar_em_lote_expansao,"Recurso preservado no acervo físico para detalhamento e curadoria na expansão curricular.",legenda_indexada,evid-fonte-aula-kaiser-159-30-estudo-n-5-em-si-menor-fernando-sor-v,""
aula-kaiser-160-31-adelita-tarrega-violao-classico,arq-0536,,,dest-expansao-curadoria,destino_editorial_expansao,alocar_em_lote_expansao,"Recurso preservado no acervo físico para detalhamento e curadoria na expansão curricular.",legenda_indexada,evid-fonte-aula-kaiser-160-31-adelita-tarrega-violao-classico,""
aula-kaiser-161-4-antes-de-tudo-faca-as-posturas-correta,arq-0541,,,dest-expansao-curadoria,destino_editorial_expansao,alocar_em_lote_expansao,"Recurso preservado no acervo físico para detalhamento e curadoria na expansão curricular.",legenda_indexada,evid-fonte-aula-kaiser-161-4-antes-de-tudo-faca-as-posturas-correta,""
aula-kaiser-162-5-qual-dedo-usar-regras-de-digitacao,arq-0543,,,dest-expansao-curadoria,destino_editorial_expansao,alocar_em_lote_expansao,"Recurso preservado no acervo físico para detalhamento e curadoria na expansão curricular.",metadados_catalogo,evid-fonte-aula-kaiser-162-5-qual-dedo-usar-regras-de-digitacao,""
aula-kaiser-163-6-um-erro-muito-comum-da-mao-direita,arq-0545,,,dest-expansao-curadoria,destino_editorial_expansao,alocar_em_lote_expansao,"Recurso preservado no acervo físico para detalhamento e curadoria na expansão curricular.",metadados_catalogo,evid-fonte-aula-kaiser-163-6-um-erro-muito-comum-da-mao-direita,""
aula-kaiser-165-8-9-sinfonia-ode-a-alegria-beethoven-vio,arq-0552,,,dest-expansao-curadoria,destino_editorial_expansao,alocar_em_lote_expansao,"Recurso preservado no acervo físico para detalhamento e curadoria na expansão curricular.",legenda_indexada,evid-fonte-aula-kaiser-165-8-9-sinfonia-ode-a-alegria-beethoven-vio,""
aula-kaiser-166-9-valsa-em-do-maior-pequeno-estudo-marco,arq-0555,,,dest-expansao-curadoria,destino_editorial_expansao,alocar_em_lote_expansao,"Recurso preservado no acervo físico para detalhamento e curadoria na expansão curricular.",metadados_catalogo,evid-fonte-aula-kaiser-166-9-valsa-em-do-maior-pequeno-estudo-marco,""
aula-mod-3-25,arq-1773,,,dest-expansao-curadoria,destino_editorial_expansao,alocar_em_lote_expansao,"Recurso preservado no acervo físico para detalhamento e curadoria na expansão curricular.",legenda_indexada,evid-fonte-aula-mod-3-25,""
aula-mod-3-26,arq-1775,,,dest-expansao-curadoria,destino_editorial_expansao,alocar_em_lote_expansao,"Recurso preservado no acervo físico para detalhamento e curadoria na expansão curricular.",legenda_indexada,evid-fonte-aula-mod-3-26,""
aula-mod-3-27,arq-1780,,,dest-expansao-curadoria,destino_editorial_expansao,alocar_em_lote_expansao,"Recurso preservado no acervo físico para detalhamento e curadoria na expansão curricular.",legenda_indexada,evid-fonte-aula-mod-3-27,""
aula-mod-3-28,arq-1782,,,dest-expansao-curadoria,destino_editorial_expansao,alocar_em_lote_expansao,"Recurso preservado no acervo físico para detalhamento e curadoria na expansão curricular.",legenda_indexada,evid-fonte-aula-mod-3-28,""
aula-mod-3-29,arq-1785,,,dest-expansao-curadoria,destino_editorial_expansao,alocar_em_lote_expansao,"Recurso preservado no acervo físico para detalhamento e curadoria na expansão curricular.",legenda_indexada,evid-fonte-aula-mod-3-29,""
aula-mod-3-30,arq-1789,,,dest-expansao-curadoria,destino_editorial_expansao,alocar_em_lote_expansao,"Recurso preservado no acervo físico para detalhamento e curadoria na expansão curricular.",legenda_indexada,evid-fonte-aula-mod-3-30,""
aula-mod-3-31,arq-1792,,,dest-expansao-curadoria,destino_editorial_expansao,alocar_em_lote_expansao,"Recurso preservado no acervo físico para detalhamento e curadoria na expansão curricular.",legenda_indexada,evid-fonte-aula-mod-3-31,""
aula-mod-3-32,arq-1793,,,dest-expansao-curadoria,destino_editorial_expansao,alocar_em_lote_expansao,"Recurso preservado no acervo físico para detalhamento e curadoria na expansão curricular.",metadados_catalogo,evid-fonte-aula-mod-3-32,""
aula-mod-3-33,arq-1795,,,dest-expansao-curadoria,destino_editorial_expansao,alocar_em_lote_expansao,"Recurso preservado no acervo físico para detalhamento e curadoria na expansão curricular.",legenda_indexada,evid-fonte-aula-mod-3-33,""
aula-mod-3-34,arq-1798,,,dest-expansao-curadoria,destino_editorial_expansao,alocar_em_lote_expansao,"Recurso preservado no acervo físico para detalhamento e curadoria na expansão curricular.",legenda_indexada,evid-fonte-aula-mod-3-34,""
aula-mod-3-35,arq-1802,,,dest-expansao-curadoria,destino_editorial_expansao,alocar_em_lote_expansao,"Recurso preservado no acervo físico para detalhamento e curadoria na expansão curricular.",legenda_indexada,evid-fonte-aula-mod-3-35,""
aula-mod-3-36,arq-1804,,,dest-expansao-curadoria,destino_editorial_expansao,alocar_em_lote_expansao,"Recurso preservado no acervo físico para detalhamento e curadoria na expansão curricular.",legenda_indexada,evid-fonte-aula-mod-3-36,""
aula-mod-3-37,arq-1805,,,dest-expansao-curadoria,destino_editorial_expansao,alocar_em_lote_expansao,"Recurso preservado no acervo físico para detalhamento e curadoria na expansão curricular.",metadados_catalogo,evid-fonte-aula-mod-3-37,""
aula-mod-3-38,arq-1807,,,dest-expansao-curadoria,destino_editorial_expansao,alocar_em_lote_expansao,"Recurso preservado no acervo físico para detalhamento e curadoria na expansão curricular.",legenda_indexada,evid-fonte-aula-mod-3-38,""
aula-mod-3-39,arq-1809,,,dest-expansao-curadoria,destino_editorial_expansao,alocar_em_lote_expansao,"Recurso preservado no acervo físico para detalhamento e curadoria na expansão curricular.",legenda_indexada,evid-fonte-aula-mod-3-39,""
aula-mod-3-40,arq-1817,,,dest-expansao-curadoria,destino_editorial_expansao,alocar_em_lote_expansao,"Recurso preservado no acervo físico para detalhamento e curadoria na expansão curricular.",legenda_indexada,evid-fonte-aula-mod-3-40,""
aula-mod-3-41,arq-1822,,,dest-expansao-curadoria,destino_editorial_expansao,alocar_em_lote_expansao,"Recurso preservado no acervo físico para detalhamento e curadoria na expansão curricular.",legenda_indexada,evid-fonte-aula-mod-3-41,""
aula-mod-3-42,arq-1827,,,dest-expansao-curadoria,destino_editorial_expansao,alocar_em_lote_expansao,"Recurso preservado no acervo físico para detalhamento e curadoria na expansão curricular.",legenda_indexada,evid-fonte-aula-mod-3-42,""
aula-mod-3-44,,,,dest-aguardando-backup,destino_editorial_aguardando,aguardar_auditoria_remota,"Entrada sem arquivos no backup local; requer verificação remota no Google Drive.",nao_inspecionado,evid-fonte-aula-mod-3-44,"sem_arquivos_locais; sem_link_remoto"
aula-mod-4-26,arq-1864,,,dest-expansao-curadoria,destino_editorial_expansao,alocar_em_lote_expansao,"Recurso preservado no acervo físico para detalhamento e curadoria na expansão curricular.",legenda_indexada,evid-fonte-aula-mod-4-26,""
aula-mod-4-27,,,,dest-aguardando-backup,destino_editorial_aguardando,aguardar_auditoria_remota,"Entrada sem arquivos no backup local; requer verificação remota no Google Drive.",nao_inspecionado,evid-fonte-aula-mod-4-27,"sem_arquivos_locais; sem_link_remoto"
aula-mod-4-28,,,,dest-aguardando-backup,destino_editorial_aguardando,aguardar_auditoria_remota,"Entrada sem arquivos no backup local; requer verificação remota no Google Drive.",nao_inspecionado,evid-fonte-aula-mod-4-28,"sem_arquivos_locais; sem_link_remoto"
aula-mod-4-4,arq-1835,,,dest-expansao-curadoria,destino_editorial_expansao,alocar_em_lote_expansao,"Recurso preservado no acervo físico para detalhamento e curadoria na expansão curricular.",legenda_indexada,evid-fonte-aula-mod-4-4,""
aula-mod-4-5,,,,dest-aguardando-backup,destino_editorial_aguardando,aguardar_auditoria_remota,"Entrada sem arquivos no backup local; requer verificação remota no Google Drive.",nao_inspecionado,evid-fonte-aula-mod-4-5,"sem_arquivos_locais"
aula-mod-4-6,,,,dest-aguardando-backup,destino_editorial_aguardando,aguardar_auditoria_remota,"Entrada sem arquivos no backup local; requer verificação remota no Google Drive.",nao_inspecionado,evid-fonte-aula-mod-4-6,"sem_arquivos_locais"
aula-mod-4-7,,,,dest-aguardando-backup,destino_editorial_aguardando,aguardar_auditoria_remota,"Entrada sem arquivos no backup local; requer verificação remota no Google Drive.",nao_inspecionado,evid-fonte-aula-mod-4-7,"sem_arquivos_locais"
aula-mod-4-8,,,,dest-aguardando-backup,destino_editorial_aguardando,aguardar_auditoria_remota,"Entrada sem arquivos no backup local; requer verificação remota no Google Drive.",nao_inspecionado,evid-fonte-aula-mod-4-8,"sem_arquivos_locais"
aula-mod-4-9,arq-1839,,,dest-expansao-curadoria,destino_editorial_expansao,alocar_em_lote_expansao,"Recurso preservado no acervo físico para detalhamento e curadoria na expansão curricular.",legenda_indexada,evid-fonte-aula-mod-4-9,""
aula-mod-4-10,arq-1846,,,dest-expansao-curadoria,destino_editorial_expansao,alocar_em_lote_expansao,"Recurso preservado no acervo físico para detalhamento e curadoria na expansão curricular.",legenda_indexada,evid-fonte-aula-mod-4-10,""
aula-mod-4-29,arq-1867,,,dest-expansao-curadoria,destino_editorial_expansao,alocar_em_lote_expansao,"Recurso preservado no acervo físico para detalhamento e curadoria na expansão curricular.",metadados_catalogo,evid-fonte-aula-mod-4-29,""
aula-mod-4-30,,,,dest-aguardando-backup,destino_editorial_aguardando,aguardar_auditoria_remota,"Entrada sem arquivos no backup local; requer verificação remota no Google Drive.",nao_inspecionado,evid-fonte-aula-mod-4-30,"sem_arquivos_locais; sem_link_remoto"
aula-mod-4-11,,,,dest-aguardando-backup,destino_editorial_aguardando,aguardar_auditoria_remota,"Entrada sem arquivos no backup local; requer verificação remota no Google Drive.",nao_inspecionado,evid-fonte-aula-mod-4-11,"sem_arquivos_locais"
aula-mod-4-31,,,,dest-aguardando-backup,destino_editorial_aguardando,aguardar_auditoria_remota,"Entrada sem arquivos no backup local; requer verificação remota no Google Drive.",nao_inspecionado,evid-fonte-aula-mod-4-31,"sem_arquivos_locais; sem_link_remoto"
aula-mod-4-32,,,,dest-aguardando-backup,destino_editorial_aguardando,aguardar_auditoria_remota,"Entrada sem arquivos no backup local; requer verificação remota no Google Drive.",nao_inspecionado,evid-fonte-aula-mod-4-32,"sem_arquivos_locais; sem_link_remoto"
aula-mod-4-33,,,,dest-aguardando-backup,destino_editorial_aguardando,aguardar_auditoria_remota,"Entrada sem arquivos no backup local; requer verificação remota no Google Drive.",nao_inspecionado,evid-fonte-aula-mod-4-33,"sem_arquivos_locais; sem_link_remoto"
aula-mod-4-34,arq-1868,,,dest-expansao-curadoria,destino_editorial_expansao,alocar_em_lote_expansao,"Recurso preservado no acervo físico para detalhamento e curadoria na expansão curricular.",metadados_catalogo,evid-fonte-aula-mod-4-34,"apenas_documentacao_sem_midia; sem_link_remoto"
aula-mod-4-12,,,,dest-descarte-admin,destino_editorial_suporte,avaliar_descarte_administrativo,"Comunicado ou material de suporte da plataforma sem conteúdo instrumental.",nao_inspecionado,evid-fonte-aula-mod-4-12,"sem_arquivos_locais; item_administrativo; sem_link_remoto"
aula-mod-5-24,arq-1889,,,dest-expansao-curadoria,destino_editorial_expansao,alocar_em_lote_expansao,"Recurso preservado no acervo físico para detalhamento e curadoria na expansão curricular.",metadados_catalogo,evid-fonte-aula-mod-5-24,""
aula-mod-5-26,,,,dest-aguardando-backup,destino_editorial_aguardando,aguardar_auditoria_remota,"Entrada sem arquivos no backup local; requer verificação remota no Google Drive.",nao_inspecionado,evid-fonte-aula-mod-5-26,"sem_arquivos_locais; sem_link_remoto"
aula-mod-5-33,arq-1896,,,dest-expansao-curadoria,destino_editorial_expansao,alocar_em_lote_expansao,"Recurso preservado no acervo físico para detalhamento e curadoria na expansão curricular.",legenda_indexada,evid-fonte-aula-mod-5-33,""
aula-mod-8-9,,,,dest-aguardando-backup,destino_editorial_aguardando,aguardar_auditoria_remota,"Entrada sem arquivos no backup local; requer verificação remota no Google Drive.",nao_inspecionado,evid-fonte-aula-mod-8-9,"sem_arquivos_locais"
aula-mod-9-11,arq-2046,,,dest-expansao-curadoria,destino_editorial_expansao,alocar_em_lote_expansao,"Recurso preservado no acervo físico para detalhamento e curadoria na expansão curricular.",legenda_indexada,evid-fonte-aula-mod-9-11,""
aula-mod-9-12,arq-2050,,,dest-expansao-curadoria,destino_editorial_expansao,alocar_em_lote_expansao,"Recurso preservado no acervo físico para detalhamento e curadoria na expansão curricular.",legenda_indexada,evid-fonte-aula-mod-9-12,""
aula-mod-9-13,arq-2052,,,dest-expansao-curadoria,destino_editorial_expansao,alocar_em_lote_expansao,"Recurso preservado no acervo físico para detalhamento e curadoria na expansão curricular.",legenda_indexada,evid-fonte-aula-mod-9-13,""
aula-mod-9-19,,,,dest-aguardando-backup,destino_editorial_aguardando,aguardar_auditoria_remota,"Entrada sem arquivos no backup local; requer verificação remota no Google Drive.",nao_inspecionado,evid-fonte-aula-mod-9-19,"sem_arquivos_locais; sem_link_remoto"
aula-kaiser-95-1-como-estudar-para-evoluir-no-violao-ro,arq-0299,,,dest-expansao-curadoria,destino_editorial_expansao,alocar_em_lote_expansao,"Recurso preservado no acervo físico para detalhamento e curadoria na expansão curricular.",legenda_indexada,evid-fonte-aula-kaiser-95-1-como-estudar-para-evoluir-no-violao-ro,""
aula-kaiser-96-10-exercicios-para-o-polegar-esse-e-meu-,arq-0301,,,dest-expansao-curadoria,destino_editorial_expansao,alocar_em_lote_expansao,"Recurso preservado no acervo físico para detalhamento e curadoria na expansão curricular.",metadados_catalogo,evid-fonte-aula-kaiser-96-10-exercicios-para-o-polegar-esse-e-meu-,""
aula-kaiser-97-11-picado-a-tecnica-da-velocidade,arq-0303,,,dest-expansao-curadoria,destino_editorial_expansao,alocar_em_lote_expansao,"Recurso preservado no acervo físico para detalhamento e curadoria na expansão curricular.",metadados_catalogo,evid-fonte-aula-kaiser-97-11-picado-a-tecnica-da-velocidade,""
aula-kaiser-98-12-violao-de-6-ou-7-cordas-qual-diferenc,arq-0305,,,dest-expansao-curadoria,destino_editorial_expansao,alocar_em_lote_expansao,"Recurso preservado no acervo físico para detalhamento e curadoria na expansão curricular.",metadados_catalogo,evid-fonte-aula-kaiser-98-12-violao-de-6-ou-7-cordas-qual-diferenc,""
aula-kaiser-99-13-como-iniciar-no-violao-de-7-cordas,arq-0311,,,dest-expansao-curadoria,destino_editorial_expansao,alocar_em_lote_expansao,"Recurso preservado no acervo físico para detalhamento e curadoria na expansão curricular.",legenda_indexada,evid-fonte-aula-kaiser-99-13-como-iniciar-no-violao-de-7-cordas,""
aula-kaiser-100-14-como-tocar-harmonicos-naturais-e-arti,arq-0317,,,dest-expansao-curadoria,destino_editorial_expansao,alocar_em_lote_expansao,"Recurso preservado no acervo físico para detalhamento e curadoria na expansão curricular.",legenda_indexada,evid-fonte-aula-kaiser-100-14-como-tocar-harmonicos-naturais-e-arti,""
aula-kaiser-101-15-metodo-correto-de-aquecimento,arq-0321,,,dest-expansao-curadoria,destino_editorial_expansao,alocar_em_lote_expansao,"Recurso preservado no acervo físico para detalhamento e curadoria na expansão curricular.",legenda_indexada,evid-fonte-aula-kaiser-101-15-metodo-correto-de-aquecimento,""
aula-kaiser-102-16-como-fazer-um-violao-soar-como-um-vio,arq-0323,,,dest-expansao-curadoria,destino_editorial_expansao,alocar_em_lote_expansao,"Recurso preservado no acervo físico para detalhamento e curadoria na expansão curricular.",metadados_catalogo,evid-fonte-aula-kaiser-102-16-como-fazer-um-violao-soar-como-um-vio,""
aula-kaiser-103-17-exercicio-pra-arrebentar-a-sua-mao-fl,arq-0327,,,dest-expansao-curadoria,destino_editorial_expansao,alocar_em_lote_expansao,"Recurso preservado no acervo físico para detalhamento e curadoria na expansão curricular.",legenda_indexada,evid-fonte-aula-kaiser-103-17-exercicio-pra-arrebentar-a-sua-mao-fl,""
aula-kaiser-104-18-posturas-do-corpo-e-das-maos,arq-0331,,,dest-expansao-curadoria,destino_editorial_expansao,alocar_em_lote_expansao,"Recurso preservado no acervo físico para detalhamento e curadoria na expansão curricular.",legenda_indexada,evid-fonte-aula-kaiser-104-18-posturas-do-corpo-e-das-maos,""
aula-kaiser-105-19-estralar-os-dedos-faz-mal,arq-0333,,,dest-expansao-curadoria,destino_editorial_expansao,alocar_em_lote_expansao,"Recurso preservado no acervo físico para detalhamento e curadoria na expansão curricular.",metadados_catalogo,evid-fonte-aula-kaiser-105-19-estralar-os-dedos-faz-mal,""
aula-kaiser-106-2-como-continuar-evoluindo-no-violao-pra,arq-0339,,,dest-expansao-curadoria,destino_editorial_expansao,alocar_em_lote_expansao,"Recurso preservado no acervo físico para detalhamento e curadoria na expansão curricular.",legenda_indexada,evid-fonte-aula-kaiser-106-2-como-continuar-evoluindo-no-violao-pra,""
aula-kaiser-107-20-como-virar-um-virtuoso,arq-0343,,,dest-expansao-curadoria,destino_editorial_expansao,alocar_em_lote_expansao,"Recurso preservado no acervo físico para detalhamento e curadoria na expansão curricular.",legenda_indexada,evid-fonte-aula-kaiser-107-20-como-virar-um-virtuoso,""
aula-kaiser-108-3-o-maior-erro-de-um-estudante-de-musica,arq-0349,,,dest-expansao-curadoria,destino_editorial_expansao,alocar_em_lote_expansao,"Recurso preservado no acervo físico para detalhamento e curadoria na expansão curricular.",legenda_indexada,evid-fonte-aula-kaiser-108-3-o-maior-erro-de-um-estudante-de-musica,""
aula-kaiser-109-4-diferencas-entre-estilos-erudito-finge,arq-0358,,,dest-expansao-curadoria,destino_editorial_expansao,alocar_em_lote_expansao,"Recurso preservado no acervo físico para detalhamento e curadoria na expansão curricular.",legenda_indexada,evid-fonte-aula-kaiser-109-4-diferencas-entre-estilos-erudito-finge,""
aula-kaiser-110-5-como-estudar-com-metronomo,arq-0360,,,dest-expansao-curadoria,destino_editorial_expansao,alocar_em_lote_expansao,"Recurso preservado no acervo físico para detalhamento e curadoria na expansão curricular.",metadados_catalogo,evid-fonte-aula-kaiser-110-5-como-estudar-com-metronomo,""
aula-kaiser-111-6-como-tocar-com-o-som-limpo,arq-0366,,,dest-expansao-curadoria,destino_editorial_expansao,alocar_em_lote_expansao,"Recurso preservado no acervo físico para detalhamento e curadoria na expansão curricular.",legenda_indexada,evid-fonte-aula-kaiser-111-6-como-tocar-com-o-som-limpo,""
aula-kaiser-112-7-como-trocar-as-cordas-corretamente,arq-0368,,,dest-expansao-curadoria,destino_editorial_expansao,alocar_em_lote_expansao,"Recurso preservado no acervo físico para detalhamento e curadoria na expansão curricular.",metadados_catalogo,evid-fonte-aula-kaiser-112-7-como-trocar-as-cordas-corretamente,""
aula-kaiser-113-8-unhas-como-dar-formato-adequado,arq-0370,,,dest-expansao-curadoria,destino_editorial_expansao,alocar_em_lote_expansao,"Recurso preservado no acervo físico para detalhamento e curadoria na expansão curricular.",metadados_catalogo,evid-fonte-aula-kaiser-113-8-unhas-como-dar-formato-adequado,""
aula-kaiser-114-9-aprenda-a-tocar-com-emocao,arq-0372,,,dest-expansao-curadoria,destino_editorial_expansao,alocar_em_lote_expansao,"Recurso preservado no acervo físico para detalhamento e curadoria na expansão curricular.",metadados_catalogo,evid-fonte-aula-kaiser-114-9-aprenda-a-tocar-com-emocao,""
aula-mod-9-10,arq-2044,,,dest-expansao-curadoria,destino_editorial_expansao,alocar_em_lote_expansao,"Recurso preservado no acervo físico para detalhamento e curadoria na expansão curricular.",legenda_indexada,evid-fonte-aula-mod-9-10,""
aula-kaiser-9-17-o-barquinho-bossa-nova,arq-0033,,,dest-expansao-curadoria,destino_editorial_expansao,alocar_em_lote_expansao,"Recurso preservado no acervo físico para detalhamento e curadoria na expansão curricular.",legenda_indexada,evid-fonte-aula-kaiser-9-17-o-barquinho-bossa-nova,""
aula-kaiser-11-19-wave-bossa-nova,arq-0041,,,dest-expansao-curadoria,destino_editorial_expansao,alocar_em_lote_expansao,"Recurso preservado no acervo físico para detalhamento e curadoria na expansão curricular.",legenda_indexada,evid-fonte-aula-kaiser-11-19-wave-bossa-nova,""
aula-kaiser-13-20-chega-de-saudade-bossa-nova,arq-0050,,,dest-expansao-curadoria,destino_editorial_expansao,alocar_em_lote_expansao,"Recurso preservado no acervo físico para detalhamento e curadoria na expansão curricular.",metadados_catalogo,evid-fonte-aula-kaiser-13-20-chega-de-saudade-bossa-nova,""
aula-mod-6-7,,,,dest-aguardando-backup,destino_editorial_aguardando,aguardar_auditoria_remota,"Entrada sem arquivos no backup local; requer verificação remota no Google Drive.",nao_inspecionado,evid-fonte-aula-mod-6-7,"sem_arquivos_locais; sem_link_remoto"
aula-mod-6-8,,,,dest-aguardando-backup,destino_editorial_aguardando,aguardar_auditoria_remota,"Entrada sem arquivos no backup local; requer verificação remota no Google Drive.",nao_inspecionado,evid-fonte-aula-mod-6-8,"sem_arquivos_locais; sem_link_remoto"
aula-mod-6-9,,,,dest-aguardando-backup,destino_editorial_aguardando,aguardar_auditoria_remota,"Entrada sem arquivos no backup local; requer verificação remota no Google Drive.",nao_inspecionado,evid-fonte-aula-mod-6-9,"sem_arquivos_locais; sem_link_remoto"
aula-mod-6-10,,,,dest-aguardando-backup,destino_editorial_aguardando,aguardar_auditoria_remota,"Entrada sem arquivos no backup local; requer verificação remota no Google Drive.",nao_inspecionado,evid-fonte-aula-mod-6-10,"sem_arquivos_locais; sem_link_remoto"
aula-mod-6-11,,,,dest-aguardando-backup,destino_editorial_aguardando,aguardar_auditoria_remota,"Entrada sem arquivos no backup local; requer verificação remota no Google Drive.",nao_inspecionado,evid-fonte-aula-mod-6-11,"sem_arquivos_locais; sem_link_remoto"
aula-mod-6-12,arq-1906,,,dest-expansao-curadoria,destino_editorial_expansao,alocar_em_lote_expansao,"Recurso preservado no acervo físico para detalhamento e curadoria na expansão curricular.",legenda_indexada,evid-fonte-aula-mod-6-12,""
aula-mod-6-13,,,,dest-aguardando-backup,destino_editorial_aguardando,aguardar_auditoria_remota,"Entrada sem arquivos no backup local; requer verificação remota no Google Drive.",nao_inspecionado,evid-fonte-aula-mod-6-13,"sem_arquivos_locais; sem_link_remoto"
aula-mod-6-15,,,,dest-aguardando-backup,destino_editorial_aguardando,aguardar_auditoria_remota,"Entrada sem arquivos no backup local; requer verificação remota no Google Drive.",nao_inspecionado,evid-fonte-aula-mod-6-15,"sem_arquivos_locais; sem_link_remoto"
aula-mod-6-16,arq-1909,,,dest-expansao-curadoria,destino_editorial_expansao,alocar_em_lote_expansao,"Recurso preservado no acervo físico para detalhamento e curadoria na expansão curricular.",legenda_indexada,evid-fonte-aula-mod-6-16,""
aula-mod-6-17,arq-1911,,,dest-expansao-curadoria,destino_editorial_expansao,alocar_em_lote_expansao,"Recurso preservado no acervo físico para detalhamento e curadoria na expansão curricular.",legenda_indexada,evid-fonte-aula-mod-6-17,""
aula-mod-6-18,,,,dest-aguardando-backup,destino_editorial_aguardando,aguardar_auditoria_remota,"Entrada sem arquivos no backup local; requer verificação remota no Google Drive.",nao_inspecionado,evid-fonte-aula-mod-6-18,"sem_arquivos_locais; sem_link_remoto"
aula-mod-6-2,,,,dest-aguardando-backup,destino_editorial_aguardando,aguardar_auditoria_remota,"Entrada sem arquivos no backup local; requer verificação remota no Google Drive.",nao_inspecionado,evid-fonte-aula-mod-6-2,"sem_arquivos_locais"
aula-mod-8-19,arq-2018,,,dest-expansao-curadoria,destino_editorial_expansao,alocar_em_lote_expansao,"Recurso preservado no acervo físico para detalhamento e curadoria na expansão curricular.",legenda_indexada,evid-fonte-aula-mod-8-19,""
aula-kaiser-2-10-faixa-amarela-samba,arq-0010,,,dest-expansao-curadoria,destino_editorial_expansao,alocar_em_lote_expansao,"Recurso preservado no acervo físico para detalhamento e curadoria na expansão curricular.",legenda_indexada,evid-fonte-aula-kaiser-2-10-faixa-amarela-samba,""
aula-kaiser-3-11-timoneiro-samba,arq-0013,,,dest-expansao-curadoria,destino_editorial_expansao,alocar_em_lote_expansao,"Recurso preservado no acervo físico para detalhamento e curadoria na expansão curricular.",metadados_catalogo,evid-fonte-aula-kaiser-3-11-timoneiro-samba,""
aula-kaiser-4-12-trem-das-onze-samba,arq-0015,,,dest-expansao-curadoria,destino_editorial_expansao,alocar_em_lote_expansao,"Recurso preservado no acervo físico para detalhamento e curadoria na expansão curricular.",metadados_catalogo,evid-fonte-aula-kaiser-4-12-trem-das-onze-samba,""
aula-kaiser-5-13-asa-branca-baiao,arq-0018,,,dest-expansao-curadoria,destino_editorial_expansao,alocar_em_lote_expansao,"Recurso preservado no acervo físico para detalhamento e curadoria na expansão curricular.",metadados_catalogo,evid-fonte-aula-kaiser-5-13-asa-branca-baiao,""
aula-kaiser-6-14-kid-cavaquinho-samba,arq-0021,,,dest-expansao-curadoria,destino_editorial_expansao,alocar_em_lote_expansao,"Recurso preservado no acervo físico para detalhamento e curadoria na expansão curricular.",metadados_catalogo,evid-fonte-aula-kaiser-6-14-kid-cavaquinho-samba,""
aula-kaiser-7-15-as-pastorinhas-marcha,arq-0025,,,dest-expansao-curadoria,destino_editorial_expansao,alocar_em_lote_expansao,"Recurso preservado no acervo físico para detalhamento e curadoria na expansão curricular.",metadados_catalogo,evid-fonte-aula-kaiser-7-15-as-pastorinhas-marcha,"contem_arquivos_part"
aula-kaiser-8-16-regra-tres-samba,arq-0028,,,dest-expansao-curadoria,destino_editorial_expansao,alocar_em_lote_expansao,"Recurso preservado no acervo físico para detalhamento e curadoria na expansão curricular.",metadados_catalogo,evid-fonte-aula-kaiser-8-16-regra-tres-samba,""
aula-kaiser-10-18-como-dizia-o-poeta-samba,arq-0035,,,dest-expansao-curadoria,destino_editorial_expansao,alocar_em_lote_expansao,"Recurso preservado no acervo físico para detalhamento e curadoria na expansão curricular.",metadados_catalogo,evid-fonte-aula-kaiser-10-18-como-dizia-o-poeta-samba,""
aula-kaiser-14-21-noites-cariocas-samba-choro,arq-0052,,,dest-expansao-curadoria,destino_editorial_expansao,alocar_em_lote_expansao,"Recurso preservado no acervo físico para detalhamento e curadoria na expansão curricular.",metadados_catalogo,evid-fonte-aula-kaiser-14-21-noites-cariocas-samba-choro,""
aula-kaiser-15-22-contracanto-paulinho-nogueira-samba,arq-0055,,,dest-expansao-curadoria,destino_editorial_expansao,alocar_em_lote_expansao,"Recurso preservado no acervo físico para detalhamento e curadoria na expansão curricular.",metadados_catalogo,evid-fonte-aula-kaiser-15-22-contracanto-paulinho-nogueira-samba,""
aula-kaiser-16-3-batida-de-frevo-e-marcha,arq-0061,,,dest-expansao-curadoria,destino_editorial_expansao,alocar_em_lote_expansao,"Recurso preservado no acervo físico para detalhamento e curadoria na expansão curricular.",legenda_indexada,evid-fonte-aula-kaiser-16-3-batida-de-frevo-e-marcha,""
aula-kaiser-19-6-4-truques-para-melhorar-a-sua-batida-d,arq-0079,,,dest-expansao-curadoria,destino_editorial_expansao,alocar_em_lote_expansao,"Recurso preservado no acervo físico para detalhamento e curadoria na expansão curricular.",legenda_indexada,evid-fonte-aula-kaiser-19-6-4-truques-para-melhorar-a-sua-batida-d,""
aula-kaiser-20-7-como-assistir-as-proximas-aulas-de-aco,arq-0082,,,dest-expansao-curadoria,destino_editorial_expansao,alocar_em_lote_expansao,"Recurso preservado no acervo físico para detalhamento e curadoria na expansão curricular.",legenda_indexada,evid-fonte-aula-kaiser-20-7-como-assistir-as-proximas-aulas-de-aco,""
aula-kaiser-21-8-casa-de-bamba-samba,arq-0086,,,dest-expansao-curadoria,destino_editorial_expansao,alocar_em_lote_expansao,"Recurso preservado no acervo físico para detalhamento e curadoria na expansão curricular.",legenda_indexada,evid-fonte-aula-kaiser-21-8-casa-de-bamba-samba,""
aula-kaiser-22-9-devagar-devagarinho-samba,arq-0090,,,dest-expansao-curadoria,destino_editorial_expansao,alocar_em_lote_expansao,"Recurso preservado no acervo físico para detalhamento e curadoria na expansão curricular.",legenda_indexada,evid-fonte-aula-kaiser-22-9-devagar-devagarinho-samba,""
aula-mod-7-6,,,,dest-aguardando-backup,destino_editorial_aguardando,aguardar_auditoria_remota,"Entrada sem arquivos no backup local; requer verificação remota no Google Drive.",nao_inspecionado,evid-fonte-aula-mod-7-6,"sem_arquivos_locais"
aula-kaiser-33-1-como-sera-o-curso,arq-0124,,,dest-expansao-curadoria,destino_editorial_expansao,alocar_em_lote_expansao,"Recurso preservado no acervo físico para detalhamento e curadoria na expansão curricular.",metadados_catalogo,evid-fonte-aula-kaiser-33-1-como-sera-o-curso,""
aula-kaiser-34-2-conheca-a-levada-1,arq-0126,,,dest-expansao-curadoria,destino_editorial_expansao,alocar_em_lote_expansao,"Recurso preservado no acervo físico para detalhamento e curadoria na expansão curricular.",metadados_catalogo,evid-fonte-aula-kaiser-34-2-conheca-a-levada-1,""
aula-kaiser-35-3-aula-da-levada-1-exercicio-1,arq-0128,,,dest-expansao-curadoria,destino_editorial_expansao,alocar_em_lote_expansao,"Recurso preservado no acervo físico para detalhamento e curadoria na expansão curricular.",metadados_catalogo,evid-fonte-aula-kaiser-35-3-aula-da-levada-1-exercicio-1,""
aula-kaiser-37-5-antes-de-continuar-a-estudar,arq-0133,,,dest-expansao-curadoria,destino_editorial_expansao,alocar_em_lote_expansao,"Recurso preservado no acervo físico para detalhamento e curadoria na expansão curricular.",metadados_catalogo,evid-fonte-aula-kaiser-37-5-antes-de-continuar-a-estudar,""
aula-kaiser-38-1-conheca-a-levada-2,arq-0135,,,dest-expansao-curadoria,destino_editorial_expansao,alocar_em_lote_expansao,"Recurso preservado no acervo físico para detalhamento e curadoria na expansão curricular.",metadados_catalogo,evid-fonte-aula-kaiser-38-1-conheca-a-levada-2,""
aula-kaiser-39-2-aula-da-levada-2-com-partitura,arq-0138,,,dest-expansao-curadoria,destino_editorial_expansao,alocar_em_lote_expansao,"Recurso preservado no acervo físico para detalhamento e curadoria na expansão curricular.",metadados_catalogo,evid-fonte-aula-kaiser-39-2-aula-da-levada-2-com-partitura,""
aula-kaiser-40-3-variacao-da-levada-2-usando-todos-os-d,arq-0140,,,dest-expansao-curadoria,destino_editorial_expansao,alocar_em_lote_expansao,"Recurso preservado no acervo físico para detalhamento e curadoria na expansão curricular.",metadados_catalogo,evid-fonte-aula-kaiser-40-3-variacao-da-levada-2-usando-todos-os-d,""
aula-kaiser-41-1-conheca-a-levada-3,arq-0142,,,dest-expansao-curadoria,destino_editorial_expansao,alocar_em_lote_expansao,"Recurso preservado no acervo físico para detalhamento e curadoria na expansão curricular.",metadados_catalogo,evid-fonte-aula-kaiser-41-1-conheca-a-levada-3,""
aula-kaiser-42-2-aula-da-levada-3-com-partitura,arq-0145,,,dest-expansao-curadoria,destino_editorial_expansao,alocar_em_lote_expansao,"Recurso preservado no acervo físico para detalhamento e curadoria na expansão curricular.",metadados_catalogo,evid-fonte-aula-kaiser-42-2-aula-da-levada-3-com-partitura,""
aula-kaiser-43-3-combinando-as-levadas-1-e-3,arq-0147,,,dest-expansao-curadoria,destino_editorial_expansao,alocar_em_lote_expansao,"Recurso preservado no acervo físico para detalhamento e curadoria na expansão curricular.",metadados_catalogo,evid-fonte-aula-kaiser-43-3-combinando-as-levadas-1-e-3,""
aula-kaiser-44-1-conheca-a-levada-n4,arq-0149,,,dest-expansao-curadoria,destino_editorial_expansao,alocar_em_lote_expansao,"Recurso preservado no acervo físico para detalhamento e curadoria na expansão curricular.",metadados_catalogo,evid-fonte-aula-kaiser-44-1-conheca-a-levada-n4,""
aula-kaiser-45-2-aula-da-levada-4-com-partitura,arq-0152,,,dest-expansao-curadoria,destino_editorial_expansao,alocar_em_lote_expansao,"Recurso preservado no acervo físico para detalhamento e curadoria na expansão curricular.",metadados_catalogo,evid-fonte-aula-kaiser-45-2-aula-da-levada-4-com-partitura,""
aula-kaiser-46-3-combinando-as-levadas-1-3-e-4,arq-0154,,,dest-expansao-curadoria,destino_editorial_expansao,alocar_em_lote_expansao,"Recurso preservado no acervo físico para detalhamento e curadoria na expansão curricular.",metadados_catalogo,evid-fonte-aula-kaiser-46-3-combinando-as-levadas-1-3-e-4,""
aula-kaiser-47-1-conheca-a-levada-5,arq-0156,,,dest-expansao-curadoria,destino_editorial_expansao,alocar_em_lote_expansao,"Recurso preservado no acervo físico para detalhamento e curadoria na expansão curricular.",metadados_catalogo,evid-fonte-aula-kaiser-47-1-conheca-a-levada-5,""
aula-kaiser-48-2-aula-da-levada-5-com-partitura,arq-0159,,,dest-expansao-curadoria,destino_editorial_expansao,alocar_em_lote_expansao,"Recurso preservado no acervo físico para detalhamento e curadoria na expansão curricular.",metadados_catalogo,evid-fonte-aula-kaiser-48-2-aula-da-levada-5-com-partitura,""
aula-kaiser-50-2-garota-de-ipanema,arq-0164,,,dest-expansao-curadoria,destino_editorial_expansao,alocar_em_lote_expansao,"Recurso preservado no acervo físico para detalhamento e curadoria na expansão curricular.",metadados_catalogo,evid-fonte-aula-kaiser-50-2-garota-de-ipanema,""
aula-kaiser-51-3-samba-da-bencao,arq-0166,,,dest-expansao-curadoria,destino_editorial_expansao,alocar_em_lote_expansao,"Recurso preservado no acervo físico para detalhamento e curadoria na expansão curricular.",metadados_catalogo,evid-fonte-aula-kaiser-51-3-samba-da-bencao,""
aula-kaiser-52-4-fim,arq-0168,,,dest-expansao-curadoria,destino_editorial_expansao,alocar_em_lote_expansao,"Recurso preservado no acervo físico para detalhamento e curadoria na expansão curricular.",metadados_catalogo,evid-fonte-aula-kaiser-52-4-fim,""
aula-mod-7-2,,,,dest-aguardando-backup,destino_editorial_aguardando,aguardar_auditoria_remota,"Entrada sem arquivos no backup local; requer verificação remota no Google Drive.",nao_inspecionado,evid-fonte-aula-mod-7-2,"sem_arquivos_locais"
aula-mod-7-3,arq-1917,,,dest-expansao-curadoria,destino_editorial_expansao,alocar_em_lote_expansao,"Recurso preservado no acervo físico para detalhamento e curadoria na expansão curricular.",legenda_indexada,evid-fonte-aula-mod-7-3,""
aula-kaiser-53-1-introducao-as-baixarias,arq-0170,,,dest-expansao-curadoria,destino_editorial_expansao,alocar_em_lote_expansao,"Recurso preservado no acervo físico para detalhamento e curadoria na expansão curricular.",metadados_catalogo,evid-fonte-aula-kaiser-53-1-introducao-as-baixarias,""
aula-kaiser-54-10-misturando-tudo,arq-0175,,,dest-expansao-curadoria,destino_editorial_expansao,alocar_em_lote_expansao,"Recurso preservado no acervo físico para detalhamento e curadoria na expansão curricular.",legenda_indexada,evid-fonte-aula-kaiser-54-10-misturando-tudo,""
aula-kaiser-55-11-conselho-baixarias-no-7-cordas,arq-0177,,,dest-expansao-curadoria,destino_editorial_expansao,alocar_em_lote_expansao,"Recurso preservado no acervo físico para detalhamento e curadoria na expansão curricular.",metadados_catalogo,evid-fonte-aula-kaiser-55-11-conselho-baixarias-no-7-cordas,""
aula-kaiser-56-2-inversoes-dos-baixos,arq-0179,,,dest-expansao-curadoria,destino_editorial_expansao,alocar_em_lote_expansao,"Recurso preservado no acervo físico para detalhamento e curadoria na expansão curricular.",metadados_catalogo,evid-fonte-aula-kaiser-56-2-inversoes-dos-baixos,""
aula-kaiser-57-3-escalas-das-baixarias,arq-0181,,,dest-expansao-curadoria,destino_editorial_expansao,alocar_em_lote_expansao,"Recurso preservado no acervo físico para detalhamento e curadoria na expansão curricular.",metadados_catalogo,evid-fonte-aula-kaiser-57-3-escalas-das-baixarias,""
aula-kaiser-58-4-teoria-na-pratica,arq-0183,,,dest-expansao-curadoria,destino_editorial_expansao,alocar_em_lote_expansao,"Recurso preservado no acervo físico para detalhamento e curadoria na expansão curricular.",metadados_catalogo,evid-fonte-aula-kaiser-58-4-teoria-na-pratica,""
aula-kaiser-59-5-orientacoes-sobre-as-baixarias,arq-0185,,,dest-expansao-curadoria,destino_editorial_expansao,alocar_em_lote_expansao,"Recurso preservado no acervo físico para detalhamento e curadoria na expansão curricular.",metadados_catalogo,evid-fonte-aula-kaiser-59-5-orientacoes-sobre-as-baixarias,""
aula-kaiser-60-6-frases-com-duas-notas,arq-0187,,,dest-expansao-curadoria,destino_editorial_expansao,alocar_em_lote_expansao,"Recurso preservado no acervo físico para detalhamento e curadoria na expansão curricular.",metadados_catalogo,evid-fonte-aula-kaiser-60-6-frases-com-duas-notas,""
aula-kaiser-61-7-frases-com-tres-notas,arq-0189,,,dest-expansao-curadoria,destino_editorial_expansao,alocar_em_lote_expansao,"Recurso preservado no acervo físico para detalhamento e curadoria na expansão curricular.",metadados_catalogo,evid-fonte-aula-kaiser-61-7-frases-com-tres-notas,""
aula-kaiser-62-8-frases-com-quatro-notas,arq-0191,,,dest-expansao-curadoria,destino_editorial_expansao,alocar_em_lote_expansao,"Recurso preservado no acervo físico para detalhamento e curadoria na expansão curricular.",metadados_catalogo,evid-fonte-aula-kaiser-62-8-frases-com-quatro-notas,""
aula-kaiser-63-9-frases-com-seis-notas,arq-0193,,,dest-expansao-curadoria,destino_editorial_expansao,alocar_em_lote_expansao,"Recurso preservado no acervo físico para detalhamento e curadoria na expansão curricular.",metadados_catalogo,evid-fonte-aula-kaiser-63-9-frases-com-seis-notas,""
aula-mod-5-32,,,,dest-aguardando-backup,destino_editorial_aguardando,aguardar_auditoria_remota,"Entrada sem arquivos no backup local; requer verificação remota no Google Drive.",nao_inspecionado,evid-fonte-aula-mod-5-32,"sem_arquivos_locais; sem_link_remoto"
aula-mod-6-3,,,,dest-aguardando-backup,destino_editorial_aguardando,aguardar_auditoria_remota,"Entrada sem arquivos no backup local; requer verificação remota no Google Drive.",nao_inspecionado,evid-fonte-aula-mod-6-3,"sem_arquivos_locais"
aula-mod-9-8,arq-2038,,,dest-expansao-curadoria,destino_editorial_expansao,alocar_em_lote_expansao,"Recurso preservado no acervo físico para detalhamento e curadoria na expansão curricular.",legenda_indexada,evid-fonte-aula-mod-9-8,""
aula-mod-10-1,arq-2064,,,dest-expansao-curadoria,destino_editorial_expansao,alocar_em_lote_expansao,"Recurso preservado no acervo físico para detalhamento e curadoria na expansão curricular.",legenda_indexada,evid-fonte-aula-mod-10-1,""
aula-mod-10-2,arq-2066,,,dest-expansao-curadoria,destino_editorial_expansao,alocar_em_lote_expansao,"Recurso preservado no acervo físico para detalhamento e curadoria na expansão curricular.",legenda_indexada,evid-fonte-aula-mod-10-2,""
aula-mod-10-3,arq-2068,,,dest-expansao-curadoria,destino_editorial_expansao,alocar_em_lote_expansao,"Recurso preservado no acervo físico para detalhamento e curadoria na expansão curricular.",legenda_indexada,evid-fonte-aula-mod-10-3,""
aula-mod-10-4,arq-2070,,,dest-expansao-curadoria,destino_editorial_expansao,alocar_em_lote_expansao,"Recurso preservado no acervo físico para detalhamento e curadoria na expansão curricular.",legenda_indexada,evid-fonte-aula-mod-10-4,""
aula-mod-10-5,arq-2072,,,dest-expansao-curadoria,destino_editorial_expansao,alocar_em_lote_expansao,"Recurso preservado no acervo físico para detalhamento e curadoria na expansão curricular.",legenda_indexada,evid-fonte-aula-mod-10-5,""
aula-mod-10-6,arq-2074,,,dest-expansao-curadoria,destino_editorial_expansao,alocar_em_lote_expansao,"Recurso preservado no acervo físico para detalhamento e curadoria na expansão curricular.",legenda_indexada,evid-fonte-aula-mod-10-6,""
aula-mod-10-7,arq-2076,,,dest-expansao-curadoria,destino_editorial_expansao,alocar_em_lote_expansao,"Recurso preservado no acervo físico para detalhamento e curadoria na expansão curricular.",legenda_indexada,evid-fonte-aula-mod-10-7,""
aula-mod-10-8,arq-2078,,,dest-expansao-curadoria,destino_editorial_expansao,alocar_em_lote_expansao,"Recurso preservado no acervo físico para detalhamento e curadoria na expansão curricular.",legenda_indexada,evid-fonte-aula-mod-10-8,""
aula-mod-10-9,arq-2080,,,dest-expansao-curadoria,destino_editorial_expansao,alocar_em_lote_expansao,"Recurso preservado no acervo físico para detalhamento e curadoria na expansão curricular.",legenda_indexada,evid-fonte-aula-mod-10-9,""
aula-mod-10-10,arq-2082,,,dest-expansao-curadoria,destino_editorial_expansao,alocar_em_lote_expansao,"Recurso preservado no acervo físico para detalhamento e curadoria na expansão curricular.",legenda_indexada,evid-fonte-aula-mod-10-10,""
aula-mod-10-11,arq-2084,,,dest-expansao-curadoria,destino_editorial_expansao,alocar_em_lote_expansao,"Recurso preservado no acervo físico para detalhamento e curadoria na expansão curricular.",legenda_indexada,evid-fonte-aula-mod-10-11,""
aula-kaiser-267-1-as-notas-musicais,arq-0961,,,dest-expansao-curadoria,destino_editorial_expansao,alocar_em_lote_expansao,"Recurso preservado no acervo físico para detalhamento e curadoria na expansão curricular.",metadados_catalogo,evid-fonte-aula-kaiser-267-1-as-notas-musicais,""
aula-kaiser-268-10-shape-3,arq-0963,,,dest-expansao-curadoria,destino_editorial_expansao,alocar_em_lote_expansao,"Recurso preservado no acervo físico para detalhamento e curadoria na expansão curricular.",metadados_catalogo,evid-fonte-aula-kaiser-268-10-shape-3,""
aula-kaiser-269-11-shape-4,arq-0967,,,dest-expansao-curadoria,destino_editorial_expansao,alocar_em_lote_expansao,"Recurso preservado no acervo físico para detalhamento e curadoria na expansão curricular.",legenda_indexada,evid-fonte-aula-kaiser-269-11-shape-4,""
aula-kaiser-270-12-shape-5,arq-0971,,,dest-expansao-curadoria,destino_editorial_expansao,alocar_em_lote_expansao,"Recurso preservado no acervo físico para detalhamento e curadoria na expansão curricular.",legenda_indexada,evid-fonte-aula-kaiser-270-12-shape-5,""
aula-kaiser-271-13-escala-com-cordas-soltas,arq-0977,,,dest-expansao-curadoria,destino_editorial_expansao,alocar_em_lote_expansao,"Recurso preservado no acervo físico para detalhamento e curadoria na expansão curricular.",legenda_indexada,evid-fonte-aula-kaiser-271-13-escala-com-cordas-soltas,""
aula-kaiser-272-14-consideracoes-finais-sobre-os-shapes,arq-0981,,,dest-expansao-curadoria,destino_editorial_expansao,alocar_em_lote_expansao,"Recurso preservado no acervo físico para detalhamento e curadoria na expansão curricular.",legenda_indexada,evid-fonte-aula-kaiser-272-14-consideracoes-finais-sobre-os-shapes,""
aula-kaiser-273-15-pra-que-servem-as-escalas-e-os-shapes,arq-0983,,,dest-expansao-curadoria,destino_editorial_expansao,alocar_em_lote_expansao,"Recurso preservado no acervo físico para detalhamento e curadoria na expansão curricular.",metadados_catalogo,evid-fonte-aula-kaiser-273-15-pra-que-servem-as-escalas-e-os-shapes,""
aula-kaiser-274-16-como-transpor-o-tom-de-uma-musica,arq-0985,,,dest-expansao-curadoria,destino_editorial_expansao,alocar_em_lote_expansao,"Recurso preservado no acervo físico para detalhamento e curadoria na expansão curricular.",metadados_catalogo,evid-fonte-aula-kaiser-274-16-como-transpor-o-tom-de-uma-musica,""
aula-kaiser-275-17-truque-de-mestre-pra-contar-intervalo,arq-0988,,,dest-expansao-curadoria,destino_editorial_expansao,alocar_em_lote_expansao,"Recurso preservado no acervo físico para detalhamento e curadoria na expansão curricular.",metadados_catalogo,evid-fonte-aula-kaiser-275-17-truque-de-mestre-pra-contar-intervalo,""
aula-kaiser-276-18-o-ciclo-das-quintas-e-das-quartas,arq-0991,,,dest-expansao-curadoria,destino_editorial_expansao,alocar_em_lote_expansao,"Recurso preservado no acervo físico para detalhamento e curadoria na expansão curricular.",metadados_catalogo,evid-fonte-aula-kaiser-276-18-o-ciclo-das-quintas-e-das-quartas,""
aula-kaiser-277-19-intervalos-justos-ou-maiores,arq-0994,,,dest-expansao-curadoria,destino_editorial_expansao,alocar_em_lote_expansao,"Recurso preservado no acervo físico para detalhamento e curadoria na expansão curricular.",metadados_catalogo,evid-fonte-aula-kaiser-277-19-intervalos-justos-ou-maiores,""
aula-kaiser-278-2-intervalos,arq-0998,,,dest-expansao-curadoria,destino_editorial_expansao,alocar_em_lote_expansao,"Recurso preservado no acervo físico para detalhamento e curadoria na expansão curricular.",metadados_catalogo,evid-fonte-aula-kaiser-278-2-intervalos,""
aula-kaiser-279-20-como-construir-qualquer-acorde,arq-1003,,,dest-expansao-curadoria,destino_editorial_expansao,alocar_em_lote_expansao,"Recurso preservado no acervo físico para detalhamento e curadoria na expansão curricular.",legenda_indexada,evid-fonte-aula-kaiser-279-20-como-construir-qualquer-acorde,""
aula-kaiser-280-21-escalas-pentatonicas,arq-1010,,,dest-expansao-curadoria,destino_editorial_expansao,alocar_em_lote_expansao,"Recurso preservado no acervo físico para detalhamento e curadoria na expansão curricular.",legenda_indexada,evid-fonte-aula-kaiser-280-21-escalas-pentatonicas,""
aula-kaiser-281-22-entenda-as-inversoes-de-acordes,arq-1014,,,dest-expansao-curadoria,destino_editorial_expansao,alocar_em_lote_expansao,"Recurso preservado no acervo físico para detalhamento e curadoria na expansão curricular.",legenda_indexada,evid-fonte-aula-kaiser-281-22-entenda-as-inversoes-de-acordes,""
aula-kaiser-282-23-inversoes-7m,arq-1021,,,dest-expansao-curadoria,destino_editorial_expansao,alocar_em_lote_expansao,"Recurso preservado no acervo físico para detalhamento e curadoria na expansão curricular.",legenda_indexada,evid-fonte-aula-kaiser-282-23-inversoes-7m,""
aula-kaiser-283-24-inversoes-7,arq-1028,,,dest-expansao-curadoria,destino_editorial_expansao,alocar_em_lote_expansao,"Recurso preservado no acervo físico para detalhamento e curadoria na expansão curricular.",legenda_indexada,evid-fonte-aula-kaiser-283-24-inversoes-7,""
aula-kaiser-284-25-inversoes-m7,arq-1034,,,dest-expansao-curadoria,destino_editorial_expansao,alocar_em_lote_expansao,"Recurso preservado no acervo físico para detalhamento e curadoria na expansão curricular.",legenda_indexada,evid-fonte-aula-kaiser-284-25-inversoes-m7,""
aula-kaiser-285-26-inversoes-em-diminutos,arq-1038,,,dest-expansao-curadoria,destino_editorial_expansao,alocar_em_lote_expansao,"Recurso preservado no acervo físico para detalhamento e curadoria na expansão curricular.",legenda_indexada,evid-fonte-aula-kaiser-285-26-inversoes-em-diminutos,""
aula-kaiser-286-27-arpejos-em-7m-7-e-m7,arq-1042,,,dest-expansao-curadoria,destino_editorial_expansao,alocar_em_lote_expansao,"Recurso preservado no acervo físico para detalhamento e curadoria na expansão curricular.",metadados_catalogo,evid-fonte-aula-kaiser-286-27-arpejos-em-7m-7-e-m7,""
aula-kaiser-287-28-arpejos-diminutos,arq-1048,,,dest-expansao-curadoria,destino_editorial_expansao,alocar_em_lote_expansao,"Recurso preservado no acervo físico para detalhamento e curadoria na expansão curricular.",legenda_indexada,evid-fonte-aula-kaiser-287-28-arpejos-diminutos,""
aula-kaiser-288-29-informacao-importante-antes-de-seguir,arq-1049,,,dest-expansao-curadoria,destino_editorial_expansao,alocar_em_lote_expansao,"Recurso preservado no acervo físico para detalhamento e curadoria na expansão curricular.",metadados_catalogo,evid-fonte-aula-kaiser-288-29-informacao-importante-antes-de-seguir,"apenas_documentacao_sem_midia; sem_link_remoto"
aula-kaiser-289-3-a-escala-maior-e-a-menor-natural,arq-1051,,,dest-expansao-curadoria,destino_editorial_expansao,alocar_em_lote_expansao,"Recurso preservado no acervo físico para detalhamento e curadoria na expansão curricular.",metadados_catalogo,evid-fonte-aula-kaiser-289-3-a-escala-maior-e-a-menor-natural,""
aula-kaiser-290-30-escala-de-blues,arq-1055,,,dest-expansao-curadoria,destino_editorial_expansao,alocar_em_lote_expansao,"Recurso preservado no acervo físico para detalhamento e curadoria na expansão curricular.",metadados_catalogo,evid-fonte-aula-kaiser-290-30-escala-de-blues,""
aula-kaiser-291-31-campo-harmonico-da-escala-menor-harmo,arq-1059,,,dest-expansao-curadoria,destino_editorial_expansao,alocar_em_lote_expansao,"Recurso preservado no acervo físico para detalhamento e curadoria na expansão curricular.",legenda_indexada,evid-fonte-aula-kaiser-291-31-campo-harmonico-da-escala-menor-harmo,""
aula-kaiser-292-32-shapes-da-escala-menor-harmonica,arq-1063,,,dest-expansao-curadoria,destino_editorial_expansao,alocar_em_lote_expansao,"Recurso preservado no acervo físico para detalhamento e curadoria na expansão curricular.",metadados_catalogo,evid-fonte-aula-kaiser-292-32-shapes-da-escala-menor-harmonica,""
aula-kaiser-293-33-campo-harmonico-da-escala-menor-melod,arq-1065,,,dest-expansao-curadoria,destino_editorial_expansao,alocar_em_lote_expansao,"Recurso preservado no acervo físico para detalhamento e curadoria na expansão curricular.",metadados_catalogo,evid-fonte-aula-kaiser-293-33-campo-harmonico-da-escala-menor-melod,""
aula-kaiser-294-34-shapes-da-escala-menor-melodica,arq-1069,,,dest-expansao-curadoria,destino_editorial_expansao,alocar_em_lote_expansao,"Recurso preservado no acervo físico para detalhamento e curadoria na expansão curricular.",metadados_catalogo,evid-fonte-aula-kaiser-294-34-shapes-da-escala-menor-melodica,""
aula-kaiser-295-35-escala-diminuta,arq-1076,,,dest-expansao-curadoria,destino_editorial_expansao,alocar_em_lote_expansao,"Recurso preservado no acervo físico para detalhamento e curadoria na expansão curricular.",legenda_indexada,evid-fonte-aula-kaiser-295-35-escala-diminuta,""
aula-kaiser-296-4-campo-harmonico-da-escala-maior,arq-1078,,,dest-expansao-curadoria,destino_editorial_expansao,alocar_em_lote_expansao,"Recurso preservado no acervo físico para detalhamento e curadoria na expansão curricular.",metadados_catalogo,evid-fonte-aula-kaiser-296-4-campo-harmonico-da-escala-maior,""
aula-kaiser-297-5-como-localizar-as-notas-no-violao,arq-1083,,,dest-expansao-curadoria,destino_editorial_expansao,alocar_em_lote_expansao,"Recurso preservado no acervo físico para detalhamento e curadoria na expansão curricular.",metadados_catalogo,evid-fonte-aula-kaiser-297-5-como-localizar-as-notas-no-violao,""
aula-kaiser-298-6-como-aplicar-os-conhecimentos-da-teori,arq-1085,,,dest-expansao-curadoria,destino_editorial_expansao,alocar_em_lote_expansao,"Recurso preservado no acervo físico para detalhamento e curadoria na expansão curricular.",metadados_catalogo,evid-fonte-aula-kaiser-298-6-como-aplicar-os-conhecimentos-da-teori,""
aula-kaiser-299-7-a-escala-maior-no-violao,arq-1091,,,dest-expansao-curadoria,destino_editorial_expansao,alocar_em_lote_expansao,"Recurso preservado no acervo físico para detalhamento e curadoria na expansão curricular.",legenda_indexada,evid-fonte-aula-kaiser-299-7-a-escala-maior-no-violao,""
aula-kaiser-300-8-shape-1,arq-1093,,,dest-expansao-curadoria,destino_editorial_expansao,alocar_em_lote_expansao,"Recurso preservado no acervo físico para detalhamento e curadoria na expansão curricular.",metadados_catalogo,evid-fonte-aula-kaiser-300-8-shape-1,""
aula-kaiser-301-9-shape-2,arq-1099,,,dest-expansao-curadoria,destino_editorial_expansao,alocar_em_lote_expansao,"Recurso preservado no acervo físico para detalhamento e curadoria na expansão curricular.",legenda_indexada,evid-fonte-aula-kaiser-301-9-shape-2,""
aula-kaiser-302-1-harmonia-funcional-aula-1,arq-1102,,,dest-expansao-curadoria,destino_editorial_expansao,alocar_em_lote_expansao,"Recurso preservado no acervo físico para detalhamento e curadoria na expansão curricular.",metadados_catalogo,evid-fonte-aula-kaiser-302-1-harmonia-funcional-aula-1,""
aula-kaiser-303-2-harmonia-funcional-aula-2-dominantes-e,arq-1104,,,dest-expansao-curadoria,destino_editorial_expansao,alocar_em_lote_expansao,"Recurso preservado no acervo físico para detalhamento e curadoria na expansão curricular.",metadados_catalogo,evid-fonte-aula-kaiser-303-2-harmonia-funcional-aula-2-dominantes-e,""
aula-kaiser-304-3-harmonia-funcional-aula-3-diminutos,arq-1107,,,dest-expansao-curadoria,destino_editorial_expansao,alocar_em_lote_expansao,"Recurso preservado no acervo físico para detalhamento e curadoria na expansão curricular.",metadados_catalogo,evid-fonte-aula-kaiser-304-3-harmonia-funcional-aula-3-diminutos,""
aula-kaiser-306-5-exercicio-de-cadencias-harmonicas,arq-1114,,,dest-expansao-curadoria,destino_editorial_expansao,alocar_em_lote_expansao,"Recurso preservado no acervo físico para detalhamento e curadoria na expansão curricular.",metadados_catalogo,evid-fonte-aula-kaiser-306-5-exercicio-de-cadencias-harmonicas,""
aula-kaiser-307-6-analise-harmonica-trem-das-onze,arq-1116,,,dest-expansao-curadoria,destino_editorial_expansao,alocar_em_lote_expansao,"Recurso preservado no acervo físico para detalhamento e curadoria na expansão curricular.",metadados_catalogo,evid-fonte-aula-kaiser-307-6-analise-harmonica-trem-das-onze,""
aula-kaiser-308-7-analise-harmonica-chega-de-saudade,arq-1122,,,dest-expansao-curadoria,destino_editorial_expansao,alocar_em_lote_expansao,"Recurso preservado no acervo físico para detalhamento e curadoria na expansão curricular.",legenda_indexada,evid-fonte-aula-kaiser-308-7-analise-harmonica-chega-de-saudade,""
aula-kaiser-309-1-modos-gregos-teoria,arq-1124,,,dest-expansao-curadoria,destino_editorial_expansao,alocar_em_lote_expansao,"Recurso preservado no acervo físico para detalhamento e curadoria na expansão curricular.",metadados_catalogo,evid-fonte-aula-kaiser-309-1-modos-gregos-teoria,""
aula-kaiser-310-2-modos-gregos-aula-pratica-1,arq-1127,,,dest-expansao-curadoria,destino_editorial_expansao,alocar_em_lote_expansao,"Recurso preservado no acervo físico para detalhamento e curadoria na expansão curricular.",metadados_catalogo,evid-fonte-aula-kaiser-310-2-modos-gregos-aula-pratica-1,""
aula-kaiser-311-3-modos-gregos-aula-pratica-2,arq-1131,,,dest-expansao-curadoria,destino_editorial_expansao,alocar_em_lote_expansao,"Recurso preservado no acervo físico para detalhamento e curadoria na expansão curricular.",metadados_catalogo,evid-fonte-aula-kaiser-311-3-modos-gregos-aula-pratica-2,""
aula-kaiser-312-4-modos-gregos-aula-pratica-3,arq-1135,,,dest-expansao-curadoria,destino_editorial_expansao,alocar_em_lote_expansao,"Recurso preservado no acervo físico para detalhamento e curadoria na expansão curricular.",metadados_catalogo,evid-fonte-aula-kaiser-312-4-modos-gregos-aula-pratica-3,""
aula-kaiser-313-1-construcao-avancada-de-acordes,arq-1137,,,dest-expansao-curadoria,destino_editorial_expansao,alocar_em_lote_expansao,"Recurso preservado no acervo físico para detalhamento e curadoria na expansão curricular.",metadados_catalogo,evid-fonte-aula-kaiser-313-1-construcao-avancada-de-acordes,""
aula-kaiser-314-2-acordes-de-emprestimo-modal,arq-1141,,,dest-expansao-curadoria,destino_editorial_expansao,alocar_em_lote_expansao,"Recurso preservado no acervo físico para detalhamento e curadoria na expansão curricular.",metadados_catalogo,evid-fonte-aula-kaiser-314-2-acordes-de-emprestimo-modal,""
aula-kaiser-315-3-rearmonizacao-e-chord-melody,arq-1143,,,dest-expansao-curadoria,destino_editorial_expansao,alocar_em_lote_expansao,"Recurso preservado no acervo físico para detalhamento e curadoria na expansão curricular.",metadados_catalogo,evid-fonte-aula-kaiser-315-3-rearmonizacao-e-chord-melody,""
aula-mod-7-8,arq-1923,,,dest-expansao-curadoria,destino_editorial_expansao,alocar_em_lote_expansao,"Recurso preservado no acervo físico para detalhamento e curadoria na expansão curricular.",legenda_indexada,evid-fonte-aula-mod-7-8,""
aula-mod-7-10,,,,dest-aguardando-backup,destino_editorial_aguardando,aguardar_auditoria_remota,"Entrada sem arquivos no backup local; requer verificação remota no Google Drive.",nao_inspecionado,evid-fonte-aula-mod-7-10,"sem_arquivos_locais; sem_link_remoto"
aula-mod-7-11,,,,dest-aguardando-backup,destino_editorial_aguardando,aguardar_auditoria_remota,"Entrada sem arquivos no backup local; requer verificação remota no Google Drive.",nao_inspecionado,evid-fonte-aula-mod-7-11,"sem_arquivos_locais; sem_link_remoto"
aula-mod-7-4,,,,dest-aguardando-backup,destino_editorial_aguardando,aguardar_auditoria_remota,"Entrada sem arquivos no backup local; requer verificação remota no Google Drive.",nao_inspecionado,evid-fonte-aula-mod-7-4,"sem_arquivos_locais"
aula-mod-7-13,,,,dest-aguardando-backup,destino_editorial_aguardando,aguardar_auditoria_remota,"Entrada sem arquivos no backup local; requer verificação remota no Google Drive.",nao_inspecionado,evid-fonte-aula-mod-7-13,"sem_arquivos_locais; sem_link_remoto"
aula-mod-7-14,,,,dest-aguardando-backup,destino_editorial_aguardando,aguardar_auditoria_remota,"Entrada sem arquivos no backup local; requer verificação remota no Google Drive.",nao_inspecionado,evid-fonte-aula-mod-7-14,"sem_arquivos_locais; sem_link_remoto"
aula-mod-7-15,,,,dest-aguardando-backup,destino_editorial_aguardando,aguardar_auditoria_remota,"Entrada sem arquivos no backup local; requer verificação remota no Google Drive.",nao_inspecionado,evid-fonte-aula-mod-7-15,"sem_arquivos_locais; sem_link_remoto"
aula-mod-7-16,,,,dest-aguardando-backup,destino_editorial_aguardando,aguardar_auditoria_remota,"Entrada sem arquivos no backup local; requer verificação remota no Google Drive.",nao_inspecionado,evid-fonte-aula-mod-7-16,"sem_arquivos_locais; sem_link_remoto"
aula-mod-7-18,arq-1930,,,dest-expansao-curadoria,destino_editorial_expansao,alocar_em_lote_expansao,"Recurso preservado no acervo físico para detalhamento e curadoria na expansão curricular.",legenda_indexada,evid-fonte-aula-mod-7-18,""
aula-mod-7-19,arq-1978,,,dest-expansao-curadoria,destino_editorial_expansao,alocar_em_lote_expansao,"Recurso preservado no acervo físico para detalhamento e curadoria na expansão curricular.",legenda_indexada,evid-fonte-aula-mod-7-19,""
aula-mod-7-5,,,,dest-aguardando-backup,destino_editorial_aguardando,aguardar_auditoria_remota,"Entrada sem arquivos no backup local; requer verificação remota no Google Drive.",nao_inspecionado,evid-fonte-aula-mod-7-5,"sem_arquivos_locais"
aula-mod-8-12,,,,dest-aguardando-backup,destino_editorial_aguardando,aguardar_auditoria_remota,"Entrada sem arquivos no backup local; requer verificação remota no Google Drive.",nao_inspecionado,evid-fonte-aula-mod-8-12,"sem_arquivos_locais; sem_link_remoto"
aula-mod-8-2,,,,dest-aguardando-backup,destino_editorial_aguardando,aguardar_auditoria_remota,"Entrada sem arquivos no backup local; requer verificação remota no Google Drive.",nao_inspecionado,evid-fonte-aula-mod-8-2,"sem_arquivos_locais"
aula-mod-8-3,arq-1987,,,dest-expansao-curadoria,destino_editorial_expansao,alocar_em_lote_expansao,"Recurso preservado no acervo físico para detalhamento e curadoria na expansão curricular.",legenda_indexada,evid-fonte-aula-mod-8-3,""
aula-mod-8-14,arq-1998,,,dest-expansao-curadoria,destino_editorial_expansao,alocar_em_lote_expansao,"Recurso preservado no acervo físico para detalhamento e curadoria na expansão curricular.",legenda_indexada,evid-fonte-aula-mod-8-14,""
aula-mod-8-4,arq-1991,,,dest-expansao-curadoria,destino_editorial_expansao,alocar_em_lote_expansao,"Recurso preservado no acervo físico para detalhamento e curadoria na expansão curricular.",legenda_indexada,evid-fonte-aula-mod-8-4,""
aula-mod-8-17,arq-2005,,,dest-expansao-curadoria,destino_editorial_expansao,alocar_em_lote_expansao,"Recurso preservado no acervo físico para detalhamento e curadoria na expansão curricular.",legenda_indexada,evid-fonte-aula-mod-8-17,""
aula-mod-8-5,,,,dest-aguardando-backup,destino_editorial_aguardando,aguardar_auditoria_remota,"Entrada sem arquivos no backup local; requer verificação remota no Google Drive.",nao_inspecionado,evid-fonte-aula-mod-8-5,"sem_arquivos_locais"
aula-mod-8-6,,,,dest-aguardando-backup,destino_editorial_aguardando,aguardar_auditoria_remota,"Entrada sem arquivos no backup local; requer verificação remota no Google Drive.",nao_inspecionado,evid-fonte-aula-mod-8-6,"sem_arquivos_locais"
aula-mod-8-7,,,,dest-aguardando-backup,destino_editorial_aguardando,aguardar_auditoria_remota,"Entrada sem arquivos no backup local; requer verificação remota no Google Drive.",nao_inspecionado,evid-fonte-aula-mod-8-7,"sem_arquivos_locais"
aula-mod-8-8,arq-1993,,,dest-expansao-curadoria,destino_editorial_expansao,alocar_em_lote_expansao,"Recurso preservado no acervo físico para detalhamento e curadoria na expansão curricular.",legenda_indexada,evid-fonte-aula-mod-8-8,""
aula-mod-8-10,,,,dest-aguardando-backup,destino_editorial_aguardando,aguardar_auditoria_remota,"Entrada sem arquivos no backup local; requer verificação remota no Google Drive.",nao_inspecionado,evid-fonte-aula-mod-8-10,"sem_arquivos_locais"
aula-mod-8-11,,,,dest-aguardando-backup,destino_editorial_aguardando,aguardar_auditoria_remota,"Entrada sem arquivos no backup local; requer verificação remota no Google Drive.",nao_inspecionado,evid-fonte-aula-mod-8-11,"sem_arquivos_locais"
aula-mod-9-4,arq-2025,,,dest-expansao-curadoria,destino_editorial_expansao,alocar_em_lote_expansao,"Recurso preservado no acervo físico para detalhamento e curadoria na expansão curricular.",legenda_indexada,evid-fonte-aula-mod-9-4,""
aula-kaiser-23-1-comece-pelo-simples,arq-0094,,,dest-expansao-curadoria,destino_editorial_expansao,alocar_em_lote_expansao,"Recurso preservado no acervo físico para detalhamento e curadoria na expansão curricular.",metadados_catalogo,evid-fonte-aula-kaiser-23-1-comece-pelo-simples,""
aula-kaiser-24-10-exercicio-para-ter-dominio-harmonico,arq-0096,,,dest-expansao-curadoria,destino_editorial_expansao,alocar_em_lote_expansao,"Recurso preservado no acervo físico para detalhamento e curadoria na expansão curricular.",metadados_catalogo,evid-fonte-aula-kaiser-24-10-exercicio-para-ter-dominio-harmonico,""
aula-kaiser-25-2-engenharia-reversa-da-musica,arq-0098,,,dest-expansao-curadoria,destino_editorial_expansao,alocar_em_lote_expansao,"Recurso preservado no acervo físico para detalhamento e curadoria na expansão curricular.",metadados_catalogo,evid-fonte-aula-kaiser-25-2-engenharia-reversa-da-musica,""
aula-kaiser-26-3-resolvendo-problemas-de-digitacao,arq-0101,,,dest-expansao-curadoria,destino_editorial_expansao,alocar_em_lote_expansao,"Recurso preservado no acervo físico para detalhamento e curadoria na expansão curricular.",metadados_catalogo,evid-fonte-aula-kaiser-26-3-resolvendo-problemas-de-digitacao,""
aula-kaiser-27-4-os-principios-basicos-para-se-fazer-ar,arq-0104,,,dest-expansao-curadoria,destino_editorial_expansao,alocar_em_lote_expansao,"Recurso preservado no acervo físico para detalhamento e curadoria na expansão curricular.",metadados_catalogo,evid-fonte-aula-kaiser-27-4-os-principios-basicos-para-se-fazer-ar,""
aula-kaiser-28-5-aprenda-a-fazer-arranjos-fingerstyle-e,arq-0108,,,dest-expansao-curadoria,destino_editorial_expansao,alocar_em_lote_expansao,"Recurso preservado no acervo físico para detalhamento e curadoria na expansão curricular.",legenda_indexada,evid-fonte-aula-kaiser-28-5-aprenda-a-fazer-arranjos-fingerstyle-e,""
aula-kaiser-29-6-preenchimento-ritmico-nos-arranjos,arq-0114,,,dest-expansao-curadoria,destino_editorial_expansao,alocar_em_lote_expansao,"Recurso preservado no acervo físico para detalhamento e curadoria na expansão curricular.",legenda_indexada,evid-fonte-aula-kaiser-29-6-preenchimento-ritmico-nos-arranjos,"contem_arquivos_part"
aula-kaiser-30-7-entortando-uma-musica,arq-0118,,,dest-expansao-curadoria,destino_editorial_expansao,alocar_em_lote_expansao,"Recurso preservado no acervo físico para detalhamento e curadoria na expansão curricular.",metadados_catalogo,evid-fonte-aula-kaiser-30-7-entortando-uma-musica,""
aula-kaiser-31-8-como-criar-uma-introducao-de-uma-music,arq-0120,,,dest-expansao-curadoria,destino_editorial_expansao,alocar_em_lote_expansao,"Recurso preservado no acervo físico para detalhamento e curadoria na expansão curricular.",metadados_catalogo,evid-fonte-aula-kaiser-31-8-como-criar-uma-introducao-de-uma-music,""
aula-kaiser-32-9-inversoes-e-aberturas-de-acordes-avanc,arq-0122,,,dest-expansao-curadoria,destino_editorial_expansao,alocar_em_lote_expansao,"Recurso preservado no acervo físico para detalhamento e curadoria na expansão curricular.",metadados_catalogo,evid-fonte-aula-kaiser-32-9-inversoes-e-aberturas-de-acordes-avanc,""
aula-kaiser-167-1-samba-da-bencao-baden-powell,arq-0560,,,dest-expansao-curadoria,destino_editorial_expansao,alocar_em_lote_expansao,"Recurso preservado no acervo físico para detalhamento e curadoria na expansão curricular.",legenda_indexada,evid-fonte-aula-kaiser-167-1-samba-da-bencao-baden-powell,""
aula-kaiser-168-10-rocky-um-lutador-tema-do-filme-6a-cor,arq-0568,,,dest-expansao-curadoria,destino_editorial_expansao,alocar_em_lote_expansao,"Recurso preservado no acervo físico para detalhamento e curadoria na expansão curricular.",legenda_indexada,evid-fonte-aula-kaiser-168-10-rocky-um-lutador-tema-do-filme-6a-cor,""
aula-kaiser-169-11-swing-slow-blues-robson-miguel,arq-0574,,,dest-expansao-curadoria,destino_editorial_expansao,alocar_em_lote_expansao,"Recurso preservado no acervo físico para detalhamento e curadoria na expansão curricular.",legenda_indexada,evid-fonte-aula-kaiser-169-11-swing-slow-blues-robson-miguel,""
aula-kaiser-170-12-noturno-marangoni-choro,arq-0579,,,dest-expansao-curadoria,destino_editorial_expansao,alocar_em_lote_expansao,"Recurso preservado no acervo físico para detalhamento e curadoria na expansão curricular.",legenda_indexada,evid-fonte-aula-kaiser-170-12-noturno-marangoni-choro,""
aula-kaiser-171-13-fly-me-to-the-moon-jazz-arranjo-de-ro,arq-0585,,,dest-expansao-curadoria,destino_editorial_expansao,alocar_em_lote_expansao,"Recurso preservado no acervo físico para detalhamento e curadoria na expansão curricular.",legenda_indexada,evid-fonte-aula-kaiser-171-13-fly-me-to-the-moon-jazz-arranjo-de-ro,""
aula-kaiser-173-15-caixa-de-fosforo-othon-da-rocha-filho,arq-0592,,,dest-expansao-curadoria,destino_editorial_expansao,alocar_em_lote_expansao,"Recurso preservado no acervo físico para detalhamento e curadoria na expansão curricular.",legenda_indexada,evid-fonte-aula-kaiser-173-15-caixa-de-fosforo-othon-da-rocha-filho,""
aula-kaiser-174-16-estudo-de-duas-vozes-matteo-carcassi-,arq-0594,,,dest-expansao-curadoria,destino_editorial_expansao,alocar_em_lote_expansao,"Recurso preservado no acervo físico para detalhamento e curadoria na expansão curricular.",metadados_catalogo,evid-fonte-aula-kaiser-174-16-estudo-de-duas-vozes-matteo-carcassi-,""
aula-kaiser-175-17-adagio-concerto-de-aranjuez,arq-0598,,,dest-expansao-curadoria,destino_editorial_expansao,alocar_em_lote_expansao,"Recurso preservado no acervo físico para detalhamento e curadoria na expansão curricular.",metadados_catalogo,evid-fonte-aula-kaiser-175-17-adagio-concerto-de-aranjuez,""
aula-kaiser-176-18-eu-sei-que-vou-te-amar-tom-jobim,arq-0602,,,dest-expansao-curadoria,destino_editorial_expansao,alocar_em_lote_expansao,"Recurso preservado no acervo físico para detalhamento e curadoria na expansão curricular.",legenda_indexada,evid-fonte-aula-kaiser-176-18-eu-sei-que-vou-te-amar-tom-jobim,""
aula-kaiser-177-19-bourree-j-s-bach-violao-classico,arq-0609,,,dest-expansao-curadoria,destino_editorial_expansao,alocar_em_lote_expansao,"Recurso preservado no acervo físico para detalhamento e curadoria na expansão curricular.",legenda_indexada,evid-fonte-aula-kaiser-177-19-bourree-j-s-bach-violao-classico,""
aula-kaiser-178-2-estudo-para-mao-direita-leo-brouwer-es,arq-0611,,,dest-expansao-curadoria,destino_editorial_expansao,alocar_em_lote_expansao,"Recurso preservado no acervo físico para detalhamento e curadoria na expansão curricular.",metadados_catalogo,evid-fonte-aula-kaiser-178-2-estudo-para-mao-direita-leo-brouwer-es,""
aula-kaiser-179-20-canto-de-ossanha-baden-powell-samba,arq-0616,,,dest-expansao-curadoria,destino_editorial_expansao,alocar_em_lote_expansao,"Recurso preservado no acervo físico para detalhamento e curadoria na expansão curricular.",legenda_indexada,evid-fonte-aula-kaiser-179-20-canto-de-ossanha-baden-powell-samba,""
aula-kaiser-180-21-samba-de-uma-nota-so-tom-jobim,arq-0618,,,dest-expansao-curadoria,destino_editorial_expansao,alocar_em_lote_expansao,"Recurso preservado no acervo físico para detalhamento e curadoria na expansão curricular.",metadados_catalogo,evid-fonte-aula-kaiser-180-21-samba-de-uma-nota-so-tom-jobim,""
aula-kaiser-181-22-gente-humilde-garoto-mpb,arq-0622,,,dest-expansao-curadoria,destino_editorial_expansao,alocar_em_lote_expansao,"Recurso preservado no acervo físico para detalhamento e curadoria na expansão curricular.",legenda_indexada,evid-fonte-aula-kaiser-181-22-gente-humilde-garoto-mpb,""
aula-kaiser-182-23-aquarela-toquinho,arq-0625,,,dest-expansao-curadoria,destino_editorial_expansao,alocar_em_lote_expansao,"Recurso preservado no acervo físico para detalhamento e curadoria na expansão curricular.",metadados_catalogo,evid-fonte-aula-kaiser-182-23-aquarela-toquinho,""
aula-kaiser-183-24-exercicio-de-tremolo-dedilhado-avanca,arq-0629,,,dest-expansao-curadoria,destino_editorial_expansao,alocar_em_lote_expansao,"Recurso preservado no acervo físico para detalhamento e curadoria na expansão curricular.",legenda_indexada,evid-fonte-aula-kaiser-183-24-exercicio-de-tremolo-dedilhado-avanca,""
aula-kaiser-184-25-romance-de-amor-com-tecnica-tremolo,arq-0631,,,dest-expansao-curadoria,destino_editorial_expansao,alocar_em_lote_expansao,"Recurso preservado no acervo físico para detalhamento e curadoria na expansão curricular.",metadados_catalogo,evid-fonte-aula-kaiser-184-25-romance-de-amor-com-tecnica-tremolo,""
aula-kaiser-185-26-uma-valsa-e-dois-amores-dilermando-re,arq-0634,,,dest-expansao-curadoria,destino_editorial_expansao,alocar_em_lote_expansao,"Recurso preservado no acervo físico para detalhamento e curadoria na expansão curricular.",metadados_catalogo,evid-fonte-aula-kaiser-185-26-uma-valsa-e-dois-amores-dilermando-re,""
aula-kaiser-186-27-se-ela-perguntar-dilermando-reis,arq-0639,,,dest-expansao-curadoria,destino_editorial_expansao,alocar_em_lote_expansao,"Recurso preservado no acervo físico para detalhamento e curadoria na expansão curricular.",legenda_indexada,evid-fonte-aula-kaiser-186-27-se-ela-perguntar-dilermando-reis,""
aula-kaiser-187-28-abismo-de-rosas-americo-jacobino-canh,arq-0643,,,dest-expansao-curadoria,destino_editorial_expansao,alocar_em_lote_expansao,"Recurso preservado no acervo físico para detalhamento e curadoria na expansão curricular.",legenda_indexada,evid-fonte-aula-kaiser-187-28-abismo-de-rosas-americo-jacobino-canh,""
aula-kaiser-188-29-joao-e-maria-chico-buarque,arq-0646,,,dest-expansao-curadoria,destino_editorial_expansao,alocar_em_lote_expansao,"Recurso preservado no acervo físico para detalhamento e curadoria na expansão curricular.",metadados_catalogo,evid-fonte-aula-kaiser-188-29-joao-e-maria-chico-buarque,""
aula-kaiser-189-3-pantera-cor-de-rosa-fingerstyle,arq-0649,,,dest-expansao-curadoria,destino_editorial_expansao,alocar_em_lote_expansao,"Recurso preservado no acervo físico para detalhamento e curadoria na expansão curricular.",metadados_catalogo,evid-fonte-aula-kaiser-189-3-pantera-cor-de-rosa-fingerstyle,""
aula-kaiser-190-30-tristeza-do-jeca-musica-caipira,arq-0652,,,dest-expansao-curadoria,destino_editorial_expansao,alocar_em_lote_expansao,"Recurso preservado no acervo físico para detalhamento e curadoria na expansão curricular.",metadados_catalogo,evid-fonte-aula-kaiser-190-30-tristeza-do-jeca-musica-caipira,""
aula-kaiser-191-31-tristeza-samba,arq-0655,,,dest-expansao-curadoria,destino_editorial_expansao,alocar_em_lote_expansao,"Recurso preservado no acervo físico para detalhamento e curadoria na expansão curricular.",metadados_catalogo,evid-fonte-aula-kaiser-191-31-tristeza-samba,""
aula-kaiser-192-32-the-doctor-blues-marcos-kaiser-finger,arq-0658,,,dest-expansao-curadoria,destino_editorial_expansao,alocar_em_lote_expansao,"Recurso preservado no acervo físico para detalhamento e curadoria na expansão curricular.",metadados_catalogo,evid-fonte-aula-kaiser-192-32-the-doctor-blues-marcos-kaiser-finger,""
aula-kaiser-193-33-rumbita-rumba-flamenca-de-robson-migu,arq-0663,,,dest-expansao-curadoria,destino_editorial_expansao,alocar_em_lote_expansao,"Recurso preservado no acervo físico para detalhamento e curadoria na expansão curricular.",legenda_indexada,evid-fonte-aula-kaiser-193-33-rumbita-rumba-flamenca-de-robson-migu,""
aula-kaiser-194-34-dragon-ball-gt-sorriso-resplandecente,arq-0671,,,dest-expansao-curadoria,destino_editorial_expansao,alocar_em_lote_expansao,"Recurso preservado no acervo físico para detalhamento e curadoria na expansão curricular.",legenda_indexada,evid-fonte-aula-kaiser-194-34-dragon-ball-gt-sorriso-resplandecente,""
aula-kaiser-195-35-canon-in-d-pachelbel-violao-classico,arq-0677,,,dest-expansao-curadoria,destino_editorial_expansao,alocar_em_lote_expansao,"Recurso preservado no acervo físico para detalhamento e curadoria na expansão curricular.",legenda_indexada,evid-fonte-aula-kaiser-195-35-canon-in-d-pachelbel-violao-classico,""
aula-kaiser-196-36-noite-de-lua-dilermando-reis,arq-0680,,,dest-expansao-curadoria,destino_editorial_expansao,alocar_em_lote_expansao,"Recurso preservado no acervo físico para detalhamento e curadoria na expansão curricular.",metadados_catalogo,evid-fonte-aula-kaiser-196-36-noite-de-lua-dilermando-reis,""
aula-kaiser-197-37-carinhoso-pixinguinha,arq-0684,,,dest-expansao-curadoria,destino_editorial_expansao,alocar_em_lote_expansao,"Recurso preservado no acervo físico para detalhamento e curadoria na expansão curricular.",legenda_indexada,evid-fonte-aula-kaiser-197-37-carinhoso-pixinguinha,""
aula-kaiser-198-38-o-trenzinho-do-caipira-villa-lobos,arq-0688,,,dest-expansao-curadoria,destino_editorial_expansao,alocar_em_lote_expansao,"Recurso preservado no acervo físico para detalhamento e curadoria na expansão curricular.",legenda_indexada,evid-fonte-aula-kaiser-198-38-o-trenzinho-do-caipira-villa-lobos,""
aula-kaiser-199-39-samba-do-aviao-tom-jobim,arq-0691,,,dest-expansao-curadoria,destino_editorial_expansao,alocar_em_lote_expansao,"Recurso preservado no acervo físico para detalhamento e curadoria na expansão curricular.",metadados_catalogo,evid-fonte-aula-kaiser-199-39-samba-do-aviao-tom-jobim,""
aula-kaiser-200-4-divagando-domingos-semenzato-choro,arq-0694,,,dest-expansao-curadoria,destino_editorial_expansao,alocar_em_lote_expansao,"Recurso preservado no acervo físico para detalhamento e curadoria na expansão curricular.",legenda_indexada,evid-fonte-aula-kaiser-200-4-divagando-domingos-semenzato-choro,""
aula-kaiser-201-40-malaguena-flamenco,arq-0697,,,dest-expansao-curadoria,destino_editorial_expansao,alocar_em_lote_expansao,"Recurso preservado no acervo físico para detalhamento e curadoria na expansão curricular.",metadados_catalogo,evid-fonte-aula-kaiser-201-40-malaguena-flamenco,""
aula-kaiser-202-41-zorro-flamenco,arq-0701,,,dest-expansao-curadoria,destino_editorial_expansao,alocar_em_lote_expansao,"Recurso preservado no acervo físico para detalhamento e curadoria na expansão curricular.",metadados_catalogo,evid-fonte-aula-kaiser-202-41-zorro-flamenco,""
aula-kaiser-203-42-samba-em-preludio-versao-baden-powell,arq-0706,,,dest-expansao-curadoria,destino_editorial_expansao,alocar_em_lote_expansao,"Recurso preservado no acervo físico para detalhamento e curadoria na expansão curricular.",legenda_indexada,evid-fonte-aula-kaiser-203-42-samba-em-preludio-versao-baden-powell,""
aula-kaiser-204-43-estudo-para-mao-direita-marcos-kaiser,arq-0709,,,dest-expansao-curadoria,destino_editorial_expansao,alocar_em_lote_expansao,"Recurso preservado no acervo físico para detalhamento e curadoria na expansão curricular.",metadados_catalogo,evid-fonte-aula-kaiser-204-43-estudo-para-mao-direita-marcos-kaiser,""
aula-kaiser-205-44-estudo-de-arpejos-marcos-kaiser,arq-0712,,,dest-expansao-curadoria,destino_editorial_expansao,alocar_em_lote_expansao,"Recurso preservado no acervo físico para detalhamento e curadoria na expansão curricular.",metadados_catalogo,evid-fonte-aula-kaiser-205-44-estudo-de-arpejos-marcos-kaiser,""
aula-kaiser-206-45-o-bebado-e-a-equilibrista-samba,arq-0715,,,dest-expansao-curadoria,destino_editorial_expansao,alocar_em_lote_expansao,"Recurso preservado no acervo físico para detalhamento e curadoria na expansão curricular.",metadados_catalogo,evid-fonte-aula-kaiser-206-45-o-bebado-e-a-equilibrista-samba,""
aula-kaiser-207-46-por-una-cabeza-tango,arq-0716,,,dest-expansao-curadoria,destino_editorial_expansao,alocar_em_lote_expansao,"Recurso preservado no acervo físico para detalhamento e curadoria na expansão curricular.",metadados_catalogo,evid-fonte-aula-kaiser-207-46-por-una-cabeza-tango,"apenas_documentacao_sem_midia; sem_link_remoto"
aula-kaiser-208-47-pedacinhos-do-ceu-choro,arq-0719,,,dest-expansao-curadoria,destino_editorial_expansao,alocar_em_lote_expansao,"Recurso preservado no acervo físico para detalhamento e curadoria na expansão curricular.",metadados_catalogo,evid-fonte-aula-kaiser-208-47-pedacinhos-do-ceu-choro,""
aula-kaiser-209-48-stairway-to-heaven-led-zepellin-finge,arq-0724,,,dest-expansao-curadoria,destino_editorial_expansao,alocar_em_lote_expansao,"Recurso preservado no acervo físico para detalhamento e curadoria na expansão curricular.",legenda_indexada,evid-fonte-aula-kaiser-209-48-stairway-to-heaven-led-zepellin-finge,""
aula-kaiser-210-49-deixa-samba-baden-powell,arq-0731,,,dest-expansao-curadoria,destino_editorial_expansao,alocar_em_lote_expansao,"Recurso preservado no acervo físico para detalhamento e curadoria na expansão curricular.",legenda_indexada,evid-fonte-aula-kaiser-210-49-deixa-samba-baden-powell,""
aula-kaiser-211-5-mortal-kombat-fingerstyle,arq-0737,,,dest-expansao-curadoria,destino_editorial_expansao,alocar_em_lote_expansao,"Recurso preservado no acervo físico para detalhamento e curadoria na expansão curricular.",legenda_indexada,evid-fonte-aula-kaiser-211-5-mortal-kombat-fingerstyle,""
aula-kaiser-212-6-aleluia-hallelujah-fingerstyle,arq-0740,,,dest-expansao-curadoria,destino_editorial_expansao,alocar_em_lote_expansao,"Recurso preservado no acervo físico para detalhamento e curadoria na expansão curricular.",metadados_catalogo,evid-fonte-aula-kaiser-212-6-aleluia-hallelujah-fingerstyle,""
aula-kaiser-213-7-the-sound-of-silence-fingerstyle,arq-0743,,,dest-expansao-curadoria,destino_editorial_expansao,alocar_em_lote_expansao,"Recurso preservado no acervo físico para detalhamento e curadoria na expansão curricular.",metadados_catalogo,evid-fonte-aula-kaiser-213-7-the-sound-of-silence-fingerstyle,""
aula-kaiser-214-8-estudo-n-1-carcassi-violao-classico,arq-0747,,,dest-expansao-curadoria,destino_editorial_expansao,alocar_em_lote_expansao,"Recurso preservado no acervo físico para detalhamento e curadoria na expansão curricular.",metadados_catalogo,evid-fonte-aula-kaiser-214-8-estudo-n-1-carcassi-violao-classico,""
aula-kaiser-215-9-gloria-gloria-aleluia,arq-0750,,,dest-expansao-curadoria,destino_editorial_expansao,alocar_em_lote_expansao,"Recurso preservado no acervo físico para detalhamento e curadoria na expansão curricular.",metadados_catalogo,evid-fonte-aula-kaiser-215-9-gloria-gloria-aleluia,""
aula-kaiser-216-1-preludio-em-do-bach,arq-0756,,,dest-expansao-curadoria,destino_editorial_expansao,alocar_em_lote_expansao,"Recurso preservado no acervo físico para detalhamento e curadoria na expansão curricular.",legenda_indexada,evid-fonte-aula-kaiser-216-1-preludio-em-do-bach,""
aula-kaiser-217-10-qui-nem-jilo-luiz-gonzaga,arq-0762,,,dest-expansao-curadoria,destino_editorial_expansao,alocar_em_lote_expansao,"Recurso preservado no acervo físico para detalhamento e curadoria na expansão curricular.",legenda_indexada,evid-fonte-aula-kaiser-217-10-qui-nem-jilo-luiz-gonzaga,""
aula-kaiser-218-11-aria-da-quarta-corda-bach-versao-paul,arq-0767,,,dest-expansao-curadoria,destino_editorial_expansao,alocar_em_lote_expansao,"Recurso preservado no acervo físico para detalhamento e curadoria na expansão curricular.",legenda_indexada,evid-fonte-aula-kaiser-218-11-aria-da-quarta-corda-bach-versao-paul,""
aula-kaiser-219-12-aquarela-do-brasil-ary-barroso,arq-0770,,,dest-expansao-curadoria,destino_editorial_expansao,alocar_em_lote_expansao,"Recurso preservado no acervo físico para detalhamento e curadoria na expansão curricular.",legenda_indexada,evid-fonte-aula-kaiser-219-12-aquarela-do-brasil-ary-barroso,""
aula-kaiser-220-13-as-rosas-nao-falam-choro,arq-0773,,,dest-expansao-curadoria,destino_editorial_expansao,alocar_em_lote_expansao,"Recurso preservado no acervo físico para detalhamento e curadoria na expansão curricular.",metadados_catalogo,evid-fonte-aula-kaiser-220-13-as-rosas-nao-falam-choro,""
aula-kaiser-221-14-sampa-caetano-veloso,arq-0776,,,dest-expansao-curadoria,destino_editorial_expansao,alocar_em_lote_expansao,"Recurso preservado no acervo físico para detalhamento e curadoria na expansão curricular.",metadados_catalogo,evid-fonte-aula-kaiser-221-14-sampa-caetano-veloso,""
aula-kaiser-222-15-wave-tom-jobim-bossa-nova,arq-0780,,,dest-expansao-curadoria,destino_editorial_expansao,alocar_em_lote_expansao,"Recurso preservado no acervo físico para detalhamento e curadoria na expansão curricular.",legenda_indexada,evid-fonte-aula-kaiser-222-15-wave-tom-jobim-bossa-nova,""
aula-kaiser-223-16-sons-de-carrilhoes-joao-pernambuco-ch,arq-0783,,,dest-expansao-curadoria,destino_editorial_expansao,alocar_em_lote_expansao,"Recurso preservado no acervo físico para detalhamento e curadoria na expansão curricular.",legenda_indexada,evid-fonte-aula-kaiser-223-16-sons-de-carrilhoes-joao-pernambuco-ch,""
aula-kaiser-224-17-bachianinha-n-2-paulinho-nogueira,arq-0787,,,dest-expansao-curadoria,destino_editorial_expansao,alocar_em_lote_expansao,"Recurso preservado no acervo físico para detalhamento e curadoria na expansão curricular.",legenda_indexada,evid-fonte-aula-kaiser-224-17-bachianinha-n-2-paulinho-nogueira,""
aula-kaiser-225-18-piano-som-arranjo-de-robson-miguel,arq-0791,,,dest-expansao-curadoria,destino_editorial_expansao,alocar_em_lote_expansao,"Recurso preservado no acervo físico para detalhamento e curadoria na expansão curricular.",metadados_catalogo,evid-fonte-aula-kaiser-225-18-piano-som-arranjo-de-robson-miguel,""
aula-kaiser-226-19-lamentos-pixinguinha,arq-0795,,,dest-expansao-curadoria,destino_editorial_expansao,alocar_em_lote_expansao,"Recurso preservado no acervo físico para detalhamento e curadoria na expansão curricular.",metadados_catalogo,evid-fonte-aula-kaiser-226-19-lamentos-pixinguinha,"contem_arquivos_part"
aula-kaiser-227-2-piratas-do-caribe-tema-do-filme-finger,arq-0803,,,dest-expansao-curadoria,destino_editorial_expansao,alocar_em_lote_expansao,"Recurso preservado no acervo físico para detalhamento e curadoria na expansão curricular.",legenda_indexada,evid-fonte-aula-kaiser-227-2-piratas-do-caribe-tema-do-filme-finger,"contem_arquivos_part"
aula-kaiser-228-20-trem-das-onze-samba,arq-0808,,,dest-expansao-curadoria,destino_editorial_expansao,alocar_em_lote_expansao,"Recurso preservado no acervo físico para detalhamento e curadoria na expansão curricular.",legenda_indexada,evid-fonte-aula-kaiser-228-20-trem-das-onze-samba,""
aula-kaiser-229-21-sonata-ao-luar-beethoven,arq-0812,,,dest-expansao-curadoria,destino_editorial_expansao,alocar_em_lote_expansao,"Recurso preservado no acervo físico para detalhamento e curadoria na expansão curricular.",legenda_indexada,evid-fonte-aula-kaiser-229-21-sonata-ao-luar-beethoven,""
aula-kaiser-230-22-evidencias-chitaozinho-xororo,arq-0818,,,dest-expansao-curadoria,destino_editorial_expansao,alocar_em_lote_expansao,"Recurso preservado no acervo físico para detalhamento e curadoria na expansão curricular.",legenda_indexada,evid-fonte-aula-kaiser-230-22-evidencias-chitaozinho-xororo,""
aula-kaiser-231-23-baiao-do-meio-dia-marcos-kaiser,arq-0825,,,dest-expansao-curadoria,destino_editorial_expansao,alocar_em_lote_expansao,"Recurso preservado no acervo físico para detalhamento e curadoria na expansão curricular.",legenda_indexada,evid-fonte-aula-kaiser-231-23-baiao-do-meio-dia-marcos-kaiser,""
aula-kaiser-232-24-saudosa-maloca-samba,arq-0832,,,dest-expansao-curadoria,destino_editorial_expansao,alocar_em_lote_expansao,"Recurso preservado no acervo físico para detalhamento e curadoria na expansão curricular.",legenda_indexada,evid-fonte-aula-kaiser-232-24-saudosa-maloca-samba,""
aula-kaiser-233-25-preciso-me-encontrar-versao-cartola,arq-0839,,,dest-expansao-curadoria,destino_editorial_expansao,alocar_em_lote_expansao,"Recurso preservado no acervo físico para detalhamento e curadoria na expansão curricular.",legenda_indexada,evid-fonte-aula-kaiser-233-25-preciso-me-encontrar-versao-cartola,""
aula-kaiser-234-26-naquela-mesa-choro,arq-0842,,,dest-expansao-curadoria,destino_editorial_expansao,alocar_em_lote_expansao,"Recurso preservado no acervo físico para detalhamento e curadoria na expansão curricular.",metadados_catalogo,evid-fonte-aula-kaiser-234-26-naquela-mesa-choro,""
aula-kaiser-235-27-o-astronauta-baden-powell,arq-0845,,,dest-expansao-curadoria,destino_editorial_expansao,alocar_em_lote_expansao,"Recurso preservado no acervo físico para detalhamento e curadoria na expansão curricular.",metadados_catalogo,evid-fonte-aula-kaiser-235-27-o-astronauta-baden-powell,""
aula-kaiser-236-28-chorrindo-marcos-kaiser,arq-0848,,,dest-expansao-curadoria,destino_editorial_expansao,alocar_em_lote_expansao,"Recurso preservado no acervo físico para detalhamento e curadoria na expansão curricular.",metadados_catalogo,evid-fonte-aula-kaiser-236-28-chorrindo-marcos-kaiser,""
aula-kaiser-237-29-brejeiro-e-nazareth-choro,arq-0851,,,dest-expansao-curadoria,destino_editorial_expansao,alocar_em_lote_expansao,"Recurso preservado no acervo físico para detalhamento e curadoria na expansão curricular.",legenda_indexada,evid-fonte-aula-kaiser-237-29-brejeiro-e-nazareth-choro,""
aula-kaiser-238-3-fingerpicking-blues-fingerstyle,arq-0853,,,dest-expansao-curadoria,destino_editorial_expansao,alocar_em_lote_expansao,"Recurso preservado no acervo físico para detalhamento e curadoria na expansão curricular.",metadados_catalogo,evid-fonte-aula-kaiser-238-3-fingerpicking-blues-fingerstyle,""
aula-kaiser-239-30-on-the-road-blues,arq-0859,,,dest-expansao-curadoria,destino_editorial_expansao,alocar_em_lote_expansao,"Recurso preservado no acervo físico para detalhamento e curadoria na expansão curricular.",legenda_indexada,evid-fonte-aula-kaiser-239-30-on-the-road-blues,""
aula-kaiser-240-31-marcha-dos-marinheiros-americo-jacobi,arq-0862,,,dest-expansao-curadoria,destino_editorial_expansao,alocar_em_lote_expansao,"Recurso preservado no acervo físico para detalhamento e curadoria na expansão curricular.",metadados_catalogo,evid-fonte-aula-kaiser-240-31-marcha-dos-marinheiros-americo-jacobi,""
aula-kaiser-241-32-regra-tres-toquinho-vinicius,arq-0867,,,dest-expansao-curadoria,destino_editorial_expansao,alocar_em_lote_expansao,"Recurso preservado no acervo físico para detalhamento e curadoria na expansão curricular.",legenda_indexada,evid-fonte-aula-kaiser-241-32-regra-tres-toquinho-vinicius,""
aula-kaiser-242-33-odeon-nazareth-choro,arq-0870,,,dest-expansao-curadoria,destino_editorial_expansao,alocar_em_lote_expansao,"Recurso preservado no acervo físico para detalhamento e curadoria na expansão curricular.",legenda_indexada,evid-fonte-aula-kaiser-242-33-odeon-nazareth-choro,""
aula-kaiser-243-34-magoado-dilermando-reis-choro,arq-0872,,,dest-expansao-curadoria,destino_editorial_expansao,alocar_em_lote_expansao,"Recurso preservado no acervo físico para detalhamento e curadoria na expansão curricular.",metadados_catalogo,evid-fonte-aula-kaiser-243-34-magoado-dilermando-reis-choro,""
aula-kaiser-244-35-samba-triste-baden-powell,arq-0875,,,dest-expansao-curadoria,destino_editorial_expansao,alocar_em_lote_expansao,"Recurso preservado no acervo físico para detalhamento e curadoria na expansão curricular.",metadados_catalogo,evid-fonte-aula-kaiser-244-35-samba-triste-baden-powell,""
aula-kaiser-245-36-choro-n-1-villa-lobos,arq-0879,,,dest-expansao-curadoria,destino_editorial_expansao,alocar_em_lote_expansao,"Recurso preservado no acervo físico para detalhamento e curadoria na expansão curricular.",legenda_indexada,evid-fonte-aula-kaiser-245-36-choro-n-1-villa-lobos,""
aula-kaiser-246-37-noites-cariocas-jacob-do-bandolim,arq-0882,,,dest-expansao-curadoria,destino_editorial_expansao,alocar_em_lote_expansao,"Recurso preservado no acervo físico para detalhamento e curadoria na expansão curricular.",metadados_catalogo,evid-fonte-aula-kaiser-246-37-noites-cariocas-jacob-do-bandolim,""
aula-kaiser-247-38-tempo-de-crianca-dilermando-reis,arq-0885,,,dest-expansao-curadoria,destino_editorial_expansao,alocar_em_lote_expansao,"Recurso preservado no acervo físico para detalhamento e curadoria na expansão curricular.",metadados_catalogo,evid-fonte-aula-kaiser-247-38-tempo-de-crianca-dilermando-reis,""
aula-kaiser-248-39-bachianinha-n-1-paulinho-nogueira,arq-0888,,,dest-expansao-curadoria,destino_editorial_expansao,alocar_em_lote_expansao,"Recurso preservado no acervo físico para detalhamento e curadoria na expansão curricular.",legenda_indexada,evid-fonte-aula-kaiser-248-39-bachianinha-n-1-paulinho-nogueira,""
aula-kaiser-249-4-o-mundo-e-um-moinho-cartola,arq-0892,,,dest-expansao-curadoria,destino_editorial_expansao,alocar_em_lote_expansao,"Recurso preservado no acervo físico para detalhamento e curadoria na expansão curricular.",metadados_catalogo,evid-fonte-aula-kaiser-249-4-o-mundo-e-um-moinho-cartola,"contem_arquivos_part"
aula-kaiser-250-40-segundo-violao-da-bachianinha-n1,arq-0901,,,dest-expansao-curadoria,destino_editorial_expansao,alocar_em_lote_expansao,"Recurso preservado no acervo físico para detalhamento e curadoria na expansão curricular.",legenda_indexada,evid-fonte-aula-kaiser-250-40-segundo-violao-da-bachianinha-n1,""
aula-kaiser-251-41-grauna-choro,arq-0904,,,dest-expansao-curadoria,destino_editorial_expansao,alocar_em_lote_expansao,"Recurso preservado no acervo físico para detalhamento e curadoria na expansão curricular.",metadados_catalogo,evid-fonte-aula-kaiser-251-41-grauna-choro,""
aula-kaiser-252-42-feira-de-mangaio-forro,arq-0909,,,dest-expansao-curadoria,destino_editorial_expansao,alocar_em_lote_expansao,"Recurso preservado no acervo físico para detalhamento e curadoria na expansão curricular.",legenda_indexada,evid-fonte-aula-kaiser-252-42-feira-de-mangaio-forro,""
aula-kaiser-253-43-hino-nacional-brasileiro,arq-0913,,,dest-expansao-curadoria,destino_editorial_expansao,alocar_em_lote_expansao,"Recurso preservado no acervo físico para detalhamento e curadoria na expansão curricular.",legenda_indexada,evid-fonte-aula-kaiser-253-43-hino-nacional-brasileiro,""
aula-kaiser-254-5-estudo-n-1-de-villa-lobos-classico,arq-0915,,,dest-expansao-curadoria,destino_editorial_expansao,alocar_em_lote_expansao,"Recurso preservado no acervo físico para detalhamento e curadoria na expansão curricular.",metadados_catalogo,evid-fonte-aula-kaiser-254-5-estudo-n-1-de-villa-lobos-classico,""
aula-kaiser-255-6-blues-in-the-woods,arq-0922,,,dest-expansao-curadoria,destino_editorial_expansao,alocar_em_lote_expansao,"Recurso preservado no acervo físico para detalhamento e curadoria na expansão curricular.",legenda_indexada,evid-fonte-aula-kaiser-255-6-blues-in-the-woods,"contem_arquivos_part"
aula-kaiser-256-7-na-mosca-marcos-kaiser-choro,arq-0925,,,dest-expansao-curadoria,destino_editorial_expansao,alocar_em_lote_expansao,"Recurso preservado no acervo físico para detalhamento e curadoria na expansão curricular.",metadados_catalogo,evid-fonte-aula-kaiser-256-7-na-mosca-marcos-kaiser-choro,""
aula-kaiser-257-8-gotas-de-lagrimas-valsa,arq-0928,,,dest-expansao-curadoria,destino_editorial_expansao,alocar_em_lote_expansao,"Recurso preservado no acervo físico para detalhamento e curadoria na expansão curricular.",metadados_catalogo,evid-fonte-aula-kaiser-257-8-gotas-de-lagrimas-valsa,""
aula-kaiser-258-9-jesus-alegria-dos-homens-bach,arq-0930,,,dest-expansao-curadoria,destino_editorial_expansao,alocar_em_lote_expansao,"Recurso preservado no acervo físico para detalhamento e curadoria na expansão curricular.",metadados_catalogo,evid-fonte-aula-kaiser-258-9-jesus-alegria-dos-homens-bach,""
aula-mod-5-15,arq-1875,,,dest-expansao-curadoria,destino_editorial_expansao,alocar_em_lote_expansao,"Recurso preservado no acervo físico para detalhamento e curadoria na expansão curricular.",metadados_catalogo,evid-fonte-aula-mod-5-15,""
aula-mod-5-16,arq-1877,,,dest-expansao-curadoria,destino_editorial_expansao,alocar_em_lote_expansao,"Recurso preservado no acervo físico para detalhamento e curadoria na expansão curricular.",metadados_catalogo,evid-fonte-aula-mod-5-16,""
aula-mod-5-17,arq-1879,,,dest-expansao-curadoria,destino_editorial_expansao,alocar_em_lote_expansao,"Recurso preservado no acervo físico para detalhamento e curadoria na expansão curricular.",metadados_catalogo,evid-fonte-aula-mod-5-17,""
aula-mod-5-18,,,,dest-aguardando-backup,destino_editorial_aguardando,aguardar_auditoria_remota,"Entrada sem arquivos no backup local; requer verificação remota no Google Drive.",nao_inspecionado,evid-fonte-aula-mod-5-18,"sem_arquivos_locais; sem_link_remoto"
aula-mod-5-19,arq-1881,,,dest-expansao-curadoria,destino_editorial_expansao,alocar_em_lote_expansao,"Recurso preservado no acervo físico para detalhamento e curadoria na expansão curricular.",legenda_indexada,evid-fonte-aula-mod-5-19,""
aula-mod-5-22,,,,dest-aguardando-backup,destino_editorial_aguardando,aguardar_auditoria_remota,"Entrada sem arquivos no backup local; requer verificação remota no Google Drive.",nao_inspecionado,evid-fonte-aula-mod-5-22,"sem_arquivos_locais; sem_link_remoto"
aula-mod-5-23,,,,dest-aguardando-backup,destino_editorial_aguardando,aguardar_auditoria_remota,"Entrada sem arquivos no backup local; requer verificação remota no Google Drive.",nao_inspecionado,evid-fonte-aula-mod-5-23,"sem_arquivos_locais; sem_link_remoto"
aula-mod-5-2,,,,dest-aguardando-backup,destino_editorial_aguardando,aguardar_auditoria_remota,"Entrada sem arquivos no backup local; requer verificação remota no Google Drive.",nao_inspecionado,evid-fonte-aula-mod-5-2,"sem_arquivos_locais"
aula-mod-5-3,,,,dest-aguardando-backup,destino_editorial_aguardando,aguardar_auditoria_remota,"Entrada sem arquivos no backup local; requer verificação remota no Google Drive.",nao_inspecionado,evid-fonte-aula-mod-5-3,"sem_arquivos_locais"
aula-mod-5-4,,,,dest-aguardando-backup,destino_editorial_aguardando,aguardar_auditoria_remota,"Entrada sem arquivos no backup local; requer verificação remota no Google Drive.",nao_inspecionado,evid-fonte-aula-mod-5-4,"sem_arquivos_locais"
aula-mod-5-5,,,,dest-aguardando-backup,destino_editorial_aguardando,aguardar_auditoria_remota,"Entrada sem arquivos no backup local; requer verificação remota no Google Drive.",nao_inspecionado,evid-fonte-aula-mod-5-5,"sem_arquivos_locais"
aula-mod-5-6,,,,dest-aguardando-backup,destino_editorial_aguardando,aguardar_auditoria_remota,"Entrada sem arquivos no backup local; requer verificação remota no Google Drive.",nao_inspecionado,evid-fonte-aula-mod-5-6,"sem_arquivos_locais"
aula-mod-5-7,arq-1869,,,dest-expansao-curadoria,destino_editorial_expansao,alocar_em_lote_expansao,"Recurso preservado no acervo físico para detalhamento e curadoria na expansão curricular.",metadados_catalogo,evid-fonte-aula-mod-5-7,""
aula-mod-5-8,,,,dest-aguardando-backup,destino_editorial_aguardando,aguardar_auditoria_remota,"Entrada sem arquivos no backup local; requer verificação remota no Google Drive.",nao_inspecionado,evid-fonte-aula-mod-5-8,"sem_arquivos_locais"
aula-mod-5-27,,,,dest-aguardando-backup,destino_editorial_aguardando,aguardar_auditoria_remota,"Entrada sem arquivos no backup local; requer verificação remota no Google Drive.",nao_inspecionado,evid-fonte-aula-mod-5-27,"sem_arquivos_locais; sem_link_remoto"
aula-mod-5-28,,,,dest-aguardando-backup,destino_editorial_aguardando,aguardar_auditoria_remota,"Entrada sem arquivos no backup local; requer verificação remota no Google Drive.",nao_inspecionado,evid-fonte-aula-mod-5-28,"sem_arquivos_locais; sem_link_remoto"
aula-mod-5-9,,,,dest-aguardando-backup,destino_editorial_aguardando,aguardar_auditoria_remota,"Entrada sem arquivos no backup local; requer verificação remota no Google Drive.",nao_inspecionado,evid-fonte-aula-mod-5-9,"sem_arquivos_locais"
aula-mod-5-10,,,,dest-aguardando-backup,destino_editorial_aguardando,aguardar_auditoria_remota,"Entrada sem arquivos no backup local; requer verificação remota no Google Drive.",nao_inspecionado,evid-fonte-aula-mod-5-10,"sem_arquivos_locais"
aula-mod-5-31,,,,dest-aguardando-backup,destino_editorial_aguardando,aguardar_auditoria_remota,"Entrada sem arquivos no backup local; requer verificação remota no Google Drive.",nao_inspecionado,evid-fonte-aula-mod-5-31,"sem_arquivos_locais; sem_link_remoto"
aula-mod-5-34,arq-1898,,,dest-expansao-curadoria,destino_editorial_expansao,alocar_em_lote_expansao,"Recurso preservado no acervo físico para detalhamento e curadoria na expansão curricular.",legenda_indexada,evid-fonte-aula-mod-5-34,""
aula-mod-5-35,arq-1904,,,dest-expansao-curadoria,destino_editorial_expansao,alocar_em_lote_expansao,"Recurso preservado no acervo físico para detalhamento e curadoria na expansão curricular.",legenda_indexada,evid-fonte-aula-mod-5-35,""
aula-mod-5-11,,,,dest-aguardando-backup,destino_editorial_aguardando,aguardar_auditoria_remota,"Entrada sem arquivos no backup local; requer verificação remota no Google Drive.",nao_inspecionado,evid-fonte-aula-mod-5-11,"sem_arquivos_locais"
aula-mod-5-12,,,,dest-aguardando-backup,destino_editorial_aguardando,aguardar_auditoria_remota,"Entrada sem arquivos no backup local; requer verificação remota no Google Drive.",nao_inspecionado,evid-fonte-aula-mod-5-12,"sem_arquivos_locais"
aula-mod-5-13,arq-1873,,,dest-expansao-curadoria,destino_editorial_expansao,alocar_em_lote_expansao,"Recurso preservado no acervo físico para detalhamento e curadoria na expansão curricular.",metadados_catalogo,evid-fonte-aula-mod-5-13,""
aula-mod-9-1,,,,dest-aguardando-backup,destino_editorial_aguardando,aguardar_auditoria_remota,"Entrada sem arquivos no backup local; requer verificação remota no Google Drive.",nao_inspecionado,evid-fonte-aula-mod-9-1,"sem_arquivos_locais"
aula-mod-9-2,arq-2021,,,dest-expansao-curadoria,destino_editorial_expansao,alocar_em_lote_expansao,"Recurso preservado no acervo físico para detalhamento e curadoria na expansão curricular.",legenda_indexada,evid-fonte-aula-mod-9-2,""
aula-mod-9-3,arq-2023,,,dest-expansao-curadoria,destino_editorial_expansao,alocar_em_lote_expansao,"Recurso preservado no acervo físico para detalhamento e curadoria na expansão curricular.",legenda_indexada,evid-fonte-aula-mod-9-3,""
aula-mod-9-15,arq-2058,,,dest-expansao-curadoria,destino_editorial_expansao,alocar_em_lote_expansao,"Recurso preservado no acervo físico para detalhamento e curadoria na expansão curricular.",legenda_indexada,evid-fonte-aula-mod-9-15,""
aula-mod-9-5,,,,dest-aguardando-backup,destino_editorial_aguardando,aguardar_auditoria_remota,"Entrada sem arquivos no backup local; requer verificação remota no Google Drive.",nao_inspecionado,evid-fonte-aula-mod-9-5,"sem_arquivos_locais"
aula-mod-9-6,arq-2033,,,dest-expansao-curadoria,destino_editorial_expansao,alocar_em_lote_expansao,"Recurso preservado no acervo físico para detalhamento e curadoria na expansão curricular.",legenda_indexada,evid-fonte-aula-mod-9-6,""
aula-mod-9-7,,,,dest-aguardando-backup,destino_editorial_aguardando,aguardar_auditoria_remota,"Entrada sem arquivos no backup local; requer verificação remota no Google Drive.",nao_inspecionado,evid-fonte-aula-mod-9-7,"sem_arquivos_locais"
aula-mod-9-9,arq-2040,,,dest-expansao-curadoria,destino_editorial_expansao,alocar_em_lote_expansao,"Recurso preservado no acervo físico para detalhamento e curadoria na expansão curricular.",legenda_indexada,evid-fonte-aula-mod-9-9,""
aula-mod-11-1,arq-2085,,,dest-descarte-admin,destino_editorial_suporte,avaliar_descarte_administrativo,"Comunicado ou material de suporte da plataforma sem conteúdo instrumental.",metadados_catalogo,evid-fonte-aula-mod-11-1,"apenas_documentacao_sem_midia; item_administrativo; sem_link_remoto"
aula-mod-11-2,arq-2087,,,dest-expansao-curadoria,destino_editorial_expansao,alocar_em_lote_expansao,"Recurso preservado no acervo físico para detalhamento e curadoria na expansão curricular.",metadados_catalogo,evid-fonte-aula-mod-11-2,""
aula-kaiser-73-1-introducao-composicao-e-improvisacao,arq-0214,,,dest-expansao-curadoria,destino_editorial_expansao,alocar_em_lote_expansao,"Recurso preservado no acervo físico para detalhamento e curadoria na expansão curricular.",metadados_catalogo,evid-fonte-aula-kaiser-73-1-introducao-composicao-e-improvisacao,""
aula-kaiser-74-10-dica-de-composicao-domine-o-braco-do-,arq-0216,,,dest-expansao-curadoria,destino_editorial_expansao,alocar_em_lote_expansao,"Recurso preservado no acervo físico para detalhamento e curadoria na expansão curricular.",metadados_catalogo,evid-fonte-aula-kaiser-74-10-dica-de-composicao-domine-o-braco-do-,""
aula-kaiser-75-11-improviso-em-dominantes-secundarios,arq-0226,,,dest-expansao-curadoria,destino_editorial_expansao,alocar_em_lote_expansao,"Recurso preservado no acervo físico para detalhamento e curadoria na expansão curricular.",metadados_catalogo,evid-fonte-aula-kaiser-75-11-improviso-em-dominantes-secundarios,"contem_arquivos_part"
aula-kaiser-76-12-exemplo-de-improviso-em-dominantes-se,arq-0228,,,dest-expansao-curadoria,destino_editorial_expansao,alocar_em_lote_expansao,"Recurso preservado no acervo físico para detalhamento e curadoria na expansão curricular.",metadados_catalogo,evid-fonte-aula-kaiser-76-12-exemplo-de-improviso-em-dominantes-se,""
aula-kaiser-77-13-improviso-em-subdominantes-secundario,arq-0230,,,dest-expansao-curadoria,destino_editorial_expansao,alocar_em_lote_expansao,"Recurso preservado no acervo físico para detalhamento e curadoria na expansão curricular.",metadados_catalogo,evid-fonte-aula-kaiser-77-13-improviso-em-subdominantes-secundario,""
aula-kaiser-78-14-improviso-em-dominantes-substitutos-s,arq-0235,,,dest-expansao-curadoria,destino_editorial_expansao,alocar_em_lote_expansao,"Recurso preservado no acervo físico para detalhamento e curadoria na expansão curricular.",metadados_catalogo,evid-fonte-aula-kaiser-78-14-improviso-em-dominantes-substitutos-s,""
aula-kaiser-79-15-exemplo-de-improviso-em-dominantes-su,arq-0237,,,dest-expansao-curadoria,destino_editorial_expansao,alocar_em_lote_expansao,"Recurso preservado no acervo físico para detalhamento e curadoria na expansão curricular.",metadados_catalogo,evid-fonte-aula-kaiser-79-15-exemplo-de-improviso-em-dominantes-su,""
aula-kaiser-80-16-improvisacao-em-diminutos,arq-0243,,,dest-expansao-curadoria,destino_editorial_expansao,alocar_em_lote_expansao,"Recurso preservado no acervo físico para detalhamento e curadoria na expansão curricular.",metadados_catalogo,evid-fonte-aula-kaiser-80-16-improvisacao-em-diminutos,""
aula-kaiser-81-17-exemplo-de-improviso-em-diminutos,arq-0245,,,dest-expansao-curadoria,destino_editorial_expansao,alocar_em_lote_expansao,"Recurso preservado no acervo físico para detalhamento e curadoria na expansão curricular.",metadados_catalogo,evid-fonte-aula-kaiser-81-17-exemplo-de-improviso-em-diminutos,""
aula-kaiser-82-18-escalas-horizontais,arq-0247,,,dest-expansao-curadoria,destino_editorial_expansao,alocar_em_lote_expansao,"Recurso preservado no acervo físico para detalhamento e curadoria na expansão curricular.",metadados_catalogo,evid-fonte-aula-kaiser-82-18-escalas-horizontais,""
aula-kaiser-83-2-desenvolva-sua-musicalidade,arq-0249,,,dest-expansao-curadoria,destino_editorial_expansao,alocar_em_lote_expansao,"Recurso preservado no acervo físico para detalhamento e curadoria na expansão curricular.",metadados_catalogo,evid-fonte-aula-kaiser-83-2-desenvolva-sua-musicalidade,""
aula-kaiser-84-3-o-basico-do-basico,arq-0251,,,dest-expansao-curadoria,destino_editorial_expansao,alocar_em_lote_expansao,"Recurso preservado no acervo físico para detalhamento e curadoria na expansão curricular.",metadados_catalogo,evid-fonte-aula-kaiser-84-3-o-basico-do-basico,""
aula-kaiser-85-4-aplicacoes-do-modo-mixolidio-resolucao,arq-0255,,,dest-expansao-curadoria,destino_editorial_expansao,alocar_em_lote_expansao,"Recurso preservado no acervo físico para detalhamento e curadoria na expansão curricular.",metadados_catalogo,evid-fonte-aula-kaiser-85-4-aplicacoes-do-modo-mixolidio-resolucao,""
aula-kaiser-86-5-flamenco,arq-0257,,,dest-expansao-curadoria,destino_editorial_expansao,alocar_em_lote_expansao,"Recurso preservado no acervo físico para detalhamento e curadoria na expansão curricular.",metadados_catalogo,evid-fonte-aula-kaiser-86-5-flamenco,""
aula-kaiser-87-6-funk-blues,arq-0259,,,dest-expansao-curadoria,destino_editorial_expansao,alocar_em_lote_expansao,"Recurso preservado no acervo físico para detalhamento e curadoria na expansão curricular.",metadados_catalogo,evid-fonte-aula-kaiser-87-6-funk-blues,""
aula-kaiser-88-7-funk-com-modulacoes,arq-0261,,,dest-expansao-curadoria,destino_editorial_expansao,alocar_em_lote_expansao,"Recurso preservado no acervo físico para detalhamento e curadoria na expansão curricular.",metadados_catalogo,evid-fonte-aula-kaiser-88-7-funk-com-modulacoes,""
aula-kaiser-89-8-flamenco-cadencia-andaluza,arq-0268,,,dest-expansao-curadoria,destino_editorial_expansao,alocar_em_lote_expansao,"Recurso preservado no acervo físico para detalhamento e curadoria na expansão curricular.",legenda_indexada,evid-fonte-aula-kaiser-89-8-flamenco-cadencia-andaluza,""
aula-kaiser-90-9-samba,arq-0270,,,dest-expansao-curadoria,destino_editorial_expansao,alocar_em_lote_expansao,"Recurso preservado no acervo físico para detalhamento e curadoria na expansão curricular.",metadados_catalogo,evid-fonte-aula-kaiser-90-9-samba,""
aula-kaiser-91-1-crie-novos-acordes,arq-0272,,,dest-expansao-curadoria,destino_editorial_expansao,alocar_em_lote_expansao,"Recurso preservado no acervo físico para detalhamento e curadoria na expansão curricular.",metadados_catalogo,evid-fonte-aula-kaiser-91-1-crie-novos-acordes,""
aula-kaiser-92-2-padroes-ritmicos,arq-0274,,,dest-expansao-curadoria,destino_editorial_expansao,alocar_em_lote_expansao,"Recurso preservado no acervo físico para detalhamento e curadoria na expansão curricular.",metadados_catalogo,evid-fonte-aula-kaiser-92-2-padroes-ritmicos,""
aula-kaiser-93-3-inspiracao-harmonica,arq-0276,,,dest-expansao-curadoria,destino_editorial_expansao,alocar_em_lote_expansao,"Recurso preservado no acervo físico para detalhamento e curadoria na expansão curricular.",metadados_catalogo,evid-fonte-aula-kaiser-93-3-inspiracao-harmonica,""
aula-kaiser-94-4-composicao-precisa-de-treino,arq-0278,,,dest-expansao-curadoria,destino_editorial_expansao,alocar_em_lote_expansao,"Recurso preservado no acervo físico para detalhamento e curadoria na expansão curricular.",metadados_catalogo,evid-fonte-aula-kaiser-94-4-composicao-precisa-de-treino,""
aula-kaiser-115-1-209-arranjos-pra-violao,arq-0373,,,dest-expansao-curadoria,destino_editorial_expansao,alocar_em_lote_expansao,"Recurso preservado no acervo físico para detalhamento e curadoria na expansão curricular.",metadados_catalogo,evid-fonte-aula-kaiser-115-1-209-arranjos-pra-violao,"apenas_documentacao_sem_midia; sem_link_remoto"
aula-kaiser-116-1-ebook-a-arte-auditiva-do-violao,arq-0374,,,dest-expansao-curadoria,destino_editorial_expansao,alocar_em_lote_expansao,"Recurso preservado no acervo físico para detalhamento e curadoria na expansão curricular.",metadados_catalogo,evid-fonte-aula-kaiser-116-1-ebook-a-arte-auditiva-do-violao,"apenas_documentacao_sem_midia; sem_link_remoto"
aula-kaiser-129-2-escalas-do-blues,arq-0436,,,dest-expansao-curadoria,destino_editorial_expansao,alocar_em_lote_expansao,"Recurso preservado no acervo físico para detalhamento e curadoria na expansão curricular.",metadados_catalogo,evid-fonte-aula-kaiser-129-2-escalas-do-blues,""
aula-kaiser-130-3-bases-pra-solar-blues-maior,arq-0438,,,dest-expansao-curadoria,destino_editorial_expansao,alocar_em_lote_expansao,"Recurso preservado no acervo físico para detalhamento e curadoria na expansão curricular.",metadados_catalogo,evid-fonte-aula-kaiser-130-3-bases-pra-solar-blues-maior,""
aula-kaiser-131-4-bases-para-solar-blues-menor,arq-0440,,,dest-expansao-curadoria,destino_editorial_expansao,alocar_em_lote_expansao,"Recurso preservado no acervo físico para detalhamento e curadoria na expansão curricular.",metadados_catalogo,evid-fonte-aula-kaiser-131-4-bases-para-solar-blues-menor,""
aula-kaiser-132-5-turnarounds,arq-0444,,,dest-expansao-curadoria,destino_editorial_expansao,alocar_em_lote_expansao,"Recurso preservado no acervo físico para detalhamento e curadoria na expansão curricular.",metadados_catalogo,evid-fonte-aula-kaiser-132-5-turnarounds,"contem_arquivos_part"
aula-kaiser-133-6-ritmos-do-blues,arq-0446,,,dest-expansao-curadoria,destino_editorial_expansao,alocar_em_lote_expansao,"Recurso preservado no acervo físico para detalhamento e curadoria na expansão curricular.",metadados_catalogo,evid-fonte-aula-kaiser-133-6-ritmos-do-blues,""
aula-kaiser-134-7-exercicio-de-blues,arq-0449,,,dest-expansao-curadoria,destino_editorial_expansao,alocar_em_lote_expansao,"Recurso preservado no acervo físico para detalhamento e curadoria na expansão curricular.",metadados_catalogo,evid-fonte-aula-kaiser-134-7-exercicio-de-blues,""
aula-kaiser-135-8-aprenda-um-blues-fingerstyle,arq-0451,,,dest-expansao-curadoria,destino_editorial_expansao,alocar_em_lote_expansao,"Recurso preservado no acervo físico para detalhamento e curadoria na expansão curricular.",metadados_catalogo,evid-fonte-aula-kaiser-135-8-aprenda-um-blues-fingerstyle,""
aula-kaiser-259-1-choro-chorado-pra-paulinho-nogueira,arq-0933,,,dest-expansao-curadoria,destino_editorial_expansao,alocar_em_lote_expansao,"Recurso preservado no acervo físico para detalhamento e curadoria na expansão curricular.",metadados_catalogo,evid-fonte-aula-kaiser-259-1-choro-chorado-pra-paulinho-nogueira,""
aula-kaiser-260-2-jerry-s-breakdown-musica-country,arq-0936,,,dest-expansao-curadoria,destino_editorial_expansao,alocar_em_lote_expansao,"Recurso preservado no acervo físico para detalhamento e curadoria na expansão curricular.",metadados_catalogo,evid-fonte-aula-kaiser-260-2-jerry-s-breakdown-musica-country,""
aula-kaiser-261-3-luiza-tom-jobim-arranjo-raphael-rabell,arq-0940,,,dest-expansao-curadoria,destino_editorial_expansao,alocar_em_lote_expansao,"Recurso preservado no acervo físico para detalhamento e curadoria na expansão curricular.",legenda_indexada,evid-fonte-aula-kaiser-261-3-luiza-tom-jobim-arranjo-raphael-rabell,""
aula-kaiser-262-4-samba-em-preludio-versao-paulinho-nogu,arq-0946,,,dest-expansao-curadoria,destino_editorial_expansao,alocar_em_lote_expansao,"Recurso preservado no acervo físico para detalhamento e curadoria na expansão curricular.",legenda_indexada,evid-fonte-aula-kaiser-262-4-samba-em-preludio-versao-paulinho-nogu,""
aula-kaiser-263-5-lamentos-do-morro-garoto,arq-0949,,,dest-expansao-curadoria,destino_editorial_expansao,alocar_em_lote_expansao,"Recurso preservado no acervo físico para detalhamento e curadoria na expansão curricular.",metadados_catalogo,evid-fonte-aula-kaiser-263-5-lamentos-do-morro-garoto,""
aula-kaiser-264-6-cheio-de-dedos-guinga,arq-0952,,,dest-expansao-curadoria,destino_editorial_expansao,alocar_em_lote_expansao,"Recurso preservado no acervo físico para detalhamento e curadoria na expansão curricular.",metadados_catalogo,evid-fonte-aula-kaiser-264-6-cheio-de-dedos-guinga,""
aula-kaiser-265-7-tico-tico-no-fuba-zequinha-de-abreu,arq-0956,,,dest-expansao-curadoria,destino_editorial_expansao,alocar_em_lote_expansao,"Recurso preservado no acervo físico para detalhamento e curadoria na expansão curricular.",legenda_indexada,evid-fonte-aula-kaiser-265-7-tico-tico-no-fuba-zequinha-de-abreu,""
aula-kaiser-266-8-mediterranean-sundance-al-di-meola,arq-0959,,,dest-expansao-curadoria,destino_editorial_expansao,alocar_em_lote_expansao,"Recurso preservado no acervo físico para detalhamento e curadoria na expansão curricular.",metadados_catalogo,evid-fonte-aula-kaiser-266-8-mediterranean-sundance-al-di-meola,""
aula-mod-1-32,arq-1512,,,dest-expansao-curadoria,destino_editorial_expansao,alocar_em_lote_expansao,"Recurso preservado no acervo físico para detalhamento e curadoria na expansão curricular.",legenda_indexada,evid-fonte-aula-mod-1-32,""
aula-mod-1-33,arq-1514,,,dest-expansao-curadoria,destino_editorial_expansao,alocar_em_lote_expansao,"Recurso preservado no acervo físico para detalhamento e curadoria na expansão curricular.",legenda_indexada,evid-fonte-aula-mod-1-33,""
aula-mod-1-34,arq-1521,,,dest-expansao-curadoria,destino_editorial_expansao,alocar_em_lote_expansao,"Recurso preservado no acervo físico para detalhamento e curadoria na expansão curricular.",legenda_indexada,evid-fonte-aula-mod-1-34,""
aula-mod-1-35,arq-1525,,,dest-expansao-curadoria,destino_editorial_expansao,alocar_em_lote_expansao,"Recurso preservado no acervo físico para detalhamento e curadoria na expansão curricular.",legenda_indexada,evid-fonte-aula-mod-1-35,""
aula-mod-1-36,arq-1528,,,dest-expansao-curadoria,destino_editorial_expansao,alocar_em_lote_expansao,"Recurso preservado no acervo físico para detalhamento e curadoria na expansão curricular.",legenda_indexada,evid-fonte-aula-mod-1-36,""
aula-mod-1-37,arq-1531,,,dest-expansao-curadoria,destino_editorial_expansao,alocar_em_lote_expansao,"Recurso preservado no acervo físico para detalhamento e curadoria na expansão curricular.",legenda_indexada,evid-fonte-aula-mod-1-37,""
aula-mod-1-38,arq-1533,,,dest-expansao-curadoria,destino_editorial_expansao,alocar_em_lote_expansao,"Recurso preservado no acervo físico para detalhamento e curadoria na expansão curricular.",legenda_indexada,evid-fonte-aula-mod-1-38,""
aula-mod-1-39,arq-1535,,,dest-expansao-curadoria,destino_editorial_expansao,alocar_em_lote_expansao,"Recurso preservado no acervo físico para detalhamento e curadoria na expansão curricular.",legenda_indexada,evid-fonte-aula-mod-1-39,""
aula-mod-1-40,arq-1537,,,dest-expansao-curadoria,destino_editorial_expansao,alocar_em_lote_expansao,"Recurso preservado no acervo físico para detalhamento e curadoria na expansão curricular.",legenda_indexada,evid-fonte-aula-mod-1-40,""
aula-mod-1-41,arq-1540,,,dest-expansao-curadoria,destino_editorial_expansao,alocar_em_lote_expansao,"Recurso preservado no acervo físico para detalhamento e curadoria na expansão curricular.",legenda_indexada,evid-fonte-aula-mod-1-41,""
aula-mod-1-42,arq-1545,,,dest-expansao-curadoria,destino_editorial_expansao,alocar_em_lote_expansao,"Recurso preservado no acervo físico para detalhamento e curadoria na expansão curricular.",legenda_indexada,evid-fonte-aula-mod-1-42,""
aula-mod-1-44,arq-1555,,,dest-expansao-curadoria,destino_editorial_expansao,alocar_em_lote_expansao,"Recurso preservado no acervo físico para detalhamento e curadoria na expansão curricular.",legenda_indexada,evid-fonte-aula-mod-1-44,""
aula-mod-1-45,arq-1561,,,dest-expansao-curadoria,destino_editorial_expansao,alocar_em_lote_expansao,"Recurso preservado no acervo físico para detalhamento e curadoria na expansão curricular.",metadados_catalogo,evid-fonte-aula-mod-1-45,""
aula-mod-1-46,arq-1563,,,dest-expansao-curadoria,destino_editorial_expansao,alocar_em_lote_expansao,"Recurso preservado no acervo físico para detalhamento e curadoria na expansão curricular.",legenda_indexada,evid-fonte-aula-mod-1-46,""
aula-mod-2-27,arq-1658,,,dest-expansao-curadoria,destino_editorial_expansao,alocar_em_lote_expansao,"Recurso preservado no acervo físico para detalhamento e curadoria na expansão curricular.",legenda_indexada,evid-fonte-aula-mod-2-27,""
aula-mod-2-28,arq-1662,,,dest-expansao-curadoria,destino_editorial_expansao,alocar_em_lote_expansao,"Recurso preservado no acervo físico para detalhamento e curadoria na expansão curricular.",legenda_indexada,evid-fonte-aula-mod-2-28,""
aula-mod-2-29,arq-1665,,,dest-expansao-curadoria,destino_editorial_expansao,alocar_em_lote_expansao,"Recurso preservado no acervo físico para detalhamento e curadoria na expansão curricular.",legenda_indexada,evid-fonte-aula-mod-2-29,""
aula-mod-2-30,arq-1668,,,dest-expansao-curadoria,destino_editorial_expansao,alocar_em_lote_expansao,"Recurso preservado no acervo físico para detalhamento e curadoria na expansão curricular.",legenda_indexada,evid-fonte-aula-mod-2-30,""
aula-mod-2-31,arq-1670,,,dest-expansao-curadoria,destino_editorial_expansao,alocar_em_lote_expansao,"Recurso preservado no acervo físico para detalhamento e curadoria na expansão curricular.",legenda_indexada,evid-fonte-aula-mod-2-31,""
aula-mod-2-35,arq-1685,,,dest-expansao-curadoria,destino_editorial_expansao,alocar_em_lote_expansao,"Recurso preservado no acervo físico para detalhamento e curadoria na expansão curricular.",legenda_indexada,evid-fonte-aula-mod-2-35,""
aula-mod-2-37,arq-1690,,,dest-expansao-curadoria,destino_editorial_expansao,alocar_em_lote_expansao,"Recurso preservado no acervo físico para detalhamento e curadoria na expansão curricular.",legenda_indexada,evid-fonte-aula-mod-2-37,""
aula-mod-3-43,arq-1833,,,dest-quiz-plataforma,destino_editorial_quiz,manter_como_quiz_opcional,"Questionário interativo nativo da plataforma Hotmart sem arquivos multimídia locais.",legenda_indexada,evid-fonte-aula-mod-3-43,"quiz_plataforma"
aula-mod-3-1,,,,dest-aguardando-backup,destino_editorial_aguardando,aguardar_auditoria_remota,"Entrada sem arquivos no backup local; requer verificação remota no Google Drive.",nao_inspecionado,evid-fonte-aula-mod-3-1,"sem_arquivos_locais"
aula-mod-3-2,arq-1694,,,dest-expansao-curadoria,destino_editorial_expansao,alocar_em_lote_expansao,"Recurso preservado no acervo físico para detalhamento e curadoria na expansão curricular.",legenda_indexada,evid-fonte-aula-mod-3-2,""
aula-mod-3-3,arq-1696,,,dest-expansao-curadoria,destino_editorial_expansao,alocar_em_lote_expansao,"Recurso preservado no acervo físico para detalhamento e curadoria na expansão curricular.",legenda_indexada,evid-fonte-aula-mod-3-3,""
aula-mod-3-5,arq-1704,,,dest-expansao-curadoria,destino_editorial_expansao,alocar_em_lote_expansao,"Recurso preservado no acervo físico para detalhamento e curadoria na expansão curricular.",legenda_indexada,evid-fonte-aula-mod-3-5,""
aula-mod-3-6,arq-1707,,,dest-expansao-curadoria,destino_editorial_expansao,alocar_em_lote_expansao,"Recurso preservado no acervo físico para detalhamento e curadoria na expansão curricular.",legenda_indexada,evid-fonte-aula-mod-3-6,""
aula-mod-3-7,arq-1710,,,dest-expansao-curadoria,destino_editorial_expansao,alocar_em_lote_expansao,"Recurso preservado no acervo físico para detalhamento e curadoria na expansão curricular.",legenda_indexada,evid-fonte-aula-mod-3-7,""
aula-mod-3-8,arq-1712,,,dest-expansao-curadoria,destino_editorial_expansao,alocar_em_lote_expansao,"Recurso preservado no acervo físico para detalhamento e curadoria na expansão curricular.",legenda_indexada,evid-fonte-aula-mod-3-8,""
aula-mod-6-20,,,,dest-aguardando-backup,destino_editorial_aguardando,aguardar_auditoria_remota,"Entrada sem arquivos no backup local; requer verificação remota no Google Drive.",nao_inspecionado,evid-fonte-aula-mod-6-20,"sem_arquivos_locais; sem_link_remoto"
aula-mod-6-21,,,,dest-aguardando-backup,destino_editorial_aguardando,aguardar_auditoria_remota,"Entrada sem arquivos no backup local; requer verificação remota no Google Drive.",nao_inspecionado,evid-fonte-aula-mod-6-21,"sem_arquivos_locais; sem_link_remoto"
aula-mod-6-22,,,,dest-aguardando-backup,destino_editorial_aguardando,aguardar_auditoria_remota,"Entrada sem arquivos no backup local; requer verificação remota no Google Drive.",nao_inspecionado,evid-fonte-aula-mod-6-22,"sem_arquivos_locais; sem_link_remoto"
aula-mod-6-23,,,,dest-aguardando-backup,destino_editorial_aguardando,aguardar_auditoria_remota,"Entrada sem arquivos no backup local; requer verificação remota no Google Drive.",nao_inspecionado,evid-fonte-aula-mod-6-23,"sem_arquivos_locais; sem_link_remoto"
aula-mod-6-25,arq-1913,,,dest-expansao-curadoria,destino_editorial_expansao,alocar_em_lote_expansao,"Recurso preservado no acervo físico para detalhamento e curadoria na expansão curricular.",legenda_indexada,evid-fonte-aula-mod-6-25,""
aula-mod-6-4,,,,dest-aguardando-backup,destino_editorial_aguardando,aguardar_auditoria_remota,"Entrada sem arquivos no backup local; requer verificação remota no Google Drive.",nao_inspecionado,evid-fonte-aula-mod-6-4,"sem_arquivos_locais"
aula-mod-6-26,,,,dest-aguardando-backup,destino_editorial_aguardando,aguardar_auditoria_remota,"Entrada sem arquivos no backup local; requer verificação remota no Google Drive.",nao_inspecionado,evid-fonte-aula-mod-6-26,"sem_arquivos_locais; sem_link_remoto"
aula-mod-6-27,,,,dest-aguardando-backup,destino_editorial_aguardando,aguardar_auditoria_remota,"Entrada sem arquivos no backup local; requer verificação remota no Google Drive.",nao_inspecionado,evid-fonte-aula-mod-6-27,"sem_arquivos_locais; sem_link_remoto"
aula-mod-6-28,,,,dest-aguardando-backup,destino_editorial_aguardando,aguardar_auditoria_remota,"Entrada sem arquivos no backup local; requer verificação remota no Google Drive.",nao_inspecionado,evid-fonte-aula-mod-6-28,"sem_arquivos_locais; sem_link_remoto"
aula-mod-6-29,,,,dest-aguardando-backup,destino_editorial_aguardando,aguardar_auditoria_remota,"Entrada sem arquivos no backup local; requer verificação remota no Google Drive.",nao_inspecionado,evid-fonte-aula-mod-6-29,"sem_arquivos_locais; sem_link_remoto"
aula-mod-6-30,,,,dest-aguardando-backup,destino_editorial_aguardando,aguardar_auditoria_remota,"Entrada sem arquivos no backup local; requer verificação remota no Google Drive.",nao_inspecionado,evid-fonte-aula-mod-6-30,"sem_arquivos_locais; sem_link_remoto"